2025-09-02 14:29:57.628 [main] DEBUG org.jboss.logging - Logging Provider: org.jboss.logging.Slf4jLoggerProvider
2025-09-02 14:29:57.634 [main] DEBUG org.hibernate.type.BasicTypeRegistry - Adding type registration boolean -> org.hibernate.type.BooleanType@2a40cd94
2025-09-02 14:29:57.635 [main] DEBUG org.hibernate.type.BasicTypeRegistry - Adding type registration boolean -> org.hibernate.type.BooleanType@2a40cd94
2025-09-02 14:29:57.635 [main] DEBUG org.hibernate.type.BasicTypeRegistry - Adding type registration java.lang.Boolean -> org.hibernate.type.BooleanType@2a40cd94
2025-09-02 14:29:57.635 [main] DEBUG org.hibernate.type.BasicTypeRegistry - Adding type registration numeric_boolean -> org.hibernate.type.NumericBooleanType@70a9f84e
2025-09-02 14:29:57.635 [main] DEBUG org.hibernate.type.BasicTypeRegistry - Adding type registration true_false -> org.hibernate.type.TrueFalseType@276438c9
2025-09-02 14:29:57.636 [main] DEBUG org.hibernate.type.BasicTypeRegistry - Adding type registration yes_no -> org.hibernate.type.YesNoType@77a57272
2025-09-02 14:29:57.636 [main] DEBUG org.hibernate.type.BasicTypeRegistry - Adding type registration byte -> org.hibernate.type.ByteType@1efee8e7
2025-09-02 14:29:57.636 [main] DEBUG org.hibernate.type.BasicTypeRegistry - Adding type registration byte -> org.hibernate.type.ByteType@1efee8e7
2025-09-02 14:29:57.637 [main] DEBUG org.hibernate.type.BasicTypeRegistry - Adding type registration java.lang.Byte -> org.hibernate.type.ByteType@1efee8e7
2025-09-02 14:29:57.637 [main] DEBUG org.hibernate.type.BasicTypeRegistry - Adding type registration character -> org.hibernate.type.CharacterType@32cf48b7
2025-09-02 14:29:57.637 [main] DEBUG org.hibernate.type.BasicTypeRegistry - Adding type registration char -> org.hibernate.type.CharacterType@32cf48b7
2025-09-02 14:29:57.637 [main] DEBUG org.hibernate.type.BasicTypeRegistry - Adding type registration java.lang.Character -> org.hibernate.type.CharacterType@32cf48b7
2025-09-02 14:29:57.638 [main] DEBUG org.hibernate.type.BasicTypeRegistry - Adding type registration short -> org.hibernate.type.ShortType@290dbf45
2025-09-02 14:29:57.638 [main] DEBUG org.hibernate.type.BasicTypeRegistry - Adding type registration short -> org.hibernate.type.ShortType@290dbf45
2025-09-02 14:29:57.639 [main] DEBUG org.hibernate.type.BasicTypeRegistry - Adding type registration java.lang.Short -> org.hibernate.type.ShortType@290dbf45
2025-09-02 14:29:57.640 [main] DEBUG org.hibernate.type.BasicTypeRegistry - Adding type registration integer -> org.hibernate.type.IntegerType@70beb599
2025-09-02 14:29:57.640 [main] DEBUG org.hibernate.type.BasicTypeRegistry - Adding type registration int -> org.hibernate.type.IntegerType@70beb599
2025-09-02 14:29:57.640 [main] DEBUG org.hibernate.type.BasicTypeRegistry - Adding type registration java.lang.Integer -> org.hibernate.type.IntegerType@70beb599
2025-09-02 14:29:57.640 [main] DEBUG org.hibernate.type.BasicTypeRegistry - Adding type registration long -> org.hibernate.type.LongType@282003e1
2025-09-02 14:29:57.640 [main] DEBUG org.hibernate.type.BasicTypeRegistry - Adding type registration long -> org.hibernate.type.LongType@282003e1
2025-09-02 14:29:57.640 [main] DEBUG org.hibernate.type.BasicTypeRegistry - Adding type registration java.lang.Long -> org.hibernate.type.LongType@282003e1
2025-09-02 14:29:57.641 [main] DEBUG org.hibernate.type.BasicTypeRegistry - Adding type registration float -> org.hibernate.type.FloatType@1dd02175
2025-09-02 14:29:57.641 [main] DEBUG org.hibernate.type.BasicTypeRegistry - Adding type registration float -> org.hibernate.type.FloatType@1dd02175
2025-09-02 14:29:57.641 [main] DEBUG org.hibernate.type.BasicTypeRegistry - Adding type registration java.lang.Float -> org.hibernate.type.FloatType@1dd02175
2025-09-02 14:29:57.641 [main] DEBUG org.hibernate.type.BasicTypeRegistry - Adding type registration double -> org.hibernate.type.DoubleType@4ba2ca36
2025-09-02 14:29:57.641 [main] DEBUG org.hibernate.type.BasicTypeRegistry - Adding type registration double -> org.hibernate.type.DoubleType@4ba2ca36
2025-09-02 14:29:57.641 [main] DEBUG org.hibernate.type.BasicTypeRegistry - Adding type registration java.lang.Double -> org.hibernate.type.DoubleType@4ba2ca36
2025-09-02 14:29:57.642 [main] DEBUG org.hibernate.type.BasicTypeRegistry - Adding type registration big_decimal -> org.hibernate.type.BigDecimalType@1445d7f
2025-09-02 14:29:57.642 [main] DEBUG org.hibernate.type.BasicTypeRegistry - Adding type registration java.math.BigDecimal -> org.hibernate.type.BigDecimalType@1445d7f
2025-09-02 14:29:57.642 [main] DEBUG org.hibernate.type.BasicTypeRegistry - Adding type registration big_integer -> org.hibernate.type.BigIntegerType@10b48321
2025-09-02 14:29:57.642 [main] DEBUG org.hibernate.type.BasicTypeRegistry - Adding type registration java.math.BigInteger -> org.hibernate.type.BigIntegerType@10b48321
2025-09-02 14:29:57.643 [main] DEBUG org.hibernate.type.BasicTypeRegistry - Adding type registration string -> org.hibernate.type.StringType@442675e1
2025-09-02 14:29:57.643 [main] DEBUG org.hibernate.type.BasicTypeRegistry - Adding type registration java.lang.String -> org.hibernate.type.StringType@442675e1
2025-09-02 14:29:57.643 [main] DEBUG org.hibernate.type.BasicTypeRegistry - Adding type registration url -> org.hibernate.type.UrlType@3d3fcdb0
2025-09-02 14:29:57.643 [main] DEBUG org.hibernate.type.BasicTypeRegistry - Adding type registration java.net.URL -> org.hibernate.type.UrlType@3d3fcdb0
2025-09-02 14:29:57.644 [main] DEBUG org.hibernate.type.BasicTypeRegistry - Adding type registration date -> org.hibernate.type.DateType@59717824
2025-09-02 14:29:57.644 [main] DEBUG org.hibernate.type.BasicTypeRegistry - Adding type registration java.sql.Date -> org.hibernate.type.DateType@59717824
2025-09-02 14:29:57.645 [main] DEBUG org.hibernate.type.BasicTypeRegistry - Adding type registration time -> org.hibernate.type.TimeType@646be2c3
2025-09-02 14:29:57.645 [main] DEBUG org.hibernate.type.BasicTypeRegistry - Adding type registration java.sql.Time -> org.hibernate.type.TimeType@646be2c3
2025-09-02 14:29:57.645 [main] DEBUG org.hibernate.type.BasicTypeRegistry - Adding type registration timestamp -> org.hibernate.type.TimestampType@78a2da20
2025-09-02 14:29:57.645 [main] DEBUG org.hibernate.type.BasicTypeRegistry - Adding type registration java.sql.Timestamp -> org.hibernate.type.TimestampType@78a2da20
2025-09-02 14:29:57.645 [main] DEBUG org.hibernate.type.BasicTypeRegistry - Adding type registration java.util.Date -> org.hibernate.type.TimestampType@78a2da20
2025-09-02 14:29:57.646 [main] DEBUG org.hibernate.type.BasicTypeRegistry - Adding type registration dbtimestamp -> org.hibernate.type.DbTimestampType@58fdd99
2025-09-02 14:29:57.646 [main] DEBUG org.hibernate.type.BasicTypeRegistry - Adding type registration calendar -> org.hibernate.type.CalendarType@7364985f
2025-09-02 14:29:57.646 [main] DEBUG org.hibernate.type.BasicTypeRegistry - Adding type registration java.util.Calendar -> org.hibernate.type.CalendarType@7364985f
2025-09-02 14:29:57.646 [main] DEBUG org.hibernate.type.BasicTypeRegistry - Adding type registration java.util.GregorianCalendar -> org.hibernate.type.CalendarType@7364985f
2025-09-02 14:29:57.646 [main] DEBUG org.hibernate.type.BasicTypeRegistry - Adding type registration calendar_date -> org.hibernate.type.CalendarDateType@3d36e4cd
2025-09-02 14:29:57.647 [main] DEBUG org.hibernate.type.BasicTypeRegistry - Adding type registration locale -> org.hibernate.type.LocaleType@b7f23d9
2025-09-02 14:29:57.647 [main] DEBUG org.hibernate.type.BasicTypeRegistry - Adding type registration java.util.Locale -> org.hibernate.type.LocaleType@b7f23d9
2025-09-02 14:29:57.647 [main] DEBUG org.hibernate.type.BasicTypeRegistry - Adding type registration currency -> org.hibernate.type.CurrencyType@f0f2775
2025-09-02 14:29:57.647 [main] DEBUG org.hibernate.type.BasicTypeRegistry - Adding type registration java.util.Currency -> org.hibernate.type.CurrencyType@f0f2775
2025-09-02 14:29:57.647 [main] DEBUG org.hibernate.type.BasicTypeRegistry - Adding type registration timezone -> org.hibernate.type.TimeZoneType@4d49af10
2025-09-02 14:29:57.647 [main] DEBUG org.hibernate.type.BasicTypeRegistry - Adding type registration java.util.TimeZone -> org.hibernate.type.TimeZoneType@4d49af10
2025-09-02 14:29:57.647 [main] DEBUG org.hibernate.type.BasicTypeRegistry - Adding type registration class -> org.hibernate.type.ClassType@351d0846
2025-09-02 14:29:57.647 [main] DEBUG org.hibernate.type.BasicTypeRegistry - Adding type registration java.lang.Class -> org.hibernate.type.ClassType@351d0846
2025-09-02 14:29:57.648 [main] DEBUG org.hibernate.type.BasicTypeRegistry - Adding type registration uuid-binary -> org.hibernate.type.UUIDBinaryType@64d2d351
2025-09-02 14:29:57.648 [main] DEBUG org.hibernate.type.BasicTypeRegistry - Adding type registration java.util.UUID -> org.hibernate.type.UUIDBinaryType@64d2d351
2025-09-02 14:29:57.648 [main] DEBUG org.hibernate.type.BasicTypeRegistry - Adding type registration uuid-char -> org.hibernate.type.UUIDCharType@3b2c72c2
2025-09-02 14:29:57.648 [main] DEBUG org.hibernate.type.BasicTypeRegistry - Adding type registration pg-uuid -> org.hibernate.type.PostgresUUIDType@2b4a2ec7
2025-09-02 14:29:57.649 [main] DEBUG org.hibernate.type.BasicTypeRegistry - Adding type registration binary -> org.hibernate.type.BinaryType@c8e4bb0
2025-09-02 14:29:57.649 [main] DEBUG org.hibernate.type.BasicTypeRegistry - Adding type registration byte[] -> org.hibernate.type.BinaryType@c8e4bb0
2025-09-02 14:29:57.649 [main] DEBUG org.hibernate.type.BasicTypeRegistry - Adding type registration [B -> org.hibernate.type.BinaryType@c8e4bb0
2025-09-02 14:29:57.649 [main] DEBUG org.hibernate.type.BasicTypeRegistry - Adding type registration wrapper-binary -> org.hibernate.type.WrapperBinaryType@7bb58ca3
2025-09-02 14:29:57.649 [main] DEBUG org.hibernate.type.BasicTypeRegistry - Adding type registration Byte[] -> org.hibernate.type.WrapperBinaryType@7bb58ca3
2025-09-02 14:29:57.649 [main] DEBUG org.hibernate.type.BasicTypeRegistry - Adding type registration [Ljava.lang.Byte; -> org.hibernate.type.WrapperBinaryType@7bb58ca3
2025-09-02 14:29:57.649 [main] DEBUG org.hibernate.type.BasicTypeRegistry - Adding type registration image -> org.hibernate.type.ImageType@61009542
2025-09-02 14:29:57.650 [main] DEBUG org.hibernate.type.BasicTypeRegistry - Adding type registration characters -> org.hibernate.type.CharArrayType@44a664f2
2025-09-02 14:29:57.650 [main] DEBUG org.hibernate.type.BasicTypeRegistry - Adding type registration char[] -> org.hibernate.type.CharArrayType@44a664f2
2025-09-02 14:29:57.650 [main] DEBUG org.hibernate.type.BasicTypeRegistry - Adding type registration [C -> org.hibernate.type.CharArrayType@44a664f2
2025-09-02 14:29:57.650 [main] DEBUG org.hibernate.type.BasicTypeRegistry - Adding type registration wrapper-characters -> org.hibernate.type.CharacterArrayType@15bb6bea
2025-09-02 14:29:57.650 [main] DEBUG org.hibernate.type.BasicTypeRegistry - Adding type registration [Ljava.lang.Character; -> org.hibernate.type.CharacterArrayType@15bb6bea
2025-09-02 14:29:57.650 [main] DEBUG org.hibernate.type.BasicTypeRegistry - Adding type registration Character[] -> org.hibernate.type.CharacterArrayType@15bb6bea
2025-09-02 14:29:57.650 [main] DEBUG org.hibernate.type.BasicTypeRegistry - Adding type registration text -> org.hibernate.type.TextType@41ee392b
2025-09-02 14:29:57.651 [main] DEBUG org.hibernate.type.BasicTypeRegistry - Adding type registration blob -> org.hibernate.type.BlobType@52e677af
2025-09-02 14:29:57.652 [main] DEBUG org.hibernate.type.BasicTypeRegistry - Adding type registration java.sql.Blob -> org.hibernate.type.BlobType@52e677af
2025-09-02 14:29:57.652 [main] DEBUG org.hibernate.type.BasicTypeRegistry - Adding type registration materialized_blob -> org.hibernate.type.MaterializedBlobType@341b80b2
2025-09-02 14:29:57.653 [main] DEBUG org.hibernate.type.BasicTypeRegistry - Adding type registration clob -> org.hibernate.type.ClobType@2c34f934
2025-09-02 14:29:57.653 [main] DEBUG org.hibernate.type.BasicTypeRegistry - Adding type registration java.sql.Clob -> org.hibernate.type.ClobType@2c34f934
2025-09-02 14:29:57.653 [main] DEBUG org.hibernate.type.BasicTypeRegistry - Adding type registration materialized_clob -> org.hibernate.type.MaterializedClobType@25a65b77
2025-09-02 14:29:57.653 [main] DEBUG org.hibernate.type.BasicTypeRegistry - Adding type registration serializable -> org.hibernate.type.SerializableType@2aece37d
2025-09-02 14:29:57.654 [main] DEBUG org.hibernate.type.BasicTypeRegistry - Adding type registration object -> org.hibernate.type.ObjectType@2d9d4f9d
2025-09-02 14:29:57.654 [main] DEBUG org.hibernate.type.BasicTypeRegistry - Adding type registration java.lang.Object -> org.hibernate.type.ObjectType@2d9d4f9d
2025-09-02 14:29:57.654 [main] DEBUG org.hibernate.type.BasicTypeRegistry - Adding type registration imm_date -> org.hibernate.type.AdaptedImmutableType@14ec4505
2025-09-02 14:29:57.654 [main] DEBUG org.hibernate.type.BasicTypeRegistry - Adding type registration imm_time -> org.hibernate.type.AdaptedImmutableType@53ca01a2
2025-09-02 14:29:57.654 [main] DEBUG org.hibernate.type.BasicTypeRegistry - Adding type registration imm_timestamp -> org.hibernate.type.AdaptedImmutableType@358c99f5
2025-09-02 14:29:57.654 [main] DEBUG org.hibernate.type.BasicTypeRegistry - Adding type registration imm_dbtimestamp -> org.hibernate.type.AdaptedImmutableType@3ee0fea4
2025-09-02 14:29:57.654 [main] DEBUG org.hibernate.type.BasicTypeRegistry - Adding type registration imm_calendar -> org.hibernate.type.AdaptedImmutableType@48524010
2025-09-02 14:29:57.654 [main] DEBUG org.hibernate.type.BasicTypeRegistry - Adding type registration imm_calendar_date -> org.hibernate.type.AdaptedImmutableType@4b168fa9
2025-09-02 14:29:57.654 [main] DEBUG org.hibernate.type.BasicTypeRegistry - Adding type registration imm_binary -> org.hibernate.type.AdaptedImmutableType@1a84f40f
2025-09-02 14:29:57.655 [main] DEBUG org.hibernate.type.BasicTypeRegistry - Adding type registration imm_serializable -> org.hibernate.type.AdaptedImmutableType@23282c25
2025-09-02 14:29:57.661 [main] INFO  o.h.annotations.common.Version - HCANN000001: Hibernate Commons Annotations {4.0.1.Final}
2025-09-02 14:29:57.663 [main] INFO  org.hibernate.Version - HHH000412: Hibernate Core {4.1.3.Final}
2025-09-02 14:29:57.663 [main] INFO  org.hibernate.cfg.Environment - HHH000206: hibernate.properties not found
2025-09-02 14:29:57.664 [main] INFO  org.hibernate.cfg.Environment - HHH000021: Bytecode provider name : javassist
2025-09-02 14:29:57.669 [main] DEBUG o.h.i.f.i.DefaultIdentifierGeneratorFactory - Registering IdentifierGenerator strategy [uuid2] -> [org.hibernate.id.UUIDGenerator]
2025-09-02 14:29:57.669 [main] DEBUG o.h.i.f.i.DefaultIdentifierGeneratorFactory - Registering IdentifierGenerator strategy [guid] -> [org.hibernate.id.GUIDGenerator]
2025-09-02 14:29:57.669 [main] DEBUG o.h.i.f.i.DefaultIdentifierGeneratorFactory - Registering IdentifierGenerator strategy [uuid] -> [org.hibernate.id.UUIDHexGenerator]
2025-09-02 14:29:57.669 [main] DEBUG o.h.i.f.i.DefaultIdentifierGeneratorFactory - Registering IdentifierGenerator strategy [uuid.hex] -> [org.hibernate.id.UUIDHexGenerator]
2025-09-02 14:29:57.669 [main] DEBUG o.h.i.f.i.DefaultIdentifierGeneratorFactory - Registering IdentifierGenerator strategy [hilo] -> [org.hibernate.id.TableHiLoGenerator]
2025-09-02 14:29:57.669 [main] DEBUG o.h.i.f.i.DefaultIdentifierGeneratorFactory - Registering IdentifierGenerator strategy [assigned] -> [org.hibernate.id.Assigned]
2025-09-02 14:29:57.670 [main] DEBUG o.h.i.f.i.DefaultIdentifierGeneratorFactory - Registering IdentifierGenerator strategy [identity] -> [org.hibernate.id.IdentityGenerator]
2025-09-02 14:29:57.670 [main] DEBUG o.h.i.f.i.DefaultIdentifierGeneratorFactory - Registering IdentifierGenerator strategy [select] -> [org.hibernate.id.SelectGenerator]
2025-09-02 14:29:57.670 [main] DEBUG o.h.i.f.i.DefaultIdentifierGeneratorFactory - Registering IdentifierGenerator strategy [sequence] -> [org.hibernate.id.SequenceGenerator]
2025-09-02 14:29:57.670 [main] DEBUG o.h.i.f.i.DefaultIdentifierGeneratorFactory - Registering IdentifierGenerator strategy [seqhilo] -> [org.hibernate.id.SequenceHiLoGenerator]
2025-09-02 14:29:57.670 [main] DEBUG o.h.i.f.i.DefaultIdentifierGeneratorFactory - Registering IdentifierGenerator strategy [increment] -> [org.hibernate.id.IncrementGenerator]
2025-09-02 14:29:57.671 [main] DEBUG o.h.i.f.i.DefaultIdentifierGeneratorFactory - Registering IdentifierGenerator strategy [foreign] -> [org.hibernate.id.ForeignGenerator]
2025-09-02 14:29:57.671 [main] DEBUG o.h.i.f.i.DefaultIdentifierGeneratorFactory - Registering IdentifierGenerator strategy [sequence-identity] -> [org.hibernate.id.SequenceIdentityGenerator]
2025-09-02 14:29:57.671 [main] DEBUG o.h.i.f.i.DefaultIdentifierGeneratorFactory - Registering IdentifierGenerator strategy [enhanced-sequence] -> [org.hibernate.id.enhanced.SequenceStyleGenerator]
2025-09-02 14:29:57.671 [main] DEBUG o.h.i.f.i.DefaultIdentifierGeneratorFactory - Registering IdentifierGenerator strategy [enhanced-table] -> [org.hibernate.id.enhanced.TableGenerator]
2025-09-02 14:29:57.675 [main] DEBUG o.h.i.internal.IntegratorServiceImpl - Adding Integrator [org.hibernate.cfg.beanvalidation.BeanValidationIntegrator].
2025-09-02 14:29:57.682 [main] DEBUG org.hibernate.cfg.Configuration - Preparing to build session factory with filters : {}
2025-09-02 14:29:57.691 [main] DEBUG org.hibernate.cfg.Configuration - Processing hbm.xml files
2025-09-02 14:29:57.691 [main] DEBUG org.hibernate.cfg.Configuration - Process annotated classes
2025-09-02 14:29:57.692 [main] DEBUG org.hibernate.cfg.AnnotationBinder - Binding entity from annotated class: org.atomhopper.adapter.jpa.PersistedFeed
2025-09-02 14:29:57.699 [main] DEBUG org.hibernate.cfg.Ejb3Column - Binding column: Ejb3DiscriminatorColumn{logicalColumnName'DTYPE', discriminatorTypeName='string'}
2025-09-02 14:29:57.699 [main] DEBUG org.hibernate.cfg.AnnotationBinder - No value specified for 'javax.persistence.sharedCache.mode'; using UNSPECIFIED
2025-09-02 14:29:57.700 [main] DEBUG o.h.cfg.annotations.EntityBinder - Import with entity name PersistedFeed
2025-09-02 14:29:57.701 [main] DEBUG o.h.cfg.annotations.EntityBinder - Bind entity org.atomhopper.adapter.jpa.PersistedFeed on table Feeds
2025-09-02 14:29:57.710 [main] DEBUG org.hibernate.cfg.Ejb3Column - Binding column: Ejb3Column{table=org.hibernate.mapping.Table(Feeds), mappingColumn=Name, insertable=true, updatable=true, unique=false}
2025-09-02 14:29:57.711 [main] DEBUG o.h.cfg.annotations.PropertyBinder - MetadataSourceProcessor property name with lazy=false
2025-09-02 14:29:57.711 [main] DEBUG o.h.c.annotations.SimpleValueBinder - building SimpleValue for name
2025-09-02 14:29:57.712 [main] DEBUG o.h.cfg.annotations.PropertyBinder - Building property name
2025-09-02 14:29:57.716 [main] DEBUG org.hibernate.cfg.Ejb3Column - Binding column: Ejb3JoinColumn{logicalColumnName='null', referencedColumn='null', mappedBy='feed'}
2025-09-02 14:29:57.716 [main] DEBUG org.hibernate.cfg.Ejb3Column - Binding column: Ejb3Column{table=org.hibernate.mapping.Table(Feeds), mappingColumn=entries, insertable=true, updatable=true, unique=false}
2025-09-02 14:29:57.716 [main] DEBUG org.hibernate.cfg.Ejb3Column - Binding column: Ejb3Column{table=org.hibernate.mapping.Table(Feeds), mappingColumn=null, insertable=true, updatable=true, unique=false}
2025-09-02 14:29:57.719 [main] DEBUG org.hibernate.cfg.Ejb3Column - Binding column: Ejb3Column{table=org.hibernate.mapping.Table(Feeds), mappingColumn=element, insertable=true, updatable=true, unique=false}
2025-09-02 14:29:57.719 [main] DEBUG org.hibernate.cfg.Ejb3Column - Binding column: Ejb3Column{table=org.hibernate.mapping.Table(Feeds), mappingColumn=entries_KEY, insertable=true, updatable=true, unique=false}
2025-09-02 14:29:57.719 [main] DEBUG org.hibernate.cfg.Ejb3Column - Binding column: Ejb3JoinColumn{logicalColumnName='entries_KEY', referencedColumn='null', mappedBy='null'}
2025-09-02 14:29:57.720 [main] DEBUG org.hibernate.cfg.Ejb3Column - Binding column: Ejb3JoinColumn{logicalColumnName='null', referencedColumn='null', mappedBy='feed'}
2025-09-02 14:29:57.720 [main] DEBUG org.hibernate.cfg.Ejb3Column - Binding column: Ejb3JoinColumn{logicalColumnName='null', referencedColumn='null', mappedBy='feed'}
2025-09-02 14:29:57.720 [main] DEBUG o.h.cfg.annotations.CollectionBinder - Collection role: org.atomhopper.adapter.jpa.PersistedFeed.entries
2025-09-02 14:29:57.721 [main] DEBUG o.h.cfg.annotations.PropertyBinder - Building property entries
2025-09-02 14:29:57.721 [main] DEBUG org.hibernate.cfg.Ejb3Column - Binding column: Ejb3Column{table=org.hibernate.mapping.Table(Feeds), mappingColumn=FeedID, insertable=true, updatable=true, unique=false}
2025-09-02 14:29:57.721 [main] DEBUG o.h.cfg.annotations.PropertyBinder - MetadataSourceProcessor property feedId with lazy=false
2025-09-02 14:29:57.721 [main] DEBUG o.h.c.annotations.SimpleValueBinder - building SimpleValue for feedId
2025-09-02 14:29:57.721 [main] DEBUG o.h.cfg.annotations.PropertyBinder - Building property feedId
2025-09-02 14:29:57.721 [main] DEBUG org.hibernate.cfg.AnnotationBinder - Binding entity from annotated class: org.atomhopper.adapter.jpa.PersistedEntry
2025-09-02 14:29:57.722 [main] DEBUG org.hibernate.cfg.Ejb3Column - Binding column: Ejb3DiscriminatorColumn{logicalColumnName'DTYPE', discriminatorTypeName='string'}
2025-09-02 14:29:57.722 [main] DEBUG org.hibernate.cfg.AnnotationBinder - No value specified for 'javax.persistence.sharedCache.mode'; using UNSPECIFIED
2025-09-02 14:29:57.722 [main] DEBUG o.h.cfg.annotations.EntityBinder - Import with entity name PersistedEntry
2025-09-02 14:29:57.722 [main] DEBUG o.h.cfg.annotations.EntityBinder - Bind entity org.atomhopper.adapter.jpa.PersistedEntry on table Entries
2025-09-02 14:29:57.727 [main] DEBUG org.hibernate.cfg.Ejb3Column - Binding column: Ejb3Column{table=org.hibernate.mapping.Table(Entries), mappingColumn=EntryID, insertable=true, updatable=true, unique=false}
2025-09-02 14:29:57.728 [main] DEBUG o.h.cfg.annotations.PropertyBinder - MetadataSourceProcessor property entryId with lazy=false
2025-09-02 14:29:57.728 [main] DEBUG o.h.c.annotations.SimpleValueBinder - building SimpleValue for entryId
2025-09-02 14:29:57.728 [main] DEBUG o.h.cfg.annotations.PropertyBinder - Building property entryId
2025-09-02 14:29:57.728 [main] DEBUG org.hibernate.cfg.Ejb3Column - Binding column: Ejb3Column{table=org.hibernate.mapping.Table(Entries), mappingColumn=null, insertable=true, updatable=true, unique=false}
2025-09-02 14:29:57.728 [main] DEBUG org.hibernate.cfg.Ejb3Column - Binding column: Ejb3Column{table=org.hibernate.mapping.Table(Entries), mappingColumn=element, insertable=true, updatable=true, unique=false}
2025-09-02 14:29:57.728 [main] DEBUG org.hibernate.cfg.Ejb3Column - Binding column: Ejb3Column{table=org.hibernate.mapping.Table(Entries), mappingColumn=categories_KEY, insertable=true, updatable=true, unique=false}
2025-09-02 14:29:57.728 [main] DEBUG org.hibernate.cfg.Ejb3Column - Binding column: Ejb3JoinColumn{logicalColumnName='categories_KEY', referencedColumn='null', mappedBy='null'}
2025-09-02 14:29:57.728 [main] DEBUG org.hibernate.cfg.Ejb3Column - Binding column: Ejb3JoinColumn{logicalColumnName='entryId', referencedColumn='EntryID', mappedBy=''}
2025-09-02 14:29:57.728 [main] DEBUG org.hibernate.cfg.Ejb3Column - Binding column: Ejb3JoinColumn{logicalColumnName='category', referencedColumn='Term', mappedBy=''}
2025-09-02 14:29:57.729 [main] DEBUG o.h.cfg.annotations.CollectionBinder - Collection role: org.atomhopper.adapter.jpa.PersistedEntry.categories
2025-09-02 14:29:57.729 [main] DEBUG o.h.cfg.annotations.PropertyBinder - Building property categories
2025-09-02 14:29:57.729 [main] DEBUG org.hibernate.cfg.Ejb3Column - Binding column: Ejb3Column{table=org.hibernate.mapping.Table(Entries), mappingColumn=CreationDate, insertable=true, updatable=true, unique=false}
2025-09-02 14:29:57.729 [main] DEBUG o.h.cfg.annotations.PropertyBinder - MetadataSourceProcessor property creationDate with lazy=false
2025-09-02 14:29:57.730 [main] DEBUG o.h.c.annotations.SimpleValueBinder - building SimpleValue for creationDate
2025-09-02 14:29:57.730 [main] DEBUG o.h.cfg.annotations.PropertyBinder - Building property creationDate
2025-09-02 14:29:57.730 [main] DEBUG org.hibernate.cfg.Ejb3Column - Binding column: Ejb3Column{table=org.hibernate.mapping.Table(Entries), mappingColumn=DateLastUpdated, insertable=true, updatable=true, unique=false}
2025-09-02 14:29:57.730 [main] DEBUG o.h.cfg.annotations.PropertyBinder - MetadataSourceProcessor property dateLastUpdated with lazy=false
2025-09-02 14:29:57.730 [main] DEBUG o.h.c.annotations.SimpleValueBinder - building SimpleValue for dateLastUpdated
2025-09-02 14:29:57.730 [main] DEBUG o.h.cfg.annotations.PropertyBinder - Building property dateLastUpdated
2025-09-02 14:29:57.730 [main] DEBUG org.hibernate.cfg.Ejb3Column - Binding column: Ejb3Column{table=org.hibernate.mapping.Table(Entries), mappingColumn=EntryBody, insertable=true, updatable=true, unique=false}
2025-09-02 14:29:57.730 [main] DEBUG o.h.cfg.annotations.PropertyBinder - MetadataSourceProcessor property entryBody with lazy=false
2025-09-02 14:29:57.731 [main] DEBUG o.h.c.annotations.SimpleValueBinder - building SimpleValue for entryBody
2025-09-02 14:29:57.731 [main] DEBUG o.h.cfg.annotations.PropertyBinder - Building property entryBody
2025-09-02 14:29:57.731 [main] DEBUG org.hibernate.cfg.Ejb3Column - Binding column: Ejb3JoinColumn{logicalColumnName='Feed', referencedColumn='', mappedBy=''}
2025-09-02 14:29:57.731 [main] DEBUG org.hibernate.cfg.Ejb3Column - Binding column: Ejb3Column{table=org.hibernate.mapping.Table(Entries), mappingColumn=feed, insertable=true, updatable=true, unique=false}
2025-09-02 14:29:57.731 [main] DEBUG o.h.cfg.annotations.PropertyBinder - Building property feed
2025-09-02 14:29:57.731 [main] DEBUG org.hibernate.cfg.AnnotationBinder - Binding entity from annotated class: org.atomhopper.adapter.jpa.PersistedCategory
2025-09-02 14:29:57.731 [main] DEBUG org.hibernate.cfg.Ejb3Column - Binding column: Ejb3DiscriminatorColumn{logicalColumnName'DTYPE', discriminatorTypeName='string'}
2025-09-02 14:29:57.731 [main] DEBUG org.hibernate.cfg.AnnotationBinder - No value specified for 'javax.persistence.sharedCache.mode'; using UNSPECIFIED
2025-09-02 14:29:57.731 [main] DEBUG o.h.cfg.annotations.EntityBinder - Import with entity name PersistedCategory
2025-09-02 14:29:57.731 [main] DEBUG o.h.cfg.annotations.EntityBinder - Bind entity org.atomhopper.adapter.jpa.PersistedCategory on table Categories
2025-09-02 14:29:57.732 [main] DEBUG org.hibernate.cfg.Ejb3Column - Binding column: Ejb3Column{table=org.hibernate.mapping.Table(Categories), mappingColumn=Term, insertable=true, updatable=true, unique=false}
2025-09-02 14:29:57.732 [main] DEBUG o.h.cfg.annotations.PropertyBinder - MetadataSourceProcessor property term with lazy=false
2025-09-02 14:29:57.732 [main] DEBUG o.h.c.annotations.SimpleValueBinder - building SimpleValue for term
2025-09-02 14:29:57.732 [main] DEBUG o.h.cfg.annotations.PropertyBinder - Building property term
2025-09-02 14:29:57.732 [main] DEBUG org.hibernate.cfg.Ejb3Column - Binding column: Ejb3Column{table=org.hibernate.mapping.Table(Categories), mappingColumn=null, insertable=true, updatable=true, unique=false}
2025-09-02 14:29:57.733 [main] DEBUG org.hibernate.cfg.Ejb3Column - Binding column: Ejb3Column{table=org.hibernate.mapping.Table(Categories), mappingColumn=element, insertable=true, updatable=true, unique=false}
2025-09-02 14:29:57.733 [main] DEBUG org.hibernate.cfg.Ejb3Column - Binding column: Ejb3Column{table=org.hibernate.mapping.Table(Categories), mappingColumn=feedEntries_KEY, insertable=true, updatable=true, unique=false}
2025-09-02 14:29:57.733 [main] DEBUG org.hibernate.cfg.Ejb3Column - Binding column: Ejb3JoinColumn{logicalColumnName='feedEntries_KEY', referencedColumn='null', mappedBy='null'}
2025-09-02 14:29:57.733 [main] DEBUG org.hibernate.cfg.Ejb3Column - Binding column: Ejb3JoinColumn{logicalColumnName='null', referencedColumn='null', mappedBy='categories'}
2025-09-02 14:29:57.733 [main] DEBUG org.hibernate.cfg.Ejb3Column - Binding column: Ejb3JoinColumn{logicalColumnName='null', referencedColumn='null', mappedBy='categories'}
2025-09-02 14:29:57.733 [main] DEBUG o.h.cfg.annotations.CollectionBinder - Collection role: org.atomhopper.adapter.jpa.PersistedCategory.feedEntries
2025-09-02 14:29:57.733 [main] DEBUG o.h.cfg.annotations.PropertyBinder - Building property feedEntries
2025-09-02 14:29:57.733 [main] DEBUG o.h.c.annotations.SimpleValueBinder - Setting SimpleValue typeName for name
2025-09-02 14:29:57.733 [main] DEBUG o.h.c.annotations.SimpleValueBinder - Setting SimpleValue typeName for feedId
2025-09-02 14:29:57.733 [main] DEBUG o.h.c.annotations.SimpleValueBinder - Setting SimpleValue typeName for entryId
2025-09-02 14:29:57.733 [main] DEBUG o.h.c.annotations.SimpleValueBinder - Setting SimpleValue typeName for creationDate
2025-09-02 14:29:57.733 [main] DEBUG o.h.c.annotations.SimpleValueBinder - Setting SimpleValue typeName for dateLastUpdated
2025-09-02 14:29:57.733 [main] DEBUG o.h.c.annotations.SimpleValueBinder - Setting SimpleValue typeName for entryBody
2025-09-02 14:29:57.733 [main] DEBUG o.h.c.annotations.SimpleValueBinder - Setting SimpleValue typeName for term
2025-09-02 14:29:57.733 [main] DEBUG org.hibernate.cfg.Configuration - Processing fk mappings (*ToOne and JoinedSubclass)
2025-09-02 14:29:57.735 [main] DEBUG org.hibernate.cfg.Configuration - Processing extends queue
2025-09-02 14:29:57.735 [main] DEBUG org.hibernate.cfg.Configuration - Processing extends queue
2025-09-02 14:29:57.735 [main] DEBUG org.hibernate.cfg.Configuration - Processing collection mappings
2025-09-02 14:29:57.735 [main] DEBUG o.hibernate.cfg.CollectionSecondPass - Second pass for collection: org.atomhopper.adapter.jpa.PersistedEntry.categories
2025-09-02 14:29:57.735 [main] DEBUG o.h.cfg.annotations.CollectionBinder - Binding as ManyToMany: org.atomhopper.adapter.jpa.PersistedEntry.categories
2025-09-02 14:29:57.736 [main] DEBUG o.hibernate.cfg.CollectionSecondPass - Mapped collection key: entryId, element: category
2025-09-02 14:29:57.736 [main] DEBUG o.hibernate.cfg.CollectionSecondPass - Second pass for collection: org.atomhopper.adapter.jpa.PersistedFeed.entries
2025-09-02 14:29:57.736 [main] DEBUG o.h.cfg.annotations.CollectionBinder - Binding a OneToMany: org.atomhopper.adapter.jpa.PersistedFeed.entries through a foreign key
2025-09-02 14:29:57.737 [main] DEBUG o.h.cfg.annotations.CollectionBinder - Mapping collection: org.atomhopper.adapter.jpa.PersistedFeed.entries -> Entries
2025-09-02 14:29:57.737 [main] DEBUG o.h.cfg.annotations.TableBinder - Retrieving property org.atomhopper.adapter.jpa.PersistedEntry.feed
2025-09-02 14:29:57.737 [main] DEBUG o.hibernate.cfg.CollectionSecondPass - Mapped collection key: Feed, one-to-many: org.atomhopper.adapter.jpa.PersistedEntry
2025-09-02 14:29:57.737 [main] DEBUG o.hibernate.cfg.CollectionSecondPass - Second pass for collection: org.atomhopper.adapter.jpa.PersistedCategory.feedEntries
2025-09-02 14:29:57.737 [main] DEBUG o.h.cfg.annotations.CollectionBinder - Binding as ManyToMany: org.atomhopper.adapter.jpa.PersistedCategory.feedEntries
2025-09-02 14:29:57.737 [main] DEBUG o.h.cfg.annotations.TableBinder - Retrieving property org.atomhopper.adapter.jpa.PersistedEntry.categories
2025-09-02 14:29:57.737 [main] DEBUG o.hibernate.cfg.CollectionSecondPass - Mapped collection key: category, element: entryId
2025-09-02 14:29:57.737 [main] DEBUG org.hibernate.cfg.Configuration - Processing native query and ResultSetMapping mappings
2025-09-02 14:29:57.737 [main] DEBUG org.hibernate.cfg.Configuration - Processing association property references
2025-09-02 14:29:57.737 [main] DEBUG org.hibernate.cfg.Configuration - Processing foreign key constraints
2025-09-02 14:29:57.737 [main] DEBUG org.hibernate.cfg.Configuration - Resolving reference to class: org.atomhopper.adapter.jpa.PersistedCategory
2025-09-02 14:29:57.737 [main] DEBUG org.hibernate.cfg.Configuration - Resolving reference to class: org.atomhopper.adapter.jpa.PersistedEntry
2025-09-02 14:29:57.737 [main] DEBUG org.hibernate.cfg.Configuration - Resolving reference to class: org.atomhopper.adapter.jpa.PersistedFeed
2025-09-02 14:29:57.740 [main] INFO  o.h.s.j.c.i.DriverManagerConnectionProviderImpl - HHH000402: Using Hibernate built-in connection pool (not for production use!)
2025-09-02 14:29:57.741 [main] INFO  o.h.s.j.c.i.DriverManagerConnectionProviderImpl - HHH000115: Hibernate connection pool size: 20
2025-09-02 14:29:57.741 [main] INFO  o.h.s.j.c.i.DriverManagerConnectionProviderImpl - HHH000006: Autocommit mode: false
2025-09-02 14:29:57.741 [main] INFO  o.h.s.j.c.i.DriverManagerConnectionProviderImpl - HHH000401: using driver [org.h2.Driver] at URL [jdbc:h2:mem:WhenOperatingInParallel]
2025-09-02 14:29:57.741 [main] INFO  o.h.s.j.c.i.DriverManagerConnectionProviderImpl - HHH000046: Connection properties: {user=sa, password=}
2025-09-02 14:29:57.747 [main] DEBUG o.h.s.j.c.i.DriverManagerConnectionProviderImpl - Opening new JDBC connection
2025-09-02 14:29:57.841 [main] DEBUG o.h.s.j.c.i.DriverManagerConnectionProviderImpl - Created connection to: jdbc:h2:mem:WhenOperatingInParallel, Isolation Level: 2
2025-09-02 14:29:57.842 [main] DEBUG o.h.e.jdbc.internal.JdbcServicesImpl - Database ->
       name : H2
    version : 2.1.210 (2022-01-17)
      major : 2
      minor : 1
2025-09-02 14:29:57.842 [main] DEBUG o.h.e.jdbc.internal.JdbcServicesImpl - Driver ->
       name : H2 JDBC Driver
    version : 2.1.210 (2022-01-17)
      major : 2
      minor : 1
2025-09-02 14:29:57.842 [main] DEBUG o.h.e.jdbc.internal.JdbcServicesImpl - JDBC version : 4.2
2025-09-02 14:29:57.851 [main] INFO  org.hibernate.dialect.Dialect - HHH000400: Using dialect: org.hibernate.dialect.H2Dialect
2025-09-02 14:29:57.884 [main] DEBUG org.hibernate.cfg.SettingsFactory - Automatic flush during beforeCompletion(): disabled
2025-09-02 14:29:57.884 [main] DEBUG org.hibernate.cfg.SettingsFactory - Automatic session close at end of transaction: disabled
2025-09-02 14:29:57.884 [main] DEBUG org.hibernate.cfg.SettingsFactory - JDBC batch size: 15
2025-09-02 14:29:57.884 [main] DEBUG org.hibernate.cfg.SettingsFactory - JDBC batch updates for versioned data: disabled
2025-09-02 14:29:57.884 [main] DEBUG org.hibernate.cfg.SettingsFactory - Scrollable result sets: enabled
2025-09-02 14:29:57.884 [main] DEBUG org.hibernate.cfg.SettingsFactory - Wrap result sets: disabled
2025-09-02 14:29:57.884 [main] DEBUG org.hibernate.cfg.SettingsFactory - JDBC3 getGeneratedKeys(): enabled
2025-09-02 14:29:57.884 [main] DEBUG org.hibernate.cfg.SettingsFactory - Connection release mode: auto
2025-09-02 14:29:57.884 [main] INFO  o.h.e.t.i.TransactionFactoryInitiator - HHH000399: Using default transaction strategy (direct JDBC transactions)
2025-09-02 14:29:57.885 [main] DEBUG org.hibernate.cfg.SettingsFactory - Default batch fetch size: 1
2025-09-02 14:29:57.885 [main] DEBUG org.hibernate.cfg.SettingsFactory - Generate SQL with comments: disabled
2025-09-02 14:29:57.885 [main] DEBUG org.hibernate.cfg.SettingsFactory - Order SQL updates by primary key: disabled
2025-09-02 14:29:57.885 [main] DEBUG org.hibernate.cfg.SettingsFactory - Order SQL inserts for batching: disabled
2025-09-02 14:29:57.885 [main] DEBUG org.hibernate.cfg.SettingsFactory - Query translator: org.hibernate.hql.internal.ast.ASTQueryTranslatorFactory
2025-09-02 14:29:57.886 [main] INFO  o.h.h.i.a.ASTQueryTranslatorFactory - HHH000397: Using ASTQueryTranslatorFactory
2025-09-02 14:29:57.886 [main] DEBUG org.hibernate.cfg.SettingsFactory - Query language substitutions: {}
2025-09-02 14:29:57.886 [main] DEBUG org.hibernate.cfg.SettingsFactory - JPA-QL strict compliance: disabled
2025-09-02 14:29:57.886 [main] DEBUG org.hibernate.cfg.SettingsFactory - Second-level cache: enabled
2025-09-02 14:29:57.886 [main] DEBUG org.hibernate.cfg.SettingsFactory - Query cache: disabled
2025-09-02 14:29:57.886 [main] DEBUG org.hibernate.cfg.SettingsFactory - Cache region factory : org.hibernate.cache.internal.NoCachingRegionFactory
2025-09-02 14:29:57.886 [main] DEBUG org.hibernate.cfg.SettingsFactory - org.hibernate.cache.internal.NoCachingRegionFactory did not provide constructor accepting java.util.Properties; attempting no-arg constructor.
2025-09-02 14:29:57.886 [main] DEBUG org.hibernate.cfg.SettingsFactory - Optimize cache for minimal puts: disabled
2025-09-02 14:29:57.886 [main] DEBUG org.hibernate.cfg.SettingsFactory - Structured second-level cache entries: disabled
2025-09-02 14:29:57.886 [main] DEBUG org.hibernate.cfg.SettingsFactory - Statistics: disabled
2025-09-02 14:29:57.886 [main] DEBUG org.hibernate.cfg.SettingsFactory - Deleted entity synthetic identifier rollback: disabled
2025-09-02 14:29:57.886 [main] DEBUG org.hibernate.cfg.SettingsFactory - Default entity-mode: pojo
2025-09-02 14:29:57.886 [main] DEBUG org.hibernate.cfg.SettingsFactory - Named query checking : enabled
2025-09-02 14:29:57.886 [main] DEBUG org.hibernate.cfg.SettingsFactory - Check Nullability in Core (should be disabled when Bean Validation is on): enabled
2025-09-02 14:29:57.886 [main] DEBUG org.hibernate.cfg.SettingsFactory - multi-tenancy strategy : NONE
2025-09-02 14:29:57.890 [main] DEBUG o.h.internal.SessionFactoryImpl - Building session factory
2025-09-02 14:29:57.892 [main] DEBUG o.h.internal.SessionFactoryImpl - Session factory constructed with filter configurations : {}
2025-09-02 14:29:57.892 [main] DEBUG o.h.internal.SessionFactoryImpl - Instantiating session factory with properties: {java.runtime.name=OpenJDK Runtime Environment, hibernate.connection.password=, sun.boot.library.path=/Users/srihari.kalthireddy/.sdkman/candidates/java/8.0.462-amzn/jre/lib, java.vm.version=25.462-b08, hibernate.connection.username=sa, gopherProxySet=false, java.vm.vendor=Amazon.com Inc., java.vendor.url=https://aws.amazon.com/corretto/, path.separator=:, java.vm.name=OpenJDK 64-Bit Server VM, file.encoding.pkg=sun.io, user.country=IN, sun.java.launcher=SUN_STANDARD, sun.os.patch.level=unknown, java.vm.specification.name=Java Virtual Machine Specification, user.dir=/Users/srihari.kalthireddy/projects/atom-hopper/adapters/hibernate, java.runtime.version=1.8.0_462-b08, java.awt.graphicsenv=sun.awt.CGraphicsEnvironment, basedir=/Users/srihari.kalthireddy/projects/atom-hopper/adapters/hibernate, java.endorsed.dirs=/Users/srihari.kalthireddy/.sdkman/candidates/java/8.0.462-amzn/jre/lib/endorsed, os.arch=aarch64, surefire.real.class.path=/Users/srihari.kalthireddy/projects/atom-hopper/adapters/hibernate/target/surefire/surefirebooter7093617471829027574.jar, java.io.tmpdir=/var/folders/dt/wtf24ks508b73xsrhxp8vh_80000gp/T/, line.separator=
, java.vm.specification.vendor=Oracle Corporation, os.name=Mac OS X, sun.jnu.encoding=UTF-8, java.library.path=/Users/srihari.kalthireddy/Library/Java/Extensions:/Library/Java/Extensions:/Network/Library/Java/Extensions:/System/Library/Java/Extensions:/usr/lib/java:., surefire.test.class.path=/Users/srihari.kalthireddy/projects/atom-hopper/adapters/hibernate/target/test-classes:/Users/srihari.kalthireddy/projects/atom-hopper/adapters/hibernate/target/classes:/Users/srihari.kalthireddy/projects/atom-hopper/hopper/target/core-1.2.35.jar:/Users/srihari.kalthireddy/.m2/repository/org/apache/abdera/abdera-server/1.1.2/abdera-server-1.1.2.jar:/Users/srihari.kalthireddy/.m2/repository/org/apache/abdera/abdera-parser/1.1.2/abdera-parser-1.1.2.jar:/Users/srihari.kalthireddy/.m2/repository/org/apache/ws/commons/axiom/axiom-impl/1.2.10/axiom-impl-1.2.10.jar:/Users/srihari.kalthireddy/.m2/repository/org/apache/ws/commons/axiom/axiom-api/1.2.10/axiom-api-1.2.10.jar:/Users/srihari.kalthireddy/.m2/repository/org/apache/geronimo/specs/geronimo-activation_1.1_spec/1.0.2/geronimo-activation_1.1_spec-1.0.2.jar:/Users/srihari.kalthireddy/.m2/repository/org/apache/geronimo/specs/geronimo-javamail_1.4_spec/1.6/geronimo-javamail_1.4_spec-1.6.jar:/Users/srihari.kalthireddy/.m2/repository/org/codehaus/woodstox/wstx-asl/3.2.6/wstx-asl-3.2.6.jar:/Users/srihari.kalthireddy/.m2/repository/jaxen/jaxen/1.1.1/jaxen-1.1.1.jar:/Users/srihari.kalthireddy/.m2/repository/xml-apis/xml-apis/1.4.01/xml-apis-1.4.01.jar:/Users/srihari.kalthireddy/.m2/repository/xerces/xercesImpl/2.12.2/xercesImpl-2.12.2.jar:/Users/srihari.kalthireddy/.m2/repository/javax/servlet/servlet-api/2.5/servlet-api-2.5.jar:/Users/srihari.kalthireddy/.m2/repository/javax/mail/mail/1.4/mail-1.4.jar:/Users/srihari.kalthireddy/.m2/repository/javax/activation/activation/1.1/activation-1.1.jar:/Users/srihari.kalthireddy/.m2/repository/org/apache/abdera/abdera-extensions-json/1.1.2/abdera-extensions-json-1.1.2.jar:/Users/srihari.kalthireddy/.m2/repository/org/apache/abdera/abdera-extensions-main/1.1.2/abdera-extensions-main-1.1.2.jar:/Users/srihari.kalthireddy/.m2/repository/org/apache/abdera/abdera-client/1.1.2/abdera-client-1.1.2.jar:/Users/srihari.kalthireddy/.m2/repository/commons-httpclient/commons-httpclient/3.1/commons-httpclient-3.1.jar:/Users/srihari.kalthireddy/.m2/repository/org/apache/abdera/abdera-extensions-html/1.1.2/abdera-extensions-html-1.1.2.jar:/Users/srihari.kalthireddy/.m2/repository/nu/validator/htmlparser/htmlparser/1.0.5/htmlparser-1.0.5.jar:/Users/srihari.kalthireddy/.m2/repository/org/springframework/spring-core/5.2.25.RELEASE/spring-core-5.2.25.RELEASE.jar:/Users/srihari.kalthireddy/.m2/repository/org/springframework/spring-jcl/5.2.25.RELEASE/spring-jcl-5.2.25.RELEASE.jar:/Users/srihari.kalthireddy/.m2/repository/org/springframework/spring-beans/5.2.25.RELEASE/spring-beans-5.2.25.RELEASE.jar:/Users/srihari.kalthireddy/.m2/repository/org/springframework/spring-context/5.2.25.RELEASE/spring-context-5.2.25.RELEASE.jar:/Users/srihari.kalthireddy/.m2/repository/org/springframework/spring-aop/5.2.25.RELEASE/spring-aop-5.2.25.RELEASE.jar:/Users/srihari.kalthireddy/.m2/repository/org/springframework/spring-expression/4.2.5.RELEASE/spring-expression-4.2.5.RELEASE.jar:/Users/srihari.kalthireddy/.m2/repository/org/springframework/spring-web/5.2.25.RELEASE/spring-web-5.2.25.RELEASE.jar:/Users/srihari.kalthireddy/.m2/repository/commons-lang/commons-lang/2.6/commons-lang-2.6.jar:/Users/srihari.kalthireddy/.m2/repository/com/google/code/gson/gson/2.8.9/gson-2.8.9.jar:/Users/srihari.kalthireddy/.m2/repository/ch/qos/logback/logback-classic/1.2.0/logback-classic-1.2.0.jar:/Users/srihari.kalthireddy/.m2/repository/ch/qos/logback/logback-core/1.2.9/logback-core-1.2.9.jar:/Users/srihari.kalthireddy/.m2/repository/me/moocar/logback-gelf/0.9.6/logback-gelf-0.9.6.jar:/Users/srihari.kalthireddy/.m2/repository/com/codahale/metrics/metrics-core/3.0.1/metrics-core-3.0.1.jar:/Users/srihari.kalthireddy/.m2/repository/com/codahale/metrics/metrics-graphite/3.0.1/metrics-graphite-3.0.1.jar:/Users/srihari.kalthireddy/.m2/repository/org/apache/tomcat/tomcat-jdbc/7.0.27/tomcat-jdbc-7.0.27.jar:/Users/srihari.kalthireddy/.m2/repository/org/apache/tomcat/tomcat-juli/7.0.27/tomcat-juli-7.0.27.jar:/Users/srihari.kalthireddy/.m2/repository/com/fasterxml/jackson/core/jackson-annotations/2.12.7/jackson-annotations-2.12.7.jar:/Users/srihari.kalthireddy/.m2/repository/com/fasterxml/jackson/core/jackson-databind/2.12.7.1/jackson-databind-2.12.7.1.jar:/Users/srihari.kalthireddy/.m2/repository/com/fasterxml/jackson/core/jackson-core/2.12.7/jackson-core-2.12.7.jar:/Users/srihari.kalthireddy/.m2/repository/org/hibernate/hibernate-core/4.1.3.Final/hibernate-core-4.1.3.Final.jar:/Users/srihari.kalthireddy/.m2/repository/antlr/antlr/2.7.7/antlr-2.7.7.jar:/Users/srihari.kalthireddy/.m2/repository/org/jboss/logging/jboss-logging/3.1.0.GA/jboss-logging-3.1.0.GA.jar:/Users/srihari.kalthireddy/.m2/repository/org/jboss/spec/javax/transaction/jboss-transaction-api_1.1_spec/1.0.0.Final/jboss-transaction-api_1.1_spec-1.0.0.Final.jar:/Users/srihari.kalthireddy/.m2/repository/dom4j/dom4j/1.6.1/dom4j-1.6.1.jar:/Users/srihari.kalthireddy/.m2/repository/org/hibernate/javax/persistence/hibernate-jpa-2.0-api/1.0.1.Final/hibernate-jpa-2.0-api-1.0.1.Final.jar:/Users/srihari.kalthireddy/.m2/repository/org/hibernate/common/hibernate-commons-annotations/4.0.1.Final/hibernate-commons-annotations-4.0.1.Final.jar:/Users/srihari.kalthireddy/.m2/repository/org/javassist/javassist/3.16.1-GA/javassist-3.16.1-GA.jar:/Users/srihari.kalthireddy/.m2/repository/com/h2database/h2/2.1.210/h2-2.1.210.jar:/Users/srihari.kalthireddy/.m2/repository/org/hibernate/hibernate-c3p0/4.1.3.Final/hibernate-c3p0-4.1.3.Final.jar:/Users/srihari.kalthireddy/.m2/repository/c3p0/c3p0/0.9.1/c3p0-0.9.1.jar:/Users/srihari.kalthireddy/.m2/repository/org/apache/abdera/abdera-core/1.1.2/abdera-core-1.1.2.jar:/Users/srihari.kalthireddy/.m2/repository/org/apache/abdera/abdera-i18n/1.1.2/abdera-i18n-1.1.2.jar:/Users/srihari.kalthireddy/.m2/repository/org/apache/geronimo/specs/geronimo-activation_1.0.2_spec/1.1/geronimo-activation_1.0.2_spec-1.1.jar:/Users/srihari.kalthireddy/.m2/repository/org/apache/geronimo/specs/geronimo-stax-api_1.0_spec/1.0.1/geronimo-stax-api_1.0_spec-1.0.1.jar:/Users/srihari.kalthireddy/.m2/repository/commons-codec/commons-codec/1.4/commons-codec-1.4.jar:/Users/srihari.kalthireddy/.m2/repository/commons-logging/commons-logging/1.0.4/commons-logging-1.0.4.jar:/Users/srihari.kalthireddy/.m2/repository/org/slf4j/slf4j-api/1.7.16/slf4j-api-1.7.16.jar:/Users/srihari.kalthireddy/.m2/repository/org/mockito/mockito-all/1.8.5/mockito-all-1.8.5.jar:/Users/srihari.kalthireddy/.m2/repository/junit/junit/4.13.1/junit-4.13.1.jar:/Users/srihari.kalthireddy/.m2/repository/org/hamcrest/hamcrest-core/1.3/hamcrest-core-1.3.jar:/Users/srihari.kalthireddy/.m2/repository/com/yammer/metrics/metrics-core/2.2.0/metrics-core-2.2.0.jar:, java.specification.name=Java Platform API Specification, java.class.version=52.0, sun.management.compiler=HotSpot 64-Bit Tiered Compilers, os.version=15.6, http.nonProxyHosts=local|*.local|169.254/16|*.169.254/16, user.home=/Users/srihari.kalthireddy, user.timezone=Asia/Kolkata, java.awt.printerjob=sun.lwawt.macosx.CPrinterJob, java.specification.version=1.8, file.encoding=UTF-8, hibernate.connection.driver_class=org.h2.Driver, user.name=srihari.kalthireddy, java.class.path=/Users/srihari.kalthireddy/projects/atom-hopper/adapters/hibernate/target/test-classes:/Users/srihari.kalthireddy/projects/atom-hopper/adapters/hibernate/target/classes:/Users/srihari.kalthireddy/projects/atom-hopper/hopper/target/core-1.2.35.jar:/Users/srihari.kalthireddy/.m2/repository/org/apache/abdera/abdera-server/1.1.2/abdera-server-1.1.2.jar:/Users/srihari.kalthireddy/.m2/repository/org/apache/abdera/abdera-parser/1.1.2/abdera-parser-1.1.2.jar:/Users/srihari.kalthireddy/.m2/repository/org/apache/ws/commons/axiom/axiom-impl/1.2.10/axiom-impl-1.2.10.jar:/Users/srihari.kalthireddy/.m2/repository/org/apache/ws/commons/axiom/axiom-api/1.2.10/axiom-api-1.2.10.jar:/Users/srihari.kalthireddy/.m2/repository/org/apache/geronimo/specs/geronimo-activation_1.1_spec/1.0.2/geronimo-activation_1.1_spec-1.0.2.jar:/Users/srihari.kalthireddy/.m2/repository/org/apache/geronimo/specs/geronimo-javamail_1.4_spec/1.6/geronimo-javamail_1.4_spec-1.6.jar:/Users/srihari.kalthireddy/.m2/repository/org/codehaus/woodstox/wstx-asl/3.2.6/wstx-asl-3.2.6.jar:/Users/srihari.kalthireddy/.m2/repository/jaxen/jaxen/1.1.1/jaxen-1.1.1.jar:/Users/srihari.kalthireddy/.m2/repository/xml-apis/xml-apis/1.4.01/xml-apis-1.4.01.jar:/Users/srihari.kalthireddy/.m2/repository/xerces/xercesImpl/2.12.2/xercesImpl-2.12.2.jar:/Users/srihari.kalthireddy/.m2/repository/javax/servlet/servlet-api/2.5/servlet-api-2.5.jar:/Users/srihari.kalthireddy/.m2/repository/javax/mail/mail/1.4/mail-1.4.jar:/Users/srihari.kalthireddy/.m2/repository/javax/activation/activation/1.1/activation-1.1.jar:/Users/srihari.kalthireddy/.m2/repository/org/apache/abdera/abdera-extensions-json/1.1.2/abdera-extensions-json-1.1.2.jar:/Users/srihari.kalthireddy/.m2/repository/org/apache/abdera/abdera-extensions-main/1.1.2/abdera-extensions-main-1.1.2.jar:/Users/srihari.kalthireddy/.m2/repository/org/apache/abdera/abdera-client/1.1.2/abdera-client-1.1.2.jar:/Users/srihari.kalthireddy/.m2/repository/commons-httpclient/commons-httpclient/3.1/commons-httpclient-3.1.jar:/Users/srihari.kalthireddy/.m2/repository/org/apache/abdera/abdera-extensions-html/1.1.2/abdera-extensions-html-1.1.2.jar:/Users/srihari.kalthireddy/.m2/repository/nu/validator/htmlparser/htmlparser/1.0.5/htmlparser-1.0.5.jar:/Users/srihari.kalthireddy/.m2/repository/org/springframework/spring-core/5.2.25.RELEASE/spring-core-5.2.25.RELEASE.jar:/Users/srihari.kalthireddy/.m2/repository/org/springframework/spring-jcl/5.2.25.RELEASE/spring-jcl-5.2.25.RELEASE.jar:/Users/srihari.kalthireddy/.m2/repository/org/springframework/spring-beans/5.2.25.RELEASE/spring-beans-5.2.25.RELEASE.jar:/Users/srihari.kalthireddy/.m2/repository/org/springframework/spring-context/5.2.25.RELEASE/spring-context-5.2.25.RELEASE.jar:/Users/srihari.kalthireddy/.m2/repository/org/springframework/spring-aop/5.2.25.RELEASE/spring-aop-5.2.25.RELEASE.jar:/Users/srihari.kalthireddy/.m2/repository/org/springframework/spring-expression/4.2.5.RELEASE/spring-expression-4.2.5.RELEASE.jar:/Users/srihari.kalthireddy/.m2/repository/org/springframework/spring-web/5.2.25.RELEASE/spring-web-5.2.25.RELEASE.jar:/Users/srihari.kalthireddy/.m2/repository/commons-lang/commons-lang/2.6/commons-lang-2.6.jar:/Users/srihari.kalthireddy/.m2/repository/com/google/code/gson/gson/2.8.9/gson-2.8.9.jar:/Users/srihari.kalthireddy/.m2/repository/ch/qos/logback/logback-classic/1.2.0/logback-classic-1.2.0.jar:/Users/srihari.kalthireddy/.m2/repository/ch/qos/logback/logback-core/1.2.9/logback-core-1.2.9.jar:/Users/srihari.kalthireddy/.m2/repository/me/moocar/logback-gelf/0.9.6/logback-gelf-0.9.6.jar:/Users/srihari.kalthireddy/.m2/repository/com/codahale/metrics/metrics-core/3.0.1/metrics-core-3.0.1.jar:/Users/srihari.kalthireddy/.m2/repository/com/codahale/metrics/metrics-graphite/3.0.1/metrics-graphite-3.0.1.jar:/Users/srihari.kalthireddy/.m2/repository/org/apache/tomcat/tomcat-jdbc/7.0.27/tomcat-jdbc-7.0.27.jar:/Users/srihari.kalthireddy/.m2/repository/org/apache/tomcat/tomcat-juli/7.0.27/tomcat-juli-7.0.27.jar:/Users/srihari.kalthireddy/.m2/repository/com/fasterxml/jackson/core/jackson-annotations/2.12.7/jackson-annotations-2.12.7.jar:/Users/srihari.kalthireddy/.m2/repository/com/fasterxml/jackson/core/jackson-databind/2.12.7.1/jackson-databind-2.12.7.1.jar:/Users/srihari.kalthireddy/.m2/repository/com/fasterxml/jackson/core/jackson-core/2.12.7/jackson-core-2.12.7.jar:/Users/srihari.kalthireddy/.m2/repository/org/hibernate/hibernate-core/4.1.3.Final/hibernate-core-4.1.3.Final.jar:/Users/srihari.kalthireddy/.m2/repository/antlr/antlr/2.7.7/antlr-2.7.7.jar:/Users/srihari.kalthireddy/.m2/repository/org/jboss/logging/jboss-logging/3.1.0.GA/jboss-logging-3.1.0.GA.jar:/Users/srihari.kalthireddy/.m2/repository/org/jboss/spec/javax/transaction/jboss-transaction-api_1.1_spec/1.0.0.Final/jboss-transaction-api_1.1_spec-1.0.0.Final.jar:/Users/srihari.kalthireddy/.m2/repository/dom4j/dom4j/1.6.1/dom4j-1.6.1.jar:/Users/srihari.kalthireddy/.m2/repository/org/hibernate/javax/persistence/hibernate-jpa-2.0-api/1.0.1.Final/hibernate-jpa-2.0-api-1.0.1.Final.jar:/Users/srihari.kalthireddy/.m2/repository/org/hibernate/common/hibernate-commons-annotations/4.0.1.Final/hibernate-commons-annotations-4.0.1.Final.jar:/Users/srihari.kalthireddy/.m2/repository/org/javassist/javassist/3.16.1-GA/javassist-3.16.1-GA.jar:/Users/srihari.kalthireddy/.m2/repository/com/h2database/h2/2.1.210/h2-2.1.210.jar:/Users/srihari.kalthireddy/.m2/repository/org/hibernate/hibernate-c3p0/4.1.3.Final/hibernate-c3p0-4.1.3.Final.jar:/Users/srihari.kalthireddy/.m2/repository/c3p0/c3p0/0.9.1/c3p0-0.9.1.jar:/Users/srihari.kalthireddy/.m2/repository/org/apache/abdera/abdera-core/1.1.2/abdera-core-1.1.2.jar:/Users/srihari.kalthireddy/.m2/repository/org/apache/abdera/abdera-i18n/1.1.2/abdera-i18n-1.1.2.jar:/Users/srihari.kalthireddy/.m2/repository/org/apache/geronimo/specs/geronimo-activation_1.0.2_spec/1.1/geronimo-activation_1.0.2_spec-1.1.jar:/Users/srihari.kalthireddy/.m2/repository/org/apache/geronimo/specs/geronimo-stax-api_1.0_spec/1.0.1/geronimo-stax-api_1.0_spec-1.0.1.jar:/Users/srihari.kalthireddy/.m2/repository/commons-codec/commons-codec/1.4/commons-codec-1.4.jar:/Users/srihari.kalthireddy/.m2/repository/commons-logging/commons-logging/1.0.4/commons-logging-1.0.4.jar:/Users/srihari.kalthireddy/.m2/repository/org/slf4j/slf4j-api/1.7.16/slf4j-api-1.7.16.jar:/Users/srihari.kalthireddy/.m2/repository/org/mockito/mockito-all/1.8.5/mockito-all-1.8.5.jar:/Users/srihari.kalthireddy/.m2/repository/junit/junit/4.13.1/junit-4.13.1.jar:/Users/srihari.kalthireddy/.m2/repository/org/hamcrest/hamcrest-core/1.3/hamcrest-core-1.3.jar:/Users/srihari.kalthireddy/.m2/repository/com/yammer/metrics/metrics-core/2.2.0/metrics-core-2.2.0.jar:, hibernate.bytecode.use_reflection_optimizer=false, java.vm.specification.version=1.8, sun.arch.data.model=64, java.home=/Users/srihari.kalthireddy/.sdkman/candidates/java/8.0.462-amzn/jre, sun.java.command=/Users/srihari.kalthireddy/projects/atom-hopper/adapters/hibernate/target/surefire/surefirebooter7093617471829027574.jar /Users/srihari.kalthireddy/projects/atom-hopper/adapters/hibernate/target/surefire/surefire7473032124132446789tmp /Users/srihari.kalthireddy/projects/atom-hopper/adapters/hibernate/target/surefire/surefire948785358173371727tmp, hibernate.connection.url=jdbc:h2:mem:WhenOperatingInParallel, hibernate.dialect=org.hibernate.dialect.H2Dialect, java.specification.vendor=Oracle Corporation, user.language=en, awt.toolkit=sun.lwawt.macosx.LWCToolkit, java.vm.info=mixed mode, java.version=1.8.0_462, java.ext.dirs=/Users/srihari.kalthireddy/Library/Java/Extensions:/Users/srihari.kalthireddy/.sdkman/candidates/java/8.0.462-amzn/jre/lib/ext:/Library/Java/Extensions:/Network/Library/Java/Extensions:/System/Library/Java/Extensions:/usr/lib/java, sun.boot.class.path=/Users/srihari.kalthireddy/.sdkman/candidates/java/8.0.462-amzn/jre/lib/resources.jar:/Users/srihari.kalthireddy/.sdkman/candidates/java/8.0.462-amzn/jre/lib/rt.jar:/Users/srihari.kalthireddy/.sdkman/candidates/java/8.0.462-amzn/jre/lib/sunrsasign.jar:/Users/srihari.kalthireddy/.sdkman/candidates/java/8.0.462-amzn/jre/lib/jsse.jar:/Users/srihari.kalthireddy/.sdkman/candidates/java/8.0.462-amzn/jre/lib/jce.jar:/Users/srihari.kalthireddy/.sdkman/candidates/java/8.0.462-amzn/jre/lib/charsets.jar:/Users/srihari.kalthireddy/.sdkman/candidates/java/8.0.462-amzn/jre/lib/jfr.jar:/Users/srihari.kalthireddy/.sdkman/candidates/java/8.0.462-amzn/jre/classes, java.vendor=Amazon.com Inc., java.specification.maintenance.version=6, localRepository=/Users/srihari.kalthireddy/.m2/repository, file.separator=/, java.vendor.url.bug=https://github.com/corretto/corretto-8/issues/, hibernate.hbm2ddl.auto=update, sun.cpu.endian=little, sun.io.unicode.encoding=UnicodeBig, socksNonProxyHosts=local|*.local|169.254/16|*.169.254/16, ftp.nonProxyHosts=local|*.local|169.254/16|*.169.254/16, sun.cpu.isalist=}
2025-09-02 14:29:57.896 [main] DEBUG o.h.i.f.i.DefaultIdentifierGeneratorFactory - Setting dialect [org.hibernate.dialect.H2Dialect]
2025-09-02 14:29:57.896 [main] DEBUG o.h.i.f.i.DefaultIdentifierGeneratorFactory - Setting dialect [org.hibernate.dialect.H2Dialect]
2025-09-02 14:29:57.896 [main] DEBUG o.h.i.f.i.DefaultIdentifierGeneratorFactory - Setting dialect [org.hibernate.dialect.H2Dialect]
2025-09-02 14:29:57.928 [main] DEBUG o.h.p.entity.AbstractEntityPersister - Static SQL for entity: org.atomhopper.adapter.jpa.PersistedEntry
2025-09-02 14:29:57.928 [main] DEBUG o.h.p.entity.AbstractEntityPersister -  Version select: select EntryID from Entries where EntryID =?
2025-09-02 14:29:57.928 [main] DEBUG o.h.p.entity.AbstractEntityPersister -  Snapshot select: select persistede_.EntryID, persistede_.CreationDate as Creation2_1_, persistede_.DateLastUpdated as DateLast3_1_, persistede_.EntryBody as EntryBody1_, persistede_.Feed as Feed1_ from Entries persistede_ where persistede_.EntryID=?
2025-09-02 14:29:57.928 [main] DEBUG o.h.p.entity.AbstractEntityPersister -  Insert 0: insert into Entries (CreationDate, DateLastUpdated, EntryBody, Feed, EntryID) values (?, ?, ?, ?, ?)
2025-09-02 14:29:57.928 [main] DEBUG o.h.p.entity.AbstractEntityPersister -  Update 0: update Entries set CreationDate=?, DateLastUpdated=?, EntryBody=?, Feed=? where EntryID=?
2025-09-02 14:29:57.928 [main] DEBUG o.h.p.entity.AbstractEntityPersister -  Delete 0: delete from Entries where EntryID=?
2025-09-02 14:29:57.929 [main] DEBUG o.h.p.entity.AbstractEntityPersister - Static SQL for entity: org.atomhopper.adapter.jpa.PersistedCategory
2025-09-02 14:29:57.929 [main] DEBUG o.h.p.entity.AbstractEntityPersister -  Version select: select Term from Categories where Term =?
2025-09-02 14:29:57.929 [main] DEBUG o.h.p.entity.AbstractEntityPersister -  Snapshot select: select persistedc_.Term from Categories persistedc_ where persistedc_.Term=?
2025-09-02 14:29:57.929 [main] DEBUG o.h.p.entity.AbstractEntityPersister -  Insert 0: insert into Categories (Term) values (?)
2025-09-02 14:29:57.929 [main] DEBUG o.h.p.entity.AbstractEntityPersister -  Update 0: null
2025-09-02 14:29:57.929 [main] DEBUG o.h.p.entity.AbstractEntityPersister -  Delete 0: delete from Categories where Term=?
2025-09-02 14:29:57.931 [main] DEBUG o.h.p.entity.AbstractEntityPersister - Static SQL for entity: org.atomhopper.adapter.jpa.PersistedFeed
2025-09-02 14:29:57.931 [main] DEBUG o.h.p.entity.AbstractEntityPersister -  Version select: select Name from Feeds where Name =?
2025-09-02 14:29:57.931 [main] DEBUG o.h.p.entity.AbstractEntityPersister -  Snapshot select: select persistedf_.Name, persistedf_.FeedID as FeedID0_ from Feeds persistedf_ where persistedf_.Name=?
2025-09-02 14:29:57.931 [main] DEBUG o.h.p.entity.AbstractEntityPersister -  Insert 0: insert into Feeds (FeedID, Name) values (?, ?)
2025-09-02 14:29:57.931 [main] DEBUG o.h.p.entity.AbstractEntityPersister -  Update 0: update Feeds set FeedID=? where Name=?
2025-09-02 14:29:57.931 [main] DEBUG o.h.p.entity.AbstractEntityPersister -  Delete 0: delete from Feeds where Name=?
2025-09-02 14:29:57.933 [main] DEBUG o.h.p.c.AbstractCollectionPersister - Static SQL for collection: org.atomhopper.adapter.jpa.PersistedCategory.feedEntries
2025-09-02 14:29:57.933 [main] DEBUG o.h.p.c.AbstractCollectionPersister -  Row insert: insert into CategoryEntryReferences (category, entryId) values (?, ?)
2025-09-02 14:29:57.933 [main] DEBUG o.h.p.c.AbstractCollectionPersister -  Row update: update CategoryEntryReferences set entryId=? where category=? and entryId=?
2025-09-02 14:29:57.933 [main] DEBUG o.h.p.c.AbstractCollectionPersister -  Row delete: delete from CategoryEntryReferences where category=? and entryId=?
2025-09-02 14:29:57.933 [main] DEBUG o.h.p.c.AbstractCollectionPersister -  One-shot delete: delete from CategoryEntryReferences where category=?
2025-09-02 14:29:57.933 [main] DEBUG o.h.p.c.AbstractCollectionPersister - Static SQL for collection: org.atomhopper.adapter.jpa.PersistedEntry.categories
2025-09-02 14:29:57.933 [main] DEBUG o.h.p.c.AbstractCollectionPersister -  Row insert: insert into CategoryEntryReferences (entryId, category) values (?, ?)
2025-09-02 14:29:57.933 [main] DEBUG o.h.p.c.AbstractCollectionPersister -  Row update: update CategoryEntryReferences set category=? where entryId=? and category=?
2025-09-02 14:29:57.933 [main] DEBUG o.h.p.c.AbstractCollectionPersister -  Row delete: delete from CategoryEntryReferences where entryId=? and category=?
2025-09-02 14:29:57.933 [main] DEBUG o.h.p.c.AbstractCollectionPersister -  One-shot delete: delete from CategoryEntryReferences where entryId=?
2025-09-02 14:29:57.934 [main] DEBUG o.h.p.c.AbstractCollectionPersister - Static SQL for collection: org.atomhopper.adapter.jpa.PersistedFeed.entries
2025-09-02 14:29:57.934 [main] DEBUG o.h.p.c.AbstractCollectionPersister -  Row insert: update Entries set Feed=? where EntryID=?
2025-09-02 14:29:57.934 [main] DEBUG o.h.p.c.AbstractCollectionPersister -  Row delete: update Entries set Feed=null where Feed=? and EntryID=?
2025-09-02 14:29:57.934 [main] DEBUG o.h.p.c.AbstractCollectionPersister -  One-shot delete: update Entries set Feed=null where Feed=?
2025-09-02 14:29:57.939 [main] DEBUG org.hibernate.loader.Loader - Static select for entity org.atomhopper.adapter.jpa.PersistedEntry [NONE]: select persistede0_.EntryID as EntryID1_0_, persistede0_.CreationDate as Creation2_1_0_, persistede0_.DateLastUpdated as DateLast3_1_0_, persistede0_.EntryBody as EntryBody1_0_, persistede0_.Feed as Feed1_0_ from Entries persistede0_ where persistede0_.EntryID=?
2025-09-02 14:29:57.939 [main] DEBUG org.hibernate.loader.Loader - Static select for entity org.atomhopper.adapter.jpa.PersistedEntry [READ]: select persistede0_.EntryID as EntryID1_0_, persistede0_.CreationDate as Creation2_1_0_, persistede0_.DateLastUpdated as DateLast3_1_0_, persistede0_.EntryBody as EntryBody1_0_, persistede0_.Feed as Feed1_0_ from Entries persistede0_ where persistede0_.EntryID=?
2025-09-02 14:29:57.939 [main] DEBUG org.hibernate.loader.Loader - Static select for entity org.atomhopper.adapter.jpa.PersistedEntry [UPGRADE]: select persistede0_.EntryID as EntryID1_0_, persistede0_.CreationDate as Creation2_1_0_, persistede0_.DateLastUpdated as DateLast3_1_0_, persistede0_.EntryBody as EntryBody1_0_, persistede0_.Feed as Feed1_0_ from Entries persistede0_ where persistede0_.EntryID=? for update
2025-09-02 14:29:57.939 [main] DEBUG org.hibernate.loader.Loader - Static select for entity org.atomhopper.adapter.jpa.PersistedEntry [UPGRADE_NOWAIT]: select persistede0_.EntryID as EntryID1_0_, persistede0_.CreationDate as Creation2_1_0_, persistede0_.DateLastUpdated as DateLast3_1_0_, persistede0_.EntryBody as EntryBody1_0_, persistede0_.Feed as Feed1_0_ from Entries persistede0_ where persistede0_.EntryID=? for update
2025-09-02 14:29:57.939 [main] DEBUG org.hibernate.loader.Loader - Static select for entity org.atomhopper.adapter.jpa.PersistedEntry [FORCE]: select persistede0_.EntryID as EntryID1_0_, persistede0_.CreationDate as Creation2_1_0_, persistede0_.DateLastUpdated as DateLast3_1_0_, persistede0_.EntryBody as EntryBody1_0_, persistede0_.Feed as Feed1_0_ from Entries persistede0_ where persistede0_.EntryID=? for update
2025-09-02 14:29:57.940 [main] DEBUG org.hibernate.loader.Loader - Static select for entity org.atomhopper.adapter.jpa.PersistedEntry [PESSIMISTIC_READ]: select persistede0_.EntryID as EntryID1_0_, persistede0_.CreationDate as Creation2_1_0_, persistede0_.DateLastUpdated as DateLast3_1_0_, persistede0_.EntryBody as EntryBody1_0_, persistede0_.Feed as Feed1_0_ from Entries persistede0_ where persistede0_.EntryID=? for update
2025-09-02 14:29:57.940 [main] DEBUG org.hibernate.loader.Loader - Static select for entity org.atomhopper.adapter.jpa.PersistedEntry [PESSIMISTIC_WRITE]: select persistede0_.EntryID as EntryID1_0_, persistede0_.CreationDate as Creation2_1_0_, persistede0_.DateLastUpdated as DateLast3_1_0_, persistede0_.EntryBody as EntryBody1_0_, persistede0_.Feed as Feed1_0_ from Entries persistede0_ where persistede0_.EntryID=? for update
2025-09-02 14:29:57.940 [main] DEBUG org.hibernate.loader.Loader - Static select for entity org.atomhopper.adapter.jpa.PersistedEntry [PESSIMISTIC_FORCE_INCREMENT]: select persistede0_.EntryID as EntryID1_0_, persistede0_.CreationDate as Creation2_1_0_, persistede0_.DateLastUpdated as DateLast3_1_0_, persistede0_.EntryBody as EntryBody1_0_, persistede0_.Feed as Feed1_0_ from Entries persistede0_ where persistede0_.EntryID=? for update
2025-09-02 14:29:57.940 [main] DEBUG org.hibernate.loader.Loader - Static select for entity org.atomhopper.adapter.jpa.PersistedEntry [OPTIMISTIC]: select persistede0_.EntryID as EntryID1_0_, persistede0_.CreationDate as Creation2_1_0_, persistede0_.DateLastUpdated as DateLast3_1_0_, persistede0_.EntryBody as EntryBody1_0_, persistede0_.Feed as Feed1_0_ from Entries persistede0_ where persistede0_.EntryID=?
2025-09-02 14:29:57.940 [main] DEBUG org.hibernate.loader.Loader - Static select for entity org.atomhopper.adapter.jpa.PersistedEntry [OPTIMISTIC_FORCE_INCREMENT]: select persistede0_.EntryID as EntryID1_0_, persistede0_.CreationDate as Creation2_1_0_, persistede0_.DateLastUpdated as DateLast3_1_0_, persistede0_.EntryBody as EntryBody1_0_, persistede0_.Feed as Feed1_0_ from Entries persistede0_ where persistede0_.EntryID=?
2025-09-02 14:29:57.942 [main] DEBUG org.hibernate.loader.Loader - Static select for action ACTION_MERGE on entity org.atomhopper.adapter.jpa.PersistedEntry: select persistede0_.EntryID as EntryID1_1_, persistede0_.CreationDate as Creation2_1_1_, persistede0_.DateLastUpdated as DateLast3_1_1_, persistede0_.EntryBody as EntryBody1_1_, persistede0_.Feed as Feed1_1_, categories1_.entryId as entryId1_3_, persistedc2_.Term as category3_, persistedc2_.Term as Term2_0_ from Entries persistede0_ left outer join CategoryEntryReferences categories1_ on persistede0_.EntryID=categories1_.entryId left outer join Categories persistedc2_ on categories1_.category=persistedc2_.Term where persistede0_.EntryID=?
2025-09-02 14:29:57.942 [main] DEBUG org.hibernate.loader.Loader - Static select for action ACTION_REFRESH on entity org.atomhopper.adapter.jpa.PersistedEntry: select persistede0_.EntryID as EntryID1_1_, persistede0_.CreationDate as Creation2_1_1_, persistede0_.DateLastUpdated as DateLast3_1_1_, persistede0_.EntryBody as EntryBody1_1_, persistede0_.Feed as Feed1_1_, categories1_.entryId as entryId1_3_, persistedc2_.Term as category3_, persistedc2_.Term as Term2_0_ from Entries persistede0_ left outer join CategoryEntryReferences categories1_ on persistede0_.EntryID=categories1_.entryId left outer join Categories persistedc2_ on categories1_.category=persistedc2_.Term where persistede0_.EntryID=?
2025-09-02 14:29:57.942 [main] DEBUG org.hibernate.loader.Loader - Static select for entity org.atomhopper.adapter.jpa.PersistedCategory [NONE]: select persistedc0_.Term as Term2_0_ from Categories persistedc0_ where persistedc0_.Term=?
2025-09-02 14:29:57.942 [main] DEBUG org.hibernate.loader.Loader - Static select for entity org.atomhopper.adapter.jpa.PersistedCategory [READ]: select persistedc0_.Term as Term2_0_ from Categories persistedc0_ where persistedc0_.Term=?
2025-09-02 14:29:57.942 [main] DEBUG org.hibernate.loader.Loader - Static select for entity org.atomhopper.adapter.jpa.PersistedCategory [UPGRADE]: select persistedc0_.Term as Term2_0_ from Categories persistedc0_ where persistedc0_.Term=? for update
2025-09-02 14:29:57.943 [main] DEBUG org.hibernate.loader.Loader - Static select for entity org.atomhopper.adapter.jpa.PersistedCategory [UPGRADE_NOWAIT]: select persistedc0_.Term as Term2_0_ from Categories persistedc0_ where persistedc0_.Term=? for update
2025-09-02 14:29:57.943 [main] DEBUG org.hibernate.loader.Loader - Static select for entity org.atomhopper.adapter.jpa.PersistedCategory [FORCE]: select persistedc0_.Term as Term2_0_ from Categories persistedc0_ where persistedc0_.Term=? for update
2025-09-02 14:29:57.943 [main] DEBUG org.hibernate.loader.Loader - Static select for entity org.atomhopper.adapter.jpa.PersistedCategory [PESSIMISTIC_READ]: select persistedc0_.Term as Term2_0_ from Categories persistedc0_ where persistedc0_.Term=? for update
2025-09-02 14:29:57.943 [main] DEBUG org.hibernate.loader.Loader - Static select for entity org.atomhopper.adapter.jpa.PersistedCategory [PESSIMISTIC_WRITE]: select persistedc0_.Term as Term2_0_ from Categories persistedc0_ where persistedc0_.Term=? for update
2025-09-02 14:29:57.943 [main] DEBUG org.hibernate.loader.Loader - Static select for entity org.atomhopper.adapter.jpa.PersistedCategory [PESSIMISTIC_FORCE_INCREMENT]: select persistedc0_.Term as Term2_0_ from Categories persistedc0_ where persistedc0_.Term=? for update
2025-09-02 14:29:57.943 [main] DEBUG org.hibernate.loader.Loader - Static select for entity org.atomhopper.adapter.jpa.PersistedCategory [OPTIMISTIC]: select persistedc0_.Term as Term2_0_ from Categories persistedc0_ where persistedc0_.Term=?
2025-09-02 14:29:57.943 [main] DEBUG org.hibernate.loader.Loader - Static select for entity org.atomhopper.adapter.jpa.PersistedCategory [OPTIMISTIC_FORCE_INCREMENT]: select persistedc0_.Term as Term2_0_ from Categories persistedc0_ where persistedc0_.Term=?
2025-09-02 14:29:57.943 [main] DEBUG org.hibernate.loader.Loader - Static select for action ACTION_MERGE on entity org.atomhopper.adapter.jpa.PersistedCategory: select persistedc0_.Term as Term2_0_ from Categories persistedc0_ where persistedc0_.Term=?
2025-09-02 14:29:57.943 [main] DEBUG org.hibernate.loader.Loader - Static select for action ACTION_REFRESH on entity org.atomhopper.adapter.jpa.PersistedCategory: select persistedc0_.Term as Term2_0_ from Categories persistedc0_ where persistedc0_.Term=?
2025-09-02 14:29:57.943 [main] DEBUG org.hibernate.loader.Loader - Static select for entity org.atomhopper.adapter.jpa.PersistedFeed [NONE]: select persistedf0_.Name as Name0_0_, persistedf0_.FeedID as FeedID0_0_ from Feeds persistedf0_ where persistedf0_.Name=?
2025-09-02 14:29:57.943 [main] DEBUG org.hibernate.loader.Loader - Static select for entity org.atomhopper.adapter.jpa.PersistedFeed [READ]: select persistedf0_.Name as Name0_0_, persistedf0_.FeedID as FeedID0_0_ from Feeds persistedf0_ where persistedf0_.Name=?
2025-09-02 14:29:57.943 [main] DEBUG org.hibernate.loader.Loader - Static select for entity org.atomhopper.adapter.jpa.PersistedFeed [UPGRADE]: select persistedf0_.Name as Name0_0_, persistedf0_.FeedID as FeedID0_0_ from Feeds persistedf0_ where persistedf0_.Name=? for update
2025-09-02 14:29:57.943 [main] DEBUG org.hibernate.loader.Loader - Static select for entity org.atomhopper.adapter.jpa.PersistedFeed [UPGRADE_NOWAIT]: select persistedf0_.Name as Name0_0_, persistedf0_.FeedID as FeedID0_0_ from Feeds persistedf0_ where persistedf0_.Name=? for update
2025-09-02 14:29:57.943 [main] DEBUG org.hibernate.loader.Loader - Static select for entity org.atomhopper.adapter.jpa.PersistedFeed [FORCE]: select persistedf0_.Name as Name0_0_, persistedf0_.FeedID as FeedID0_0_ from Feeds persistedf0_ where persistedf0_.Name=? for update
2025-09-02 14:29:57.944 [main] DEBUG org.hibernate.loader.Loader - Static select for entity org.atomhopper.adapter.jpa.PersistedFeed [PESSIMISTIC_READ]: select persistedf0_.Name as Name0_0_, persistedf0_.FeedID as FeedID0_0_ from Feeds persistedf0_ where persistedf0_.Name=? for update
2025-09-02 14:29:57.944 [main] DEBUG org.hibernate.loader.Loader - Static select for entity org.atomhopper.adapter.jpa.PersistedFeed [PESSIMISTIC_WRITE]: select persistedf0_.Name as Name0_0_, persistedf0_.FeedID as FeedID0_0_ from Feeds persistedf0_ where persistedf0_.Name=? for update
2025-09-02 14:29:57.944 [main] DEBUG org.hibernate.loader.Loader - Static select for entity org.atomhopper.adapter.jpa.PersistedFeed [PESSIMISTIC_FORCE_INCREMENT]: select persistedf0_.Name as Name0_0_, persistedf0_.FeedID as FeedID0_0_ from Feeds persistedf0_ where persistedf0_.Name=? for update
2025-09-02 14:29:57.944 [main] DEBUG org.hibernate.loader.Loader - Static select for entity org.atomhopper.adapter.jpa.PersistedFeed [OPTIMISTIC]: select persistedf0_.Name as Name0_0_, persistedf0_.FeedID as FeedID0_0_ from Feeds persistedf0_ where persistedf0_.Name=?
2025-09-02 14:29:57.944 [main] DEBUG org.hibernate.loader.Loader - Static select for entity org.atomhopper.adapter.jpa.PersistedFeed [OPTIMISTIC_FORCE_INCREMENT]: select persistedf0_.Name as Name0_0_, persistedf0_.FeedID as FeedID0_0_ from Feeds persistedf0_ where persistedf0_.Name=?
2025-09-02 14:29:57.944 [main] DEBUG org.hibernate.loader.Loader - Static select for action ACTION_MERGE on entity org.atomhopper.adapter.jpa.PersistedFeed: select persistedf0_.Name as Name0_0_, persistedf0_.FeedID as FeedID0_0_ from Feeds persistedf0_ where persistedf0_.Name=?
2025-09-02 14:29:57.944 [main] DEBUG org.hibernate.loader.Loader - Static select for action ACTION_REFRESH on entity org.atomhopper.adapter.jpa.PersistedFeed: select persistedf0_.Name as Name0_0_, persistedf0_.FeedID as FeedID0_0_ from Feeds persistedf0_ where persistedf0_.Name=?
2025-09-02 14:29:57.945 [main] DEBUG o.h.l.c.BasicCollectionLoader - Static select for collection org.atomhopper.adapter.jpa.PersistedCategory.feedEntries: select feedentrie0_.category as category2_1_, feedentrie0_.entryId as entryId1_, persistede1_.EntryID as EntryID1_0_, persistede1_.CreationDate as Creation2_1_0_, persistede1_.DateLastUpdated as DateLast3_1_0_, persistede1_.EntryBody as EntryBody1_0_, persistede1_.Feed as Feed1_0_ from CategoryEntryReferences feedentrie0_ inner join Entries persistede1_ on feedentrie0_.entryId=persistede1_.EntryID where feedentrie0_.category=?
2025-09-02 14:29:57.945 [main] DEBUG o.h.l.c.BasicCollectionLoader - Static select for collection org.atomhopper.adapter.jpa.PersistedEntry.categories: select categories0_.entryId as entryId1_1_, categories0_.category as category1_, persistedc1_.Term as Term2_0_ from CategoryEntryReferences categories0_ inner join Categories persistedc1_ on categories0_.category=persistedc1_.Term where categories0_.entryId=?
2025-09-02 14:29:57.946 [main] DEBUG o.h.l.collection.OneToManyLoader - Static select for one-to-many org.atomhopper.adapter.jpa.PersistedFeed.entries: select entries0_.Feed as Feed0_1_, entries0_.EntryID as EntryID1_, entries0_.EntryID as EntryID1_0_, entries0_.CreationDate as Creation2_1_0_, entries0_.DateLastUpdated as DateLast3_1_0_, entries0_.EntryBody as EntryBody1_0_, entries0_.Feed as Feed1_0_ from Entries entries0_ where entries0_.Feed=?
2025-09-02 14:29:57.947 [main] DEBUG o.h.internal.SessionFactoryRegistry - Initializing SessionFactoryRegistry : org.hibernate.internal.SessionFactoryRegistry@55562aa9
2025-09-02 14:29:57.948 [main] DEBUG o.h.internal.SessionFactoryRegistry - Registering SessionFactory: c1cc4c4e-d59b-4ae2-944b-e4ae513fa06b (<unnamed>)
2025-09-02 14:29:57.948 [main] DEBUG o.h.internal.SessionFactoryRegistry - Not binding SessionFactory to JNDI, no JNDI name configured
2025-09-02 14:29:57.948 [main] DEBUG o.h.internal.SessionFactoryImpl - Instantiated session factory
2025-09-02 14:29:57.949 [main] INFO  o.h.tool.hbm2ddl.SchemaUpdate - HHH000228: Running hbm2ddl schema update
2025-09-02 14:29:57.949 [main] INFO  o.h.tool.hbm2ddl.SchemaUpdate - HHH000102: Fetching database metadata
2025-09-02 14:29:57.958 [main] INFO  o.h.tool.hbm2ddl.SchemaUpdate - HHH000396: Updating schema
2025-09-02 14:29:57.958 [main] DEBUG org.hibernate.cfg.Configuration - Processing hbm.xml files
2025-09-02 14:29:57.958 [main] DEBUG org.hibernate.cfg.Configuration - Process annotated classes
2025-09-02 14:29:57.958 [main] DEBUG org.hibernate.cfg.Configuration - Processing fk mappings (*ToOne and JoinedSubclass)
2025-09-02 14:29:57.958 [main] DEBUG org.hibernate.cfg.Configuration - Processing extends queue
2025-09-02 14:29:57.958 [main] DEBUG org.hibernate.cfg.Configuration - Processing extends queue
2025-09-02 14:29:57.958 [main] DEBUG org.hibernate.cfg.Configuration - Processing collection mappings
2025-09-02 14:29:57.958 [main] DEBUG org.hibernate.cfg.Configuration - Processing native query and ResultSetMapping mappings
2025-09-02 14:29:57.958 [main] DEBUG org.hibernate.cfg.Configuration - Processing association property references
2025-09-02 14:29:57.958 [main] DEBUG org.hibernate.cfg.Configuration - Processing foreign key constraints
2025-09-02 14:29:57.958 [main] DEBUG org.hibernate.cfg.Configuration - Resolving reference to class: org.atomhopper.adapter.jpa.PersistedCategory
2025-09-02 14:29:57.958 [main] DEBUG org.hibernate.cfg.Configuration - Resolving reference to class: org.atomhopper.adapter.jpa.PersistedEntry
2025-09-02 14:29:57.958 [main] DEBUG org.hibernate.cfg.Configuration - Resolving reference to class: org.atomhopper.adapter.jpa.PersistedFeed
2025-09-02 14:29:57.958 [main] INFO  java.sql.DatabaseMetaData - HHH000262: Table not found: Categories
2025-09-02 14:29:57.958 [main] DEBUG o.h.i.f.i.DefaultIdentifierGeneratorFactory - Setting dialect [org.hibernate.dialect.H2Dialect]
2025-09-02 14:29:57.958 [main] INFO  java.sql.DatabaseMetaData - HHH000262: Table not found: CategoryEntryReferences
2025-09-02 14:29:57.959 [main] INFO  java.sql.DatabaseMetaData - HHH000262: Table not found: Entries
2025-09-02 14:29:57.959 [main] DEBUG o.h.i.f.i.DefaultIdentifierGeneratorFactory - Setting dialect [org.hibernate.dialect.H2Dialect]
2025-09-02 14:29:57.959 [main] INFO  java.sql.DatabaseMetaData - HHH000262: Table not found: Feeds
2025-09-02 14:29:57.959 [main] DEBUG o.h.i.f.i.DefaultIdentifierGeneratorFactory - Setting dialect [org.hibernate.dialect.H2Dialect]
2025-09-02 14:29:57.959 [main] INFO  java.sql.DatabaseMetaData - HHH000262: Table not found: Categories
2025-09-02 14:29:57.959 [main] INFO  java.sql.DatabaseMetaData - HHH000262: Table not found: CategoryEntryReferences
2025-09-02 14:29:57.959 [main] INFO  java.sql.DatabaseMetaData - HHH000262: Table not found: Entries
2025-09-02 14:29:57.959 [main] INFO  java.sql.DatabaseMetaData - HHH000262: Table not found: Feeds
2025-09-02 14:29:57.959 [main] DEBUG o.h.i.f.i.DefaultIdentifierGeneratorFactory - Setting dialect [org.hibernate.dialect.H2Dialect]
2025-09-02 14:29:57.959 [main] DEBUG o.h.i.f.i.DefaultIdentifierGeneratorFactory - Setting dialect [org.hibernate.dialect.H2Dialect]
2025-09-02 14:29:57.959 [main] DEBUG o.h.i.f.i.DefaultIdentifierGeneratorFactory - Setting dialect [org.hibernate.dialect.H2Dialect]
2025-09-02 14:29:57.959 [main] DEBUG o.h.tool.hbm2ddl.SchemaUpdate - create table Categories (Term varchar(255) not null, primary key (Term))
2025-09-02 14:29:57.962 [main] DEBUG o.h.tool.hbm2ddl.SchemaUpdate - create table CategoryEntryReferences (entryId varchar(255) not null, category varchar(255) not null, primary key (entryId, category))
2025-09-02 14:29:57.963 [main] DEBUG o.h.tool.hbm2ddl.SchemaUpdate - create table Entries (EntryID varchar(255) not null, CreationDate timestamp not null, DateLastUpdated timestamp not null, EntryBody clob, Feed varchar(255), primary key (EntryID))
2025-09-02 14:29:57.963 [main] DEBUG o.h.tool.hbm2ddl.SchemaUpdate - create table Feeds (Name varchar(255) not null, FeedID varchar(255), primary key (Name))
2025-09-02 14:29:57.964 [main] DEBUG o.h.tool.hbm2ddl.SchemaUpdate - alter table CategoryEntryReferences add constraint FKEF969F9CA3D8A01E foreign key (category) references Categories
2025-09-02 14:29:57.967 [main] DEBUG o.h.tool.hbm2ddl.SchemaUpdate - alter table CategoryEntryReferences add constraint FKEF969F9CFBC7269D foreign key (entryId) references Entries
2025-09-02 14:29:57.968 [main] DEBUG o.h.tool.hbm2ddl.SchemaUpdate - alter table Entries add constraint FK45B1C704D6F525E foreign key (Feed) references Feeds
2025-09-02 14:29:57.970 [main] INFO  o.h.tool.hbm2ddl.SchemaUpdate - HHH000232: Schema update complete
2025-09-02 14:29:57.970 [main] DEBUG o.h.internal.SessionFactoryImpl - Checking 0 named HQL queries
2025-09-02 14:29:57.970 [main] DEBUG o.h.internal.SessionFactoryImpl - Checking 0 named SQL queries
2025-09-02 14:29:57.971 [main] DEBUG o.h.s.internal.StatisticsInitiator - Statistics initialized [enabled=false]
2025-09-02 14:29:57.973 [Thread-3] DEBUG o.a.h.HibernateFeedRepository - ~!$: Simple Action Session begin: 1756803597973
2025-09-02 14:29:57.973 [Thread-2] DEBUG o.a.h.HibernateFeedRepository - ~!$: Simple Action Session begin: 1756803597973
2025-09-02 14:29:57.984 [Thread-2] DEBUG org.hibernate.internal.SessionImpl - Opened session at timestamp: 17568035979
2025-09-02 14:29:57.984 [Thread-3] DEBUG org.hibernate.internal.SessionImpl - Opened session at timestamp: 17568035979
2025-09-02 14:29:57.984 [Thread-2] DEBUG o.h.e.t.spi.AbstractTransactionImpl - begin
2025-09-02 14:29:57.984 [Thread-3] DEBUG o.h.e.t.spi.AbstractTransactionImpl - begin
2025-09-02 14:29:57.984 [Thread-2] DEBUG o.h.e.j.i.LogicalConnectionImpl - Obtaining JDBC connection
2025-09-02 14:29:57.984 [Thread-3] DEBUG o.h.e.j.i.LogicalConnectionImpl - Obtaining JDBC connection
2025-09-02 14:29:57.984 [Thread-3] DEBUG o.h.s.j.c.i.DriverManagerConnectionProviderImpl - Opening new JDBC connection
2025-09-02 14:29:57.984 [Thread-2] DEBUG o.h.e.j.i.LogicalConnectionImpl - Obtained JDBC connection
2025-09-02 14:29:57.985 [Thread-2] DEBUG o.h.e.t.i.jdbc.JdbcTransaction - initial autocommit status: false
2025-09-02 14:29:57.985 [Thread-3] DEBUG o.h.s.j.c.i.DriverManagerConnectionProviderImpl - Created connection to: jdbc:h2:mem:WhenOperatingInParallel, Isolation Level: 2
2025-09-02 14:29:57.985 [Thread-3] DEBUG o.h.e.j.i.LogicalConnectionImpl - Obtained JDBC connection
2025-09-02 14:29:57.985 [Thread-3] DEBUG o.h.e.t.i.jdbc.JdbcTransaction - initial autocommit status: false
2025-09-02 14:29:58.019 [Thread-3] DEBUG org.hibernate.SQL - select this_.Name as Name0_0_, this_.FeedID as FeedID0_0_ from Feeds this_ where this_.Name = ?
2025-09-02 14:29:58.019 [Thread-2] DEBUG org.hibernate.SQL - select this_.Name as Name0_0_, this_.FeedID as FeedID0_0_ from Feeds this_ where this_.Name = ?
2025-09-02 14:29:58.046 [Thread-3] DEBUG o.h.e.i.StatefulPersistenceContext - Initializing non-lazy collections
2025-09-02 14:29:58.046 [Thread-2] DEBUG o.h.e.i.StatefulPersistenceContext - Initializing non-lazy collections
2025-09-02 14:29:58.049 [Thread-3] DEBUG org.hibernate.SQL - select persistedf_.Name, persistedf_.FeedID as FeedID0_ from Feeds persistedf_ where persistedf_.Name=?
2025-09-02 14:29:58.049 [Thread-2] DEBUG org.hibernate.SQL - select persistedf_.Name, persistedf_.FeedID as FeedID0_ from Feeds persistedf_ where persistedf_.Name=?
2025-09-02 14:29:58.050 [Thread-2] DEBUG o.h.e.i.AbstractSaveEventListener - Generated identifier: feed1, using strategy: org.hibernate.id.Assigned
2025-09-02 14:29:58.050 [Thread-3] DEBUG o.h.e.i.AbstractSaveEventListener - Generated identifier: feed2, using strategy: org.hibernate.id.Assigned
2025-09-02 14:29:58.055 [Thread-2] DEBUG o.h.e.i.AbstractSaveEventListener - Generated identifier: entry1, using strategy: org.hibernate.id.Assigned
2025-09-02 14:29:58.055 [Thread-3] DEBUG o.h.e.i.AbstractSaveEventListener - Generated identifier: entry2, using strategy: org.hibernate.id.Assigned
2025-09-02 14:29:58.055 [Thread-3] DEBUG org.hibernate.SQL - select persistedc_.Term from Categories persistedc_ where persistedc_.Term=?
2025-09-02 14:29:58.055 [Thread-2] DEBUG org.hibernate.SQL - select persistedc_.Term from Categories persistedc_ where persistedc_.Term=?
2025-09-02 14:29:58.055 [Thread-2] DEBUG o.h.e.i.AbstractSaveEventListener - Generated identifier: cat, using strategy: org.hibernate.id.Assigned
2025-09-02 14:29:58.055 [Thread-3] DEBUG o.h.e.i.AbstractSaveEventListener - Generated identifier: cat, using strategy: org.hibernate.id.Assigned
2025-09-02 14:29:58.055 [Thread-3] DEBUG o.h.e.t.spi.AbstractTransactionImpl - committing
2025-09-02 14:29:58.055 [Thread-2] DEBUG o.h.e.t.spi.AbstractTransactionImpl - committing
2025-09-02 14:29:58.056 [Thread-3] DEBUG o.h.e.i.AbstractFlushingEventListener - Processing flush-time cascades
2025-09-02 14:29:58.056 [Thread-2] DEBUG o.h.e.i.AbstractFlushingEventListener - Processing flush-time cascades
2025-09-02 14:29:58.056 [Thread-2] DEBUG o.h.e.i.AbstractFlushingEventListener - Dirty checking collections
2025-09-02 14:29:58.056 [Thread-3] DEBUG o.h.e.i.AbstractFlushingEventListener - Dirty checking collections
2025-09-02 14:29:58.057 [Thread-3] DEBUG o.h.engine.internal.Collections - Collection found: [org.atomhopper.adapter.jpa.PersistedFeed.entries#feed2], was: [<unreferenced>] (initialized)
2025-09-02 14:29:58.057 [Thread-2] DEBUG o.h.engine.internal.Collections - Collection found: [org.atomhopper.adapter.jpa.PersistedFeed.entries#feed1], was: [<unreferenced>] (initialized)
2025-09-02 14:29:58.057 [Thread-3] DEBUG o.h.engine.internal.Collections - Collection found: [org.atomhopper.adapter.jpa.PersistedEntry.categories#entry2], was: [<unreferenced>] (initialized)
2025-09-02 14:29:58.057 [Thread-2] DEBUG o.h.engine.internal.Collections - Collection found: [org.atomhopper.adapter.jpa.PersistedEntry.categories#entry1], was: [<unreferenced>] (initialized)
2025-09-02 14:29:58.057 [Thread-3] DEBUG o.h.engine.internal.Collections - Collection found: [org.atomhopper.adapter.jpa.PersistedCategory.feedEntries#cat], was: [<unreferenced>] (initialized)
2025-09-02 14:29:58.057 [Thread-2] DEBUG o.h.engine.internal.Collections - Collection found: [org.atomhopper.adapter.jpa.PersistedCategory.feedEntries#cat], was: [<unreferenced>] (initialized)
2025-09-02 14:29:58.057 [Thread-3] DEBUG o.h.e.i.AbstractFlushingEventListener - Flushed: 3 insertions, 0 updates, 0 deletions to 3 objects
2025-09-02 14:29:58.057 [Thread-2] DEBUG o.h.e.i.AbstractFlushingEventListener - Flushed: 3 insertions, 0 updates, 0 deletions to 3 objects
2025-09-02 14:29:58.057 [Thread-3] DEBUG o.h.e.i.AbstractFlushingEventListener - Flushed: 3 (re)creations, 0 updates, 0 removals to 3 collections
2025-09-02 14:29:58.057 [Thread-2] DEBUG o.h.e.i.AbstractFlushingEventListener - Flushed: 3 (re)creations, 0 updates, 0 removals to 3 collections
2025-09-02 14:29:58.058 [Thread-3] DEBUG o.h.internal.util.EntityPrinter - Listing entities:
2025-09-02 14:29:58.058 [Thread-2] DEBUG o.h.internal.util.EntityPrinter - Listing entities:
2025-09-02 14:29:58.059 [Thread-2] DEBUG o.h.internal.util.EntityPrinter - org.atomhopper.adapter.jpa.PersistedEntry{entryBody=null, feed=org.atomhopper.adapter.jpa.PersistedFeed#feed1, dateLastUpdated=Tue Sep 02 14:29:57 IST 2025, categories=[org.atomhopper.adapter.jpa.PersistedCategory#cat], creationDate=Tue Sep 02 14:29:57 IST 2025, entryId=entry1}
2025-09-02 14:29:58.059 [Thread-2] DEBUG o.h.internal.util.EntityPrinter - org.atomhopper.adapter.jpa.PersistedFeed{entries=[org.atomhopper.adapter.jpa.PersistedEntry#entry1], feedId=feed1, name=feed1}
2025-09-02 14:29:58.059 [Thread-2] DEBUG o.h.internal.util.EntityPrinter - org.atomhopper.adapter.jpa.PersistedCategory{term=cat, feedEntries=[]}
2025-09-02 14:29:58.060 [Thread-3] DEBUG o.h.internal.util.EntityPrinter - org.atomhopper.adapter.jpa.PersistedEntry{entryBody=null, feed=org.atomhopper.adapter.jpa.PersistedFeed#feed2, dateLastUpdated=Tue Sep 02 14:29:57 IST 2025, categories=[org.atomhopper.adapter.jpa.PersistedCategory#cat], creationDate=Tue Sep 02 14:29:57 IST 2025, entryId=entry2}
2025-09-02 14:29:58.060 [Thread-3] DEBUG o.h.internal.util.EntityPrinter - org.atomhopper.adapter.jpa.PersistedFeed{entries=[org.atomhopper.adapter.jpa.PersistedEntry#entry2], feedId=feed2, name=feed2}
2025-09-02 14:29:58.060 [Thread-3] DEBUG o.h.internal.util.EntityPrinter - org.atomhopper.adapter.jpa.PersistedCategory{term=cat, feedEntries=[]}
2025-09-02 14:29:58.061 [Thread-3] DEBUG o.h.service.spi.ServiceBinding - Overriding existing service binding [org.hibernate.engine.jdbc.batch.spi.BatchBuilder]
2025-09-02 14:29:58.061 [Thread-2] DEBUG o.h.service.spi.ServiceBinding - Overriding existing service binding [org.hibernate.service.jmx.spi.JmxService]
2025-09-02 14:29:58.061 [Thread-3] DEBUG org.hibernate.SQL - insert into Feeds (FeedID, Name) values (?, ?)
2025-09-02 14:29:58.061 [Thread-2] DEBUG org.hibernate.SQL - insert into Feeds (FeedID, Name) values (?, ?)
2025-09-02 14:29:58.062 [Thread-3] DEBUG org.hibernate.SQL - insert into Entries (CreationDate, DateLastUpdated, EntryBody, Feed, EntryID) values (?, ?, ?, ?, ?)
2025-09-02 14:29:58.062 [Thread-2] DEBUG org.hibernate.SQL - insert into Entries (CreationDate, DateLastUpdated, EntryBody, Feed, EntryID) values (?, ?, ?, ?, ?)
2025-09-02 14:29:58.063 [Thread-2] DEBUG org.hibernate.SQL - insert into Categories (Term) values (?)
2025-09-02 14:29:58.063 [Thread-3] DEBUG org.hibernate.SQL - insert into Categories (Term) values (?)
2025-09-02 14:29:58.063 [Thread-2] DEBUG o.h.p.c.AbstractCollectionPersister - Inserting collection: [org.atomhopper.adapter.jpa.PersistedEntry.categories#entry1]
2025-09-02 14:29:58.064 [Thread-2] DEBUG org.hibernate.SQL - insert into CategoryEntryReferences (entryId, category) values (?, ?)
2025-09-02 14:29:58.064 [Thread-2] DEBUG o.h.p.c.AbstractCollectionPersister - Done inserting collection: 1 rows inserted
2025-09-02 14:29:58.064 [Thread-2] DEBUG o.h.e.t.i.jdbc.JdbcTransaction - committed JDBC Connection
2025-09-02 14:29:58.065 [Thread-2] DEBUG o.a.h.HibernateFeedRepository - ~!$: Closing session. Elapsed time: 92
2025-09-02 14:29:58.065 [Thread-2] DEBUG o.h.e.j.internal.JdbcCoordinatorImpl - HHH000420: Closing un-released batch
2025-09-02 14:29:58.065 [Thread-2] DEBUG o.h.e.j.i.LogicalConnectionImpl - Releasing JDBC connection
2025-09-02 14:29:58.065 [Thread-2] DEBUG o.h.e.j.i.LogicalConnectionImpl - Released JDBC connection
2025-09-02 14:29:58.065 [Thread-2] DEBUG o.h.e.j.i.p.ConnectionProxyHandler - HHH000163: Logical connection releasing its physical connection
2025-09-02 14:29:58.065 [Thread-3] DEBUG o.h.e.jdbc.spi.SqlExceptionHelper - Unique index or primary key violation: "PUBLIC.PRIMARY_KEY_6 ON PUBLIC.CATEGORIES(TERM) VALUES ( /* 1 */ 'cat' )"; SQL statement:
insert into Categories (Term) values (?) [23505-210] [n/a]
org.h2.jdbc.JdbcSQLIntegrityConstraintViolationException: Unique index or primary key violation: "PUBLIC.PRIMARY_KEY_6 ON PUBLIC.CATEGORIES(TERM) VALUES ( /* 1 */ 'cat' )"; SQL statement:
insert into Categories (Term) values (?) [23505-210]
	at org.h2.message.DbException.getJdbcSQLException(DbException.java:527)
	at org.h2.message.DbException.getJdbcSQLException(DbException.java:496)
	at org.h2.message.DbException.get(DbException.java:227)
	at org.h2.message.DbException.get(DbException.java:203)
	at org.h2.index.Index.getDuplicateKeyException(Index.java:525)
	at org.h2.mvstore.db.MVSecondaryIndex.checkUnique(MVSecondaryIndex.java:223)
	at org.h2.mvstore.db.MVSecondaryIndex.add(MVSecondaryIndex.java:184)
	at org.h2.mvstore.db.MVTable.addRow(MVTable.java:519)
	at org.h2.command.dml.Insert.insertRows(Insert.java:174)
	at org.h2.command.dml.Insert.update(Insert.java:135)
	at org.h2.command.dml.DataChangeStatement.update(DataChangeStatement.java:61)
	at org.h2.command.CommandContainer.update(CommandContainer.java:174)
	at org.h2.command.Command.executeUpdate(Command.java:252)
	at org.h2.jdbc.JdbcPreparedStatement.executeUpdateInternal(JdbcPreparedStatement.java:209)
	at org.h2.jdbc.JdbcPreparedStatement.executeUpdate(JdbcPreparedStatement.java:169)
	at sun.reflect.NativeMethodAccessorImpl.invoke0(Native Method)
	at sun.reflect.NativeMethodAccessorImpl.invoke(NativeMethodAccessorImpl.java:62)
	at sun.reflect.DelegatingMethodAccessorImpl.invoke(DelegatingMethodAccessorImpl.java:43)
	at java.lang.reflect.Method.invoke(Method.java:498)
	at org.hibernate.engine.jdbc.internal.proxy.AbstractStatementProxyHandler.continueInvocation(AbstractStatementProxyHandler.java:122)
	at org.hibernate.engine.jdbc.internal.proxy.AbstractProxyHandler.invoke(AbstractProxyHandler.java:81)
	at com.sun.proxy.$Proxy22.executeUpdate(Unknown Source)
	at org.hibernate.engine.jdbc.batch.internal.NonBatchingBatch.addToBatch(NonBatchingBatch.java:56)
	at org.hibernate.persister.entity.AbstractEntityPersister.insert(AbstractEntityPersister.java:2859)
	at org.hibernate.persister.entity.AbstractEntityPersister.insert(AbstractEntityPersister.java:3300)
	at org.hibernate.action.internal.EntityInsertAction.execute(EntityInsertAction.java:88)
	at org.hibernate.engine.spi.ActionQueue.execute(ActionQueue.java:362)
	at org.hibernate.engine.spi.ActionQueue.executeActions(ActionQueue.java:354)
	at org.hibernate.engine.spi.ActionQueue.executeActions(ActionQueue.java:275)
	at org.hibernate.event.internal.AbstractFlushingEventListener.performExecutions(AbstractFlushingEventListener.java:326)
	at org.hibernate.event.internal.DefaultFlushEventListener.onFlush(DefaultFlushEventListener.java:52)
	at org.hibernate.internal.SessionImpl.flush(SessionImpl.java:1214)
	at org.hibernate.internal.SessionImpl.managedFlush(SessionImpl.java:403)
	at org.hibernate.engine.transaction.internal.jdbc.JdbcTransaction.beforeTransactionCommit(JdbcTransaction.java:101)
	at org.hibernate.engine.transaction.spi.AbstractTransactionImpl.commit(AbstractTransactionImpl.java:175)
	at org.atomhopper.hibernate.HibernateFeedRepository.performSimpleAction(HibernateFeedRepository.java:52)
	at org.atomhopper.hibernate.HibernateFeedRepository.saveEntry(HibernateFeedRepository.java:248)
	at org.atomhopper.hibernate.HibernateFeedRepositoryTest$WhenOperatingInParallel$2.run(HibernateFeedRepositoryTest.java:313)
	at org.atomhopper.hibernate.HibernateFeedRepositoryTest$WhenOperatingInParallel$2.run(HibernateFeedRepositoryTest.java:297)
	at org.atomhopper.hibernate.HibernateFeedRepositoryTest$WhenOperatingInParallel$Runner$1.run(HibernateFeedRepositoryTest.java:250)
	at java.lang.Thread.run(Thread.java:750)
2025-09-02 14:29:58.065 [Thread-3] WARN  o.h.e.jdbc.spi.SqlExceptionHelper - SQL Error: 23505, SQLState: 23505
2025-09-02 14:29:58.065 [Thread-3] ERROR o.h.e.jdbc.spi.SqlExceptionHelper - Unique index or primary key violation: "PUBLIC.PRIMARY_KEY_6 ON PUBLIC.CATEGORIES(TERM) VALUES ( /* 1 */ 'cat' )"; SQL statement:
insert into Categories (Term) values (?) [23505-210]
2025-09-02 14:29:58.066 [Thread-3] DEBUG o.h.e.t.spi.AbstractTransactionImpl - rolling back
2025-09-02 14:29:58.066 [Thread-3] DEBUG o.h.e.t.i.jdbc.JdbcTransaction - rolled JDBC Connection
2025-09-02 14:29:58.066 [Thread-3] DEBUG o.a.h.HibernateFeedRepository - ~!$: Closing session. Elapsed time: 93
2025-09-02 14:29:58.066 [Thread-3] DEBUG o.h.e.j.internal.JdbcCoordinatorImpl - HHH000420: Closing un-released batch
2025-09-02 14:29:58.066 [Thread-3] INFO  o.h.e.j.b.internal.AbstractBatchImpl - HHH000010: On release of batch it still contained JDBC statements
2025-09-02 14:29:58.066 [Thread-3] DEBUG o.h.e.j.i.LogicalConnectionImpl - Releasing JDBC connection
2025-09-02 14:29:58.066 [Thread-3] DEBUG o.h.e.j.i.LogicalConnectionImpl - Released JDBC connection
2025-09-02 14:29:58.066 [Thread-3] DEBUG o.h.e.j.i.p.ConnectionProxyHandler - HHH000163: Logical connection releasing its physical connection
2025-09-02 14:29:58.066 [Thread-3] DEBUG o.a.h.HibernateFeedRepository - ~!$: Simple Action Session begin: 1756803598066
2025-09-02 14:29:58.066 [Thread-3] DEBUG org.hibernate.internal.SessionImpl - Opened session at timestamp: 17568035980
2025-09-02 14:29:58.066 [Thread-3] DEBUG o.h.e.t.spi.AbstractTransactionImpl - begin
2025-09-02 14:29:58.066 [Thread-3] DEBUG o.h.e.j.i.LogicalConnectionImpl - Obtaining JDBC connection
2025-09-02 14:29:58.066 [Thread-3] DEBUG o.h.e.j.i.LogicalConnectionImpl - Obtained JDBC connection
2025-09-02 14:29:58.066 [Thread-3] DEBUG o.h.e.t.i.jdbc.JdbcTransaction - initial autocommit status: false
2025-09-02 14:29:58.066 [Thread-3] DEBUG org.hibernate.SQL - select this_.Name as Name0_0_, this_.FeedID as FeedID0_0_ from Feeds this_ where this_.Name = ?
2025-09-02 14:29:58.066 [Thread-3] DEBUG o.h.e.i.StatefulPersistenceContext - Initializing non-lazy collections
2025-09-02 14:29:58.067 [Thread-3] DEBUG org.hibernate.SQL - select persistedf_.Name, persistedf_.FeedID as FeedID0_ from Feeds persistedf_ where persistedf_.Name=?
2025-09-02 14:29:58.067 [Thread-3] DEBUG o.h.e.i.AbstractSaveEventListener - Generated identifier: feed2, using strategy: org.hibernate.id.Assigned
2025-09-02 14:29:58.067 [Thread-3] DEBUG o.h.e.i.AbstractSaveEventListener - Generated identifier: entry2, using strategy: org.hibernate.id.Assigned
2025-09-02 14:29:58.067 [Thread-3] DEBUG org.hibernate.SQL - select persistedc_.Term from Categories persistedc_ where persistedc_.Term=?
2025-09-02 14:29:58.068 [Thread-3] DEBUG o.h.e.t.spi.AbstractTransactionImpl - committing
2025-09-02 14:29:58.068 [Thread-3] DEBUG o.h.e.i.AbstractFlushingEventListener - Processing flush-time cascades
2025-09-02 14:29:58.068 [Thread-3] DEBUG o.h.e.i.AbstractFlushingEventListener - Dirty checking collections
2025-09-02 14:29:58.068 [Thread-3] DEBUG o.h.engine.internal.Collections - Collection found: [org.atomhopper.adapter.jpa.PersistedFeed.entries#feed2], was: [<unreferenced>] (initialized)
2025-09-02 14:29:58.068 [Thread-3] DEBUG o.h.engine.internal.Collections - Collection found: [org.atomhopper.adapter.jpa.PersistedEntry.categories#entry2], was: [<unreferenced>] (initialized)
2025-09-02 14:29:58.068 [Thread-3] DEBUG o.h.engine.internal.Collections - Collection found: [org.atomhopper.adapter.jpa.PersistedCategory.feedEntries#cat], was: [<unreferenced>] (initialized)
2025-09-02 14:29:58.068 [Thread-3] DEBUG o.h.e.i.AbstractFlushingEventListener - Flushed: 2 insertions, 0 updates, 0 deletions to 3 objects
2025-09-02 14:29:58.068 [Thread-3] DEBUG o.h.e.i.AbstractFlushingEventListener - Flushed: 3 (re)creations, 0 updates, 1 removals to 3 collections
2025-09-02 14:29:58.068 [Thread-3] DEBUG o.h.internal.util.EntityPrinter - Listing entities:
2025-09-02 14:29:58.068 [Thread-3] DEBUG o.h.internal.util.EntityPrinter - org.atomhopper.adapter.jpa.PersistedEntry{entryBody=null, feed=org.atomhopper.adapter.jpa.PersistedFeed#feed2, dateLastUpdated=Tue Sep 02 14:29:57 IST 2025, categories=[org.atomhopper.adapter.jpa.PersistedCategory#cat], creationDate=Tue Sep 02 14:29:57 IST 2025, entryId=entry2}
2025-09-02 14:29:58.068 [Thread-3] DEBUG o.h.internal.util.EntityPrinter - org.atomhopper.adapter.jpa.PersistedFeed{entries=[org.atomhopper.adapter.jpa.PersistedEntry#entry2], feedId=feed2, name=feed2}
2025-09-02 14:29:58.068 [Thread-3] DEBUG o.h.internal.util.EntityPrinter - org.atomhopper.adapter.jpa.PersistedCategory{term=cat, feedEntries=[]}
2025-09-02 14:29:58.069 [Thread-3] DEBUG org.hibernate.SQL - insert into Feeds (FeedID, Name) values (?, ?)
2025-09-02 14:29:58.069 [Thread-3] DEBUG org.hibernate.SQL - insert into Entries (CreationDate, DateLastUpdated, EntryBody, Feed, EntryID) values (?, ?, ?, ?, ?)
2025-09-02 14:29:58.070 [Thread-3] DEBUG o.h.p.c.AbstractCollectionPersister - Inserting collection: [org.atomhopper.adapter.jpa.PersistedEntry.categories#entry2]
2025-09-02 14:29:58.070 [Thread-3] DEBUG org.hibernate.SQL - insert into CategoryEntryReferences (entryId, category) values (?, ?)
2025-09-02 14:29:58.070 [Thread-3] DEBUG o.h.p.c.AbstractCollectionPersister - Done inserting collection: 1 rows inserted
2025-09-02 14:29:58.071 [Thread-3] DEBUG o.h.e.t.i.jdbc.JdbcTransaction - committed JDBC Connection
2025-09-02 14:29:58.071 [Thread-3] DEBUG o.a.h.HibernateFeedRepository - ~!$: Closing session. Elapsed time: 5
2025-09-02 14:29:58.071 [Thread-3] DEBUG o.h.e.j.internal.JdbcCoordinatorImpl - HHH000420: Closing un-released batch
2025-09-02 14:29:58.071 [Thread-3] DEBUG o.h.e.j.i.LogicalConnectionImpl - Releasing JDBC connection
2025-09-02 14:29:58.071 [Thread-3] DEBUG o.h.e.j.i.LogicalConnectionImpl - Released JDBC connection
2025-09-02 14:29:58.071 [Thread-3] DEBUG o.h.e.j.i.p.ConnectionProxyHandler - HHH000163: Logical connection releasing its physical connection
2025-09-02 14:29:58.073 [Thread-5] DEBUG o.a.h.HibernateFeedRepository - ~!$: Complex Action Session begin: 1756803598073
2025-09-02 14:29:58.073 [Thread-4] DEBUG o.a.h.HibernateFeedRepository - ~!$: Complex Action Session begin: 1756803598073
2025-09-02 14:29:58.073 [Thread-5] DEBUG org.hibernate.internal.SessionImpl - Opened session at timestamp: 17568035980
2025-09-02 14:29:58.073 [Thread-5] DEBUG o.h.e.t.spi.AbstractTransactionImpl - begin
2025-09-02 14:29:58.073 [Thread-5] DEBUG o.h.e.j.i.LogicalConnectionImpl - Obtaining JDBC connection
2025-09-02 14:29:58.073 [Thread-4] DEBUG org.hibernate.internal.SessionImpl - Opened session at timestamp: 17568035980
2025-09-02 14:29:58.073 [Thread-5] DEBUG o.h.e.j.i.LogicalConnectionImpl - Obtained JDBC connection
2025-09-02 14:29:58.073 [Thread-4] DEBUG o.h.e.t.spi.AbstractTransactionImpl - begin
2025-09-02 14:29:58.073 [Thread-4] DEBUG o.h.e.j.i.LogicalConnectionImpl - Obtaining JDBC connection
2025-09-02 14:29:58.073 [Thread-5] DEBUG o.h.e.t.i.jdbc.JdbcTransaction - initial autocommit status: false
2025-09-02 14:29:58.073 [Thread-4] DEBUG o.h.e.j.i.LogicalConnectionImpl - Obtained JDBC connection
2025-09-02 14:29:58.073 [Thread-4] DEBUG o.h.e.t.i.jdbc.JdbcTransaction - initial autocommit status: false
2025-09-02 14:29:58.074 [Thread-5] DEBUG org.hibernate.SQL - select this_.Term as Term2_0_ from Categories this_ where this_.Term = ?
2025-09-02 14:29:58.074 [Thread-4] DEBUG org.hibernate.SQL - select this_.Term as Term2_0_ from Categories this_ where this_.Term = ?
2025-09-02 14:29:58.074 [Thread-4] DEBUG o.h.e.i.StatefulPersistenceContext - Initializing non-lazy collections
2025-09-02 14:29:58.074 [Thread-5] DEBUG o.h.e.i.StatefulPersistenceContext - Initializing non-lazy collections
2025-09-02 14:29:58.074 [Thread-4] DEBUG o.h.e.i.AbstractSaveEventListener - Generated identifier: update, using strategy: org.hibernate.id.Assigned
2025-09-02 14:29:58.074 [Thread-5] DEBUG o.h.e.i.AbstractSaveEventListener - Generated identifier: update, using strategy: org.hibernate.id.Assigned
2025-09-02 14:29:58.074 [Thread-5] DEBUG o.h.e.t.spi.AbstractTransactionImpl - committing
2025-09-02 14:29:58.074 [Thread-4] DEBUG o.h.e.t.spi.AbstractTransactionImpl - committing
2025-09-02 14:29:58.074 [Thread-5] DEBUG o.h.e.i.AbstractFlushingEventListener - Processing flush-time cascades
2025-09-02 14:29:58.074 [Thread-4] DEBUG o.h.e.i.AbstractFlushingEventListener - Processing flush-time cascades
2025-09-02 14:29:58.074 [Thread-5] DEBUG o.h.e.i.AbstractFlushingEventListener - Dirty checking collections
2025-09-02 14:29:58.074 [Thread-4] DEBUG o.h.e.i.AbstractFlushingEventListener - Dirty checking collections
2025-09-02 14:29:58.074 [Thread-5] DEBUG o.h.engine.internal.Collections - Collection found: [org.atomhopper.adapter.jpa.PersistedCategory.feedEntries#update], was: [<unreferenced>] (initialized)
2025-09-02 14:29:58.074 [Thread-4] DEBUG o.h.engine.internal.Collections - Collection found: [org.atomhopper.adapter.jpa.PersistedCategory.feedEntries#update], was: [<unreferenced>] (initialized)
2025-09-02 14:29:58.074 [Thread-5] DEBUG o.h.e.i.AbstractFlushingEventListener - Flushed: 1 insertions, 0 updates, 0 deletions to 1 objects
2025-09-02 14:29:58.074 [Thread-4] DEBUG o.h.e.i.AbstractFlushingEventListener - Flushed: 1 insertions, 0 updates, 0 deletions to 1 objects
2025-09-02 14:29:58.074 [Thread-5] DEBUG o.h.e.i.AbstractFlushingEventListener - Flushed: 1 (re)creations, 0 updates, 0 removals to 1 collections
2025-09-02 14:29:58.074 [Thread-5] DEBUG o.h.internal.util.EntityPrinter - Listing entities:
2025-09-02 14:29:58.074 [Thread-4] DEBUG o.h.e.i.AbstractFlushingEventListener - Flushed: 1 (re)creations, 0 updates, 0 removals to 1 collections
2025-09-02 14:29:58.074 [Thread-4] DEBUG o.h.internal.util.EntityPrinter - Listing entities:
2025-09-02 14:29:58.074 [Thread-5] DEBUG o.h.internal.util.EntityPrinter - org.atomhopper.adapter.jpa.PersistedCategory{term=update, feedEntries=[]}
2025-09-02 14:29:58.074 [Thread-4] DEBUG o.h.internal.util.EntityPrinter - org.atomhopper.adapter.jpa.PersistedCategory{term=update, feedEntries=[]}
2025-09-02 14:29:58.074 [Thread-5] DEBUG org.hibernate.SQL - insert into Categories (Term) values (?)
2025-09-02 14:29:58.074 [Thread-4] DEBUG org.hibernate.SQL - insert into Categories (Term) values (?)
2025-09-02 14:29:58.075 [Thread-4] DEBUG o.h.e.t.i.jdbc.JdbcTransaction - committed JDBC Connection
2025-09-02 14:29:58.075 [Thread-4] DEBUG o.a.h.HibernateFeedRepository - ~!$: Closing session. Elapsed time: 2
2025-09-02 14:29:58.075 [Thread-4] DEBUG o.h.e.j.internal.JdbcCoordinatorImpl - HHH000420: Closing un-released batch
2025-09-02 14:29:58.075 [Thread-4] DEBUG o.h.e.j.i.LogicalConnectionImpl - Releasing JDBC connection
2025-09-02 14:29:58.075 [Thread-4] DEBUG o.h.e.j.i.LogicalConnectionImpl - Released JDBC connection
2025-09-02 14:29:58.075 [Thread-4] DEBUG o.h.e.j.i.p.ConnectionProxyHandler - HHH000163: Logical connection releasing its physical connection
2025-09-02 14:29:58.075 [Thread-5] DEBUG o.h.e.jdbc.spi.SqlExceptionHelper - Unique index or primary key violation: "PUBLIC.PRIMARY_KEY_6 ON PUBLIC.CATEGORIES(TERM) VALUES ( /* 9 */ 'update' )"; SQL statement:
insert into Categories (Term) values (?) [23505-210] [n/a]
org.h2.jdbc.JdbcSQLIntegrityConstraintViolationException: Unique index or primary key violation: "PUBLIC.PRIMARY_KEY_6 ON PUBLIC.CATEGORIES(TERM) VALUES ( /* 9 */ 'update' )"; SQL statement:
insert into Categories (Term) values (?) [23505-210]
	at org.h2.message.DbException.getJdbcSQLException(DbException.java:527)
	at org.h2.message.DbException.getJdbcSQLException(DbException.java:496)
	at org.h2.message.DbException.get(DbException.java:227)
	at org.h2.message.DbException.get(DbException.java:203)
	at org.h2.index.Index.getDuplicateKeyException(Index.java:525)
	at org.h2.mvstore.db.MVSecondaryIndex.checkUnique(MVSecondaryIndex.java:223)
	at org.h2.mvstore.db.MVSecondaryIndex.add(MVSecondaryIndex.java:184)
	at org.h2.mvstore.db.MVTable.addRow(MVTable.java:519)
	at org.h2.command.dml.Insert.insertRows(Insert.java:174)
	at org.h2.command.dml.Insert.update(Insert.java:135)
	at org.h2.command.dml.DataChangeStatement.update(DataChangeStatement.java:61)
	at org.h2.command.CommandContainer.update(CommandContainer.java:174)
	at org.h2.command.Command.executeUpdate(Command.java:252)
	at org.h2.jdbc.JdbcPreparedStatement.executeUpdateInternal(JdbcPreparedStatement.java:209)
	at org.h2.jdbc.JdbcPreparedStatement.executeUpdate(JdbcPreparedStatement.java:169)
	at sun.reflect.NativeMethodAccessorImpl.invoke0(Native Method)
	at sun.reflect.NativeMethodAccessorImpl.invoke(NativeMethodAccessorImpl.java:62)
	at sun.reflect.DelegatingMethodAccessorImpl.invoke(DelegatingMethodAccessorImpl.java:43)
	at java.lang.reflect.Method.invoke(Method.java:498)
	at org.hibernate.engine.jdbc.internal.proxy.AbstractStatementProxyHandler.continueInvocation(AbstractStatementProxyHandler.java:122)
	at org.hibernate.engine.jdbc.internal.proxy.AbstractProxyHandler.invoke(AbstractProxyHandler.java:81)
	at com.sun.proxy.$Proxy22.executeUpdate(Unknown Source)
	at org.hibernate.engine.jdbc.batch.internal.NonBatchingBatch.addToBatch(NonBatchingBatch.java:56)
	at org.hibernate.persister.entity.AbstractEntityPersister.insert(AbstractEntityPersister.java:2859)
	at org.hibernate.persister.entity.AbstractEntityPersister.insert(AbstractEntityPersister.java:3300)
	at org.hibernate.action.internal.EntityInsertAction.execute(EntityInsertAction.java:88)
	at org.hibernate.engine.spi.ActionQueue.execute(ActionQueue.java:362)
	at org.hibernate.engine.spi.ActionQueue.executeActions(ActionQueue.java:354)
	at org.hibernate.engine.spi.ActionQueue.executeActions(ActionQueue.java:275)
	at org.hibernate.event.internal.AbstractFlushingEventListener.performExecutions(AbstractFlushingEventListener.java:326)
	at org.hibernate.event.internal.DefaultFlushEventListener.onFlush(DefaultFlushEventListener.java:52)
	at org.hibernate.internal.SessionImpl.flush(SessionImpl.java:1214)
	at org.hibernate.internal.SessionImpl.managedFlush(SessionImpl.java:403)
	at org.hibernate.engine.transaction.internal.jdbc.JdbcTransaction.beforeTransactionCommit(JdbcTransaction.java:101)
	at org.hibernate.engine.transaction.spi.AbstractTransactionImpl.commit(AbstractTransactionImpl.java:175)
	at org.atomhopper.hibernate.HibernateFeedRepository.performComplexAction(HibernateFeedRepository.java:79)
	at org.atomhopper.hibernate.HibernateFeedRepository.updateCategories(HibernateFeedRepository.java:210)
	at org.atomhopper.hibernate.HibernateFeedRepositoryTest$WhenOperatingInParallel$4.run(HibernateFeedRepositoryTest.java:352)
	at org.atomhopper.hibernate.HibernateFeedRepositoryTest$WhenOperatingInParallel$4.run(HibernateFeedRepositoryTest.java:340)
	at org.atomhopper.hibernate.HibernateFeedRepositoryTest$WhenOperatingInParallel$Runner$1.run(HibernateFeedRepositoryTest.java:250)
	at java.lang.Thread.run(Thread.java:750)
2025-09-02 14:29:58.075 [Thread-5] WARN  o.h.e.jdbc.spi.SqlExceptionHelper - SQL Error: 23505, SQLState: 23505
2025-09-02 14:29:58.075 [Thread-5] ERROR o.h.e.jdbc.spi.SqlExceptionHelper - Unique index or primary key violation: "PUBLIC.PRIMARY_KEY_6 ON PUBLIC.CATEGORIES(TERM) VALUES ( /* 9 */ 'update' )"; SQL statement:
insert into Categories (Term) values (?) [23505-210]
2025-09-02 14:29:58.075 [Thread-5] DEBUG o.h.e.t.spi.AbstractTransactionImpl - rolling back
2025-09-02 14:29:58.075 [Thread-5] DEBUG o.h.e.t.i.jdbc.JdbcTransaction - rolled JDBC Connection
2025-09-02 14:29:58.075 [Thread-5] DEBUG o.a.h.HibernateFeedRepository - ~!$: Closing session. Elapsed time: 2
2025-09-02 14:29:58.075 [Thread-5] DEBUG o.h.e.j.internal.JdbcCoordinatorImpl - HHH000420: Closing un-released batch
2025-09-02 14:29:58.075 [Thread-5] INFO  o.h.e.j.b.internal.AbstractBatchImpl - HHH000010: On release of batch it still contained JDBC statements
2025-09-02 14:29:58.075 [Thread-5] DEBUG o.h.e.j.i.LogicalConnectionImpl - Releasing JDBC connection
2025-09-02 14:29:58.075 [Thread-5] DEBUG o.h.e.j.i.LogicalConnectionImpl - Released JDBC connection
2025-09-02 14:29:58.075 [Thread-5] DEBUG o.h.e.j.i.p.ConnectionProxyHandler - HHH000163: Logical connection releasing its physical connection
2025-09-02 14:29:58.075 [Thread-5] DEBUG o.a.h.HibernateFeedRepository - ~!$: Complex Action Session begin: 1756803598075
2025-09-02 14:29:58.075 [Thread-5] DEBUG org.hibernate.internal.SessionImpl - Opened session at timestamp: 17568035980
2025-09-02 14:29:58.075 [Thread-5] DEBUG o.h.e.t.spi.AbstractTransactionImpl - begin
2025-09-02 14:29:58.075 [Thread-5] DEBUG o.h.e.j.i.LogicalConnectionImpl - Obtaining JDBC connection
2025-09-02 14:29:58.075 [Thread-5] DEBUG o.h.e.j.i.LogicalConnectionImpl - Obtained JDBC connection
2025-09-02 14:29:58.075 [Thread-5] DEBUG o.h.e.t.i.jdbc.JdbcTransaction - initial autocommit status: false
2025-09-02 14:29:58.075 [Thread-5] DEBUG org.hibernate.SQL - select this_.Term as Term2_0_ from Categories this_ where this_.Term = ?
2025-09-02 14:29:58.076 [Thread-5] DEBUG org.hibernate.loader.Loader - Result set row: 0
2025-09-02 14:29:58.076 [Thread-5] DEBUG org.hibernate.loader.Loader - Result row: EntityKey[org.atomhopper.adapter.jpa.PersistedCategory#update]
2025-09-02 14:29:58.077 [Thread-5] DEBUG o.h.engine.internal.TwoPhaseLoad - Resolving associations for [org.atomhopper.adapter.jpa.PersistedCategory#update]
2025-09-02 14:29:58.077 [Thread-5] DEBUG o.h.engine.internal.TwoPhaseLoad - Done materializing entity [org.atomhopper.adapter.jpa.PersistedCategory#update]
2025-09-02 14:29:58.077 [Thread-5] DEBUG o.h.e.i.StatefulPersistenceContext - Initializing non-lazy collections
2025-09-02 14:29:58.077 [Thread-5] DEBUG o.h.e.t.spi.AbstractTransactionImpl - committing
2025-09-02 14:29:58.077 [Thread-5] DEBUG o.h.e.i.AbstractFlushingEventListener - Processing flush-time cascades
2025-09-02 14:29:58.077 [Thread-5] DEBUG o.h.e.i.AbstractFlushingEventListener - Dirty checking collections
2025-09-02 14:29:58.077 [Thread-5] DEBUG o.h.engine.internal.Collections - Collection found: [org.atomhopper.adapter.jpa.PersistedCategory.feedEntries#update], was: [org.atomhopper.adapter.jpa.PersistedCategory.feedEntries#update] (uninitialized)
2025-09-02 14:29:58.077 [Thread-5] DEBUG o.h.e.i.AbstractFlushingEventListener - Flushed: 0 insertions, 0 updates, 0 deletions to 1 objects
2025-09-02 14:29:58.077 [Thread-5] DEBUG o.h.e.i.AbstractFlushingEventListener - Flushed: 0 (re)creations, 0 updates, 0 removals to 1 collections
2025-09-02 14:29:58.077 [Thread-5] DEBUG o.h.internal.util.EntityPrinter - Listing entities:
2025-09-02 14:29:58.077 [Thread-5] DEBUG o.h.internal.util.EntityPrinter - org.atomhopper.adapter.jpa.PersistedCategory{term=update, feedEntries=<uninitialized>}
2025-09-02 14:29:58.077 [Thread-5] DEBUG o.h.e.t.i.jdbc.JdbcTransaction - committed JDBC Connection
2025-09-02 14:29:58.078 [Thread-5] DEBUG o.a.h.HibernateFeedRepository - ~!$: Closing session. Elapsed time: 3
2025-09-02 14:29:58.078 [Thread-5] DEBUG o.h.e.j.i.LogicalConnectionImpl - Releasing JDBC connection
2025-09-02 14:29:58.078 [Thread-5] DEBUG o.h.e.j.i.LogicalConnectionImpl - Released JDBC connection
2025-09-02 14:29:58.078 [Thread-5] DEBUG o.h.e.j.i.p.ConnectionProxyHandler - HHH000163: Logical connection releasing its physical connection
2025-09-02 14:29:58.078 [main] DEBUG org.hibernate.type.BasicTypeRegistry - Adding type registration boolean -> org.hibernate.type.BooleanType@2a40cd94
2025-09-02 14:29:58.078 [main] DEBUG org.hibernate.type.BasicTypeRegistry - Adding type registration boolean -> org.hibernate.type.BooleanType@2a40cd94
2025-09-02 14:29:58.078 [main] DEBUG org.hibernate.type.BasicTypeRegistry - Adding type registration java.lang.Boolean -> org.hibernate.type.BooleanType@2a40cd94
2025-09-02 14:29:58.078 [main] DEBUG org.hibernate.type.BasicTypeRegistry - Adding type registration numeric_boolean -> org.hibernate.type.NumericBooleanType@70a9f84e
2025-09-02 14:29:58.078 [main] DEBUG org.hibernate.type.BasicTypeRegistry - Adding type registration true_false -> org.hibernate.type.TrueFalseType@276438c9
2025-09-02 14:29:58.078 [main] DEBUG org.hibernate.type.BasicTypeRegistry - Adding type registration yes_no -> org.hibernate.type.YesNoType@77a57272
2025-09-02 14:29:58.078 [main] DEBUG org.hibernate.type.BasicTypeRegistry - Adding type registration byte -> org.hibernate.type.ByteType@1efee8e7
2025-09-02 14:29:58.078 [main] DEBUG org.hibernate.type.BasicTypeRegistry - Adding type registration byte -> org.hibernate.type.ByteType@1efee8e7
2025-09-02 14:29:58.078 [main] DEBUG org.hibernate.type.BasicTypeRegistry - Adding type registration java.lang.Byte -> org.hibernate.type.ByteType@1efee8e7
2025-09-02 14:29:58.078 [main] DEBUG org.hibernate.type.BasicTypeRegistry - Adding type registration character -> org.hibernate.type.CharacterType@32cf48b7
2025-09-02 14:29:58.078 [main] DEBUG org.hibernate.type.BasicTypeRegistry - Adding type registration char -> org.hibernate.type.CharacterType@32cf48b7
2025-09-02 14:29:58.078 [main] DEBUG org.hibernate.type.BasicTypeRegistry - Adding type registration java.lang.Character -> org.hibernate.type.CharacterType@32cf48b7
2025-09-02 14:29:58.078 [main] DEBUG org.hibernate.type.BasicTypeRegistry - Adding type registration short -> org.hibernate.type.ShortType@290dbf45
2025-09-02 14:29:58.078 [main] DEBUG org.hibernate.type.BasicTypeRegistry - Adding type registration short -> org.hibernate.type.ShortType@290dbf45
2025-09-02 14:29:58.078 [main] DEBUG org.hibernate.type.BasicTypeRegistry - Adding type registration java.lang.Short -> org.hibernate.type.ShortType@290dbf45
2025-09-02 14:29:58.078 [main] DEBUG org.hibernate.type.BasicTypeRegistry - Adding type registration integer -> org.hibernate.type.IntegerType@70beb599
2025-09-02 14:29:58.078 [main] DEBUG org.hibernate.type.BasicTypeRegistry - Adding type registration int -> org.hibernate.type.IntegerType@70beb599
2025-09-02 14:29:58.078 [main] DEBUG org.hibernate.type.BasicTypeRegistry - Adding type registration java.lang.Integer -> org.hibernate.type.IntegerType@70beb599
2025-09-02 14:29:58.078 [main] DEBUG org.hibernate.type.BasicTypeRegistry - Adding type registration long -> org.hibernate.type.LongType@282003e1
2025-09-02 14:29:58.078 [main] DEBUG org.hibernate.type.BasicTypeRegistry - Adding type registration long -> org.hibernate.type.LongType@282003e1
2025-09-02 14:29:58.078 [main] DEBUG org.hibernate.type.BasicTypeRegistry - Adding type registration java.lang.Long -> org.hibernate.type.LongType@282003e1
2025-09-02 14:29:58.078 [main] DEBUG org.hibernate.type.BasicTypeRegistry - Adding type registration float -> org.hibernate.type.FloatType@1dd02175
2025-09-02 14:29:58.078 [main] DEBUG org.hibernate.type.BasicTypeRegistry - Adding type registration float -> org.hibernate.type.FloatType@1dd02175
2025-09-02 14:29:58.078 [main] DEBUG org.hibernate.type.BasicTypeRegistry - Adding type registration java.lang.Float -> org.hibernate.type.FloatType@1dd02175
2025-09-02 14:29:58.078 [main] DEBUG org.hibernate.type.BasicTypeRegistry - Adding type registration double -> org.hibernate.type.DoubleType@4ba2ca36
2025-09-02 14:29:58.078 [main] DEBUG org.hibernate.type.BasicTypeRegistry - Adding type registration double -> org.hibernate.type.DoubleType@4ba2ca36
2025-09-02 14:29:58.078 [main] DEBUG org.hibernate.type.BasicTypeRegistry - Adding type registration java.lang.Double -> org.hibernate.type.DoubleType@4ba2ca36
2025-09-02 14:29:58.078 [main] DEBUG org.hibernate.type.BasicTypeRegistry - Adding type registration big_decimal -> org.hibernate.type.BigDecimalType@1445d7f
2025-09-02 14:29:58.078 [main] DEBUG org.hibernate.type.BasicTypeRegistry - Adding type registration java.math.BigDecimal -> org.hibernate.type.BigDecimalType@1445d7f
2025-09-02 14:29:58.078 [main] DEBUG org.hibernate.type.BasicTypeRegistry - Adding type registration big_integer -> org.hibernate.type.BigIntegerType@10b48321
2025-09-02 14:29:58.078 [main] DEBUG org.hibernate.type.BasicTypeRegistry - Adding type registration java.math.BigInteger -> org.hibernate.type.BigIntegerType@10b48321
2025-09-02 14:29:58.078 [main] DEBUG org.hibernate.type.BasicTypeRegistry - Adding type registration string -> org.hibernate.type.StringType@442675e1
2025-09-02 14:29:58.078 [main] DEBUG org.hibernate.type.BasicTypeRegistry - Adding type registration java.lang.String -> org.hibernate.type.StringType@442675e1
2025-09-02 14:29:58.078 [main] DEBUG org.hibernate.type.BasicTypeRegistry - Adding type registration url -> org.hibernate.type.UrlType@3d3fcdb0
2025-09-02 14:29:58.078 [main] DEBUG org.hibernate.type.BasicTypeRegistry - Adding type registration java.net.URL -> org.hibernate.type.UrlType@3d3fcdb0
2025-09-02 14:29:58.078 [main] DEBUG org.hibernate.type.BasicTypeRegistry - Adding type registration date -> org.hibernate.type.DateType@59717824
2025-09-02 14:29:58.078 [main] DEBUG org.hibernate.type.BasicTypeRegistry - Adding type registration java.sql.Date -> org.hibernate.type.DateType@59717824
2025-09-02 14:29:58.078 [main] DEBUG org.hibernate.type.BasicTypeRegistry - Adding type registration time -> org.hibernate.type.TimeType@646be2c3
2025-09-02 14:29:58.078 [main] DEBUG org.hibernate.type.BasicTypeRegistry - Adding type registration java.sql.Time -> org.hibernate.type.TimeType@646be2c3
2025-09-02 14:29:58.078 [main] DEBUG org.hibernate.type.BasicTypeRegistry - Adding type registration timestamp -> org.hibernate.type.TimestampType@78a2da20
2025-09-02 14:29:58.078 [main] DEBUG org.hibernate.type.BasicTypeRegistry - Adding type registration java.sql.Timestamp -> org.hibernate.type.TimestampType@78a2da20
2025-09-02 14:29:58.078 [main] DEBUG org.hibernate.type.BasicTypeRegistry - Adding type registration java.util.Date -> org.hibernate.type.TimestampType@78a2da20
2025-09-02 14:29:58.078 [main] DEBUG org.hibernate.type.BasicTypeRegistry - Adding type registration dbtimestamp -> org.hibernate.type.DbTimestampType@58fdd99
2025-09-02 14:29:58.078 [main] DEBUG org.hibernate.type.BasicTypeRegistry - Adding type registration calendar -> org.hibernate.type.CalendarType@7364985f
2025-09-02 14:29:58.078 [main] DEBUG org.hibernate.type.BasicTypeRegistry - Adding type registration java.util.Calendar -> org.hibernate.type.CalendarType@7364985f
2025-09-02 14:29:58.078 [main] DEBUG org.hibernate.type.BasicTypeRegistry - Adding type registration java.util.GregorianCalendar -> org.hibernate.type.CalendarType@7364985f
2025-09-02 14:29:58.079 [main] DEBUG org.hibernate.type.BasicTypeRegistry - Adding type registration calendar_date -> org.hibernate.type.CalendarDateType@3d36e4cd
2025-09-02 14:29:58.079 [main] DEBUG org.hibernate.type.BasicTypeRegistry - Adding type registration locale -> org.hibernate.type.LocaleType@b7f23d9
2025-09-02 14:29:58.079 [main] DEBUG org.hibernate.type.BasicTypeRegistry - Adding type registration java.util.Locale -> org.hibernate.type.LocaleType@b7f23d9
2025-09-02 14:29:58.079 [main] DEBUG org.hibernate.type.BasicTypeRegistry - Adding type registration currency -> org.hibernate.type.CurrencyType@f0f2775
2025-09-02 14:29:58.079 [main] DEBUG org.hibernate.type.BasicTypeRegistry - Adding type registration java.util.Currency -> org.hibernate.type.CurrencyType@f0f2775
2025-09-02 14:29:58.079 [main] DEBUG org.hibernate.type.BasicTypeRegistry - Adding type registration timezone -> org.hibernate.type.TimeZoneType@4d49af10
2025-09-02 14:29:58.079 [main] DEBUG org.hibernate.type.BasicTypeRegistry - Adding type registration java.util.TimeZone -> org.hibernate.type.TimeZoneType@4d49af10
2025-09-02 14:29:58.079 [main] DEBUG org.hibernate.type.BasicTypeRegistry - Adding type registration class -> org.hibernate.type.ClassType@351d0846
2025-09-02 14:29:58.079 [main] DEBUG org.hibernate.type.BasicTypeRegistry - Adding type registration java.lang.Class -> org.hibernate.type.ClassType@351d0846
2025-09-02 14:29:58.079 [main] DEBUG org.hibernate.type.BasicTypeRegistry - Adding type registration uuid-binary -> org.hibernate.type.UUIDBinaryType@64d2d351
2025-09-02 14:29:58.079 [main] DEBUG org.hibernate.type.BasicTypeRegistry - Adding type registration java.util.UUID -> org.hibernate.type.UUIDBinaryType@64d2d351
2025-09-02 14:29:58.079 [main] DEBUG org.hibernate.type.BasicTypeRegistry - Adding type registration uuid-char -> org.hibernate.type.UUIDCharType@3b2c72c2
2025-09-02 14:29:58.079 [main] DEBUG org.hibernate.type.BasicTypeRegistry - Adding type registration pg-uuid -> org.hibernate.type.PostgresUUIDType@2b4a2ec7
2025-09-02 14:29:58.079 [main] DEBUG org.hibernate.type.BasicTypeRegistry - Adding type registration binary -> org.hibernate.type.BinaryType@c8e4bb0
2025-09-02 14:29:58.079 [main] DEBUG org.hibernate.type.BasicTypeRegistry - Adding type registration byte[] -> org.hibernate.type.BinaryType@c8e4bb0
2025-09-02 14:29:58.079 [main] DEBUG org.hibernate.type.BasicTypeRegistry - Adding type registration [B -> org.hibernate.type.BinaryType@c8e4bb0
2025-09-02 14:29:58.079 [main] DEBUG org.hibernate.type.BasicTypeRegistry - Adding type registration wrapper-binary -> org.hibernate.type.WrapperBinaryType@7bb58ca3
2025-09-02 14:29:58.079 [main] DEBUG org.hibernate.type.BasicTypeRegistry - Adding type registration Byte[] -> org.hibernate.type.WrapperBinaryType@7bb58ca3
2025-09-02 14:29:58.079 [main] DEBUG org.hibernate.type.BasicTypeRegistry - Adding type registration [Ljava.lang.Byte; -> org.hibernate.type.WrapperBinaryType@7bb58ca3
2025-09-02 14:29:58.079 [main] DEBUG org.hibernate.type.BasicTypeRegistry - Adding type registration image -> org.hibernate.type.ImageType@61009542
2025-09-02 14:29:58.079 [main] DEBUG org.hibernate.type.BasicTypeRegistry - Adding type registration characters -> org.hibernate.type.CharArrayType@44a664f2
2025-09-02 14:29:58.079 [main] DEBUG org.hibernate.type.BasicTypeRegistry - Adding type registration char[] -> org.hibernate.type.CharArrayType@44a664f2
2025-09-02 14:29:58.079 [main] DEBUG org.hibernate.type.BasicTypeRegistry - Adding type registration [C -> org.hibernate.type.CharArrayType@44a664f2
2025-09-02 14:29:58.079 [main] DEBUG org.hibernate.type.BasicTypeRegistry - Adding type registration wrapper-characters -> org.hibernate.type.CharacterArrayType@15bb6bea
2025-09-02 14:29:58.079 [main] DEBUG org.hibernate.type.BasicTypeRegistry - Adding type registration [Ljava.lang.Character; -> org.hibernate.type.CharacterArrayType@15bb6bea
2025-09-02 14:29:58.079 [main] DEBUG org.hibernate.type.BasicTypeRegistry - Adding type registration Character[] -> org.hibernate.type.CharacterArrayType@15bb6bea
2025-09-02 14:29:58.079 [main] DEBUG org.hibernate.type.BasicTypeRegistry - Adding type registration text -> org.hibernate.type.TextType@41ee392b
2025-09-02 14:29:58.079 [main] DEBUG org.hibernate.type.BasicTypeRegistry - Adding type registration blob -> org.hibernate.type.BlobType@52e677af
2025-09-02 14:29:58.079 [main] DEBUG org.hibernate.type.BasicTypeRegistry - Adding type registration java.sql.Blob -> org.hibernate.type.BlobType@52e677af
2025-09-02 14:29:58.079 [main] DEBUG org.hibernate.type.BasicTypeRegistry - Adding type registration materialized_blob -> org.hibernate.type.MaterializedBlobType@341b80b2
2025-09-02 14:29:58.079 [main] DEBUG org.hibernate.type.BasicTypeRegistry - Adding type registration clob -> org.hibernate.type.ClobType@2c34f934
2025-09-02 14:29:58.079 [main] DEBUG org.hibernate.type.BasicTypeRegistry - Adding type registration java.sql.Clob -> org.hibernate.type.ClobType@2c34f934
2025-09-02 14:29:58.079 [main] DEBUG org.hibernate.type.BasicTypeRegistry - Adding type registration materialized_clob -> org.hibernate.type.MaterializedClobType@25a65b77
2025-09-02 14:29:58.079 [main] DEBUG org.hibernate.type.BasicTypeRegistry - Adding type registration serializable -> org.hibernate.type.SerializableType@2aece37d
2025-09-02 14:29:58.079 [main] DEBUG org.hibernate.type.BasicTypeRegistry - Adding type registration object -> org.hibernate.type.ObjectType@2d9d4f9d
2025-09-02 14:29:58.079 [main] DEBUG org.hibernate.type.BasicTypeRegistry - Adding type registration java.lang.Object -> org.hibernate.type.ObjectType@2d9d4f9d
2025-09-02 14:29:58.079 [main] DEBUG org.hibernate.type.BasicTypeRegistry - Adding type registration imm_date -> org.hibernate.type.AdaptedImmutableType@f001896
2025-09-02 14:29:58.079 [main] DEBUG org.hibernate.type.BasicTypeRegistry - Adding type registration imm_time -> org.hibernate.type.AdaptedImmutableType@13f17eb4
2025-09-02 14:29:58.079 [main] DEBUG org.hibernate.type.BasicTypeRegistry - Adding type registration imm_timestamp -> org.hibernate.type.AdaptedImmutableType@1d0d6318
2025-09-02 14:29:58.079 [main] DEBUG org.hibernate.type.BasicTypeRegistry - Adding type registration imm_dbtimestamp -> org.hibernate.type.AdaptedImmutableType@4bc28c33
2025-09-02 14:29:58.079 [main] DEBUG org.hibernate.type.BasicTypeRegistry - Adding type registration imm_calendar -> org.hibernate.type.AdaptedImmutableType@4409e975
2025-09-02 14:29:58.079 [main] DEBUG org.hibernate.type.BasicTypeRegistry - Adding type registration imm_calendar_date -> org.hibernate.type.AdaptedImmutableType@5c153b9e
2025-09-02 14:29:58.079 [main] DEBUG org.hibernate.type.BasicTypeRegistry - Adding type registration imm_binary -> org.hibernate.type.AdaptedImmutableType@2a7686a7
2025-09-02 14:29:58.079 [main] DEBUG org.hibernate.type.BasicTypeRegistry - Adding type registration imm_serializable -> org.hibernate.type.AdaptedImmutableType@758a34ce
2025-09-02 14:29:58.079 [main] DEBUG o.h.i.f.i.DefaultIdentifierGeneratorFactory - Registering IdentifierGenerator strategy [uuid2] -> [org.hibernate.id.UUIDGenerator]
2025-09-02 14:29:58.079 [main] DEBUG o.h.i.f.i.DefaultIdentifierGeneratorFactory - Registering IdentifierGenerator strategy [guid] -> [org.hibernate.id.GUIDGenerator]
2025-09-02 14:29:58.079 [main] DEBUG o.h.i.f.i.DefaultIdentifierGeneratorFactory - Registering IdentifierGenerator strategy [uuid] -> [org.hibernate.id.UUIDHexGenerator]
2025-09-02 14:29:58.079 [main] DEBUG o.h.i.f.i.DefaultIdentifierGeneratorFactory - Registering IdentifierGenerator strategy [uuid.hex] -> [org.hibernate.id.UUIDHexGenerator]
2025-09-02 14:29:58.079 [main] DEBUG o.h.i.f.i.DefaultIdentifierGeneratorFactory - Registering IdentifierGenerator strategy [hilo] -> [org.hibernate.id.TableHiLoGenerator]
2025-09-02 14:29:58.079 [main] DEBUG o.h.i.f.i.DefaultIdentifierGeneratorFactory - Registering IdentifierGenerator strategy [assigned] -> [org.hibernate.id.Assigned]
2025-09-02 14:29:58.079 [main] DEBUG o.h.i.f.i.DefaultIdentifierGeneratorFactory - Registering IdentifierGenerator strategy [identity] -> [org.hibernate.id.IdentityGenerator]
2025-09-02 14:29:58.079 [main] DEBUG o.h.i.f.i.DefaultIdentifierGeneratorFactory - Registering IdentifierGenerator strategy [select] -> [org.hibernate.id.SelectGenerator]
2025-09-02 14:29:58.079 [main] DEBUG o.h.i.f.i.DefaultIdentifierGeneratorFactory - Registering IdentifierGenerator strategy [sequence] -> [org.hibernate.id.SequenceGenerator]
2025-09-02 14:29:58.079 [main] DEBUG o.h.i.f.i.DefaultIdentifierGeneratorFactory - Registering IdentifierGenerator strategy [seqhilo] -> [org.hibernate.id.SequenceHiLoGenerator]
2025-09-02 14:29:58.079 [main] DEBUG o.h.i.f.i.DefaultIdentifierGeneratorFactory - Registering IdentifierGenerator strategy [increment] -> [org.hibernate.id.IncrementGenerator]
2025-09-02 14:29:58.079 [main] DEBUG o.h.i.f.i.DefaultIdentifierGeneratorFactory - Registering IdentifierGenerator strategy [foreign] -> [org.hibernate.id.ForeignGenerator]
2025-09-02 14:29:58.079 [main] DEBUG o.h.i.f.i.DefaultIdentifierGeneratorFactory - Registering IdentifierGenerator strategy [sequence-identity] -> [org.hibernate.id.SequenceIdentityGenerator]
2025-09-02 14:29:58.079 [main] DEBUG o.h.i.f.i.DefaultIdentifierGeneratorFactory - Registering IdentifierGenerator strategy [enhanced-sequence] -> [org.hibernate.id.enhanced.SequenceStyleGenerator]
2025-09-02 14:29:58.079 [main] DEBUG o.h.i.f.i.DefaultIdentifierGeneratorFactory - Registering IdentifierGenerator strategy [enhanced-table] -> [org.hibernate.id.enhanced.TableGenerator]
2025-09-02 14:29:58.080 [main] DEBUG o.h.i.internal.IntegratorServiceImpl - Adding Integrator [org.hibernate.cfg.beanvalidation.BeanValidationIntegrator].
2025-09-02 14:29:58.080 [main] DEBUG org.hibernate.cfg.Configuration - Preparing to build session factory with filters : {}
2025-09-02 14:29:58.080 [main] DEBUG org.hibernate.cfg.Configuration - Processing hbm.xml files
2025-09-02 14:29:58.080 [main] DEBUG org.hibernate.cfg.Configuration - Process annotated classes
2025-09-02 14:29:58.080 [main] DEBUG org.hibernate.cfg.AnnotationBinder - Binding entity from annotated class: org.atomhopper.adapter.jpa.PersistedFeed
2025-09-02 14:29:58.080 [main] DEBUG org.hibernate.cfg.Ejb3Column - Binding column: Ejb3DiscriminatorColumn{logicalColumnName'DTYPE', discriminatorTypeName='string'}
2025-09-02 14:29:58.080 [main] DEBUG org.hibernate.cfg.AnnotationBinder - No value specified for 'javax.persistence.sharedCache.mode'; using UNSPECIFIED
2025-09-02 14:29:58.080 [main] DEBUG o.h.cfg.annotations.EntityBinder - Import with entity name PersistedFeed
2025-09-02 14:29:58.080 [main] DEBUG o.h.cfg.annotations.EntityBinder - Bind entity org.atomhopper.adapter.jpa.PersistedFeed on table Feeds
2025-09-02 14:29:58.081 [main] DEBUG org.hibernate.cfg.Ejb3Column - Binding column: Ejb3Column{table=org.hibernate.mapping.Table(Feeds), mappingColumn=Name, insertable=true, updatable=true, unique=false}
2025-09-02 14:29:58.081 [main] DEBUG o.h.cfg.annotations.PropertyBinder - MetadataSourceProcessor property name with lazy=false
2025-09-02 14:29:58.081 [main] DEBUG o.h.c.annotations.SimpleValueBinder - building SimpleValue for name
2025-09-02 14:29:58.081 [main] DEBUG o.h.cfg.annotations.PropertyBinder - Building property name
2025-09-02 14:29:58.081 [main] DEBUG org.hibernate.cfg.Ejb3Column - Binding column: Ejb3JoinColumn{logicalColumnName='null', referencedColumn='null', mappedBy='feed'}
2025-09-02 14:29:58.081 [main] DEBUG org.hibernate.cfg.Ejb3Column - Binding column: Ejb3Column{table=org.hibernate.mapping.Table(Feeds), mappingColumn=entries, insertable=true, updatable=true, unique=false}
2025-09-02 14:29:58.081 [main] DEBUG org.hibernate.cfg.Ejb3Column - Binding column: Ejb3Column{table=org.hibernate.mapping.Table(Feeds), mappingColumn=null, insertable=true, updatable=true, unique=false}
2025-09-02 14:29:58.081 [main] DEBUG org.hibernate.cfg.Ejb3Column - Binding column: Ejb3Column{table=org.hibernate.mapping.Table(Feeds), mappingColumn=element, insertable=true, updatable=true, unique=false}
2025-09-02 14:29:58.081 [main] DEBUG org.hibernate.cfg.Ejb3Column - Binding column: Ejb3Column{table=org.hibernate.mapping.Table(Feeds), mappingColumn=entries_KEY, insertable=true, updatable=true, unique=false}
2025-09-02 14:29:58.081 [main] DEBUG org.hibernate.cfg.Ejb3Column - Binding column: Ejb3JoinColumn{logicalColumnName='entries_KEY', referencedColumn='null', mappedBy='null'}
2025-09-02 14:29:58.081 [main] DEBUG org.hibernate.cfg.Ejb3Column - Binding column: Ejb3JoinColumn{logicalColumnName='null', referencedColumn='null', mappedBy='feed'}
2025-09-02 14:29:58.081 [main] DEBUG org.hibernate.cfg.Ejb3Column - Binding column: Ejb3JoinColumn{logicalColumnName='null', referencedColumn='null', mappedBy='feed'}
2025-09-02 14:29:58.081 [main] DEBUG o.h.cfg.annotations.CollectionBinder - Collection role: org.atomhopper.adapter.jpa.PersistedFeed.entries
2025-09-02 14:29:58.081 [main] DEBUG o.h.cfg.annotations.PropertyBinder - Building property entries
2025-09-02 14:29:58.081 [main] DEBUG org.hibernate.cfg.Ejb3Column - Binding column: Ejb3Column{table=org.hibernate.mapping.Table(Feeds), mappingColumn=FeedID, insertable=true, updatable=true, unique=false}
2025-09-02 14:29:58.081 [main] DEBUG o.h.cfg.annotations.PropertyBinder - MetadataSourceProcessor property feedId with lazy=false
2025-09-02 14:29:58.081 [main] DEBUG o.h.c.annotations.SimpleValueBinder - building SimpleValue for feedId
2025-09-02 14:29:58.081 [main] DEBUG o.h.cfg.annotations.PropertyBinder - Building property feedId
2025-09-02 14:29:58.081 [main] DEBUG org.hibernate.cfg.AnnotationBinder - Binding entity from annotated class: org.atomhopper.adapter.jpa.PersistedEntry
2025-09-02 14:29:58.081 [main] DEBUG org.hibernate.cfg.Ejb3Column - Binding column: Ejb3DiscriminatorColumn{logicalColumnName'DTYPE', discriminatorTypeName='string'}
2025-09-02 14:29:58.081 [main] DEBUG org.hibernate.cfg.AnnotationBinder - No value specified for 'javax.persistence.sharedCache.mode'; using UNSPECIFIED
2025-09-02 14:29:58.081 [main] DEBUG o.h.cfg.annotations.EntityBinder - Import with entity name PersistedEntry
2025-09-02 14:29:58.081 [main] DEBUG o.h.cfg.annotations.EntityBinder - Bind entity org.atomhopper.adapter.jpa.PersistedEntry on table Entries
2025-09-02 14:29:58.082 [main] DEBUG org.hibernate.cfg.Ejb3Column - Binding column: Ejb3Column{table=org.hibernate.mapping.Table(Entries), mappingColumn=EntryID, insertable=true, updatable=true, unique=false}
2025-09-02 14:29:58.082 [main] DEBUG o.h.cfg.annotations.PropertyBinder - MetadataSourceProcessor property entryId with lazy=false
2025-09-02 14:29:58.082 [main] DEBUG o.h.c.annotations.SimpleValueBinder - building SimpleValue for entryId
2025-09-02 14:29:58.082 [main] DEBUG o.h.cfg.annotations.PropertyBinder - Building property entryId
2025-09-02 14:29:58.082 [main] DEBUG org.hibernate.cfg.Ejb3Column - Binding column: Ejb3Column{table=org.hibernate.mapping.Table(Entries), mappingColumn=null, insertable=true, updatable=true, unique=false}
2025-09-02 14:29:58.082 [main] DEBUG org.hibernate.cfg.Ejb3Column - Binding column: Ejb3Column{table=org.hibernate.mapping.Table(Entries), mappingColumn=element, insertable=true, updatable=true, unique=false}
2025-09-02 14:29:58.082 [main] DEBUG org.hibernate.cfg.Ejb3Column - Binding column: Ejb3Column{table=org.hibernate.mapping.Table(Entries), mappingColumn=categories_KEY, insertable=true, updatable=true, unique=false}
2025-09-02 14:29:58.082 [main] DEBUG org.hibernate.cfg.Ejb3Column - Binding column: Ejb3JoinColumn{logicalColumnName='categories_KEY', referencedColumn='null', mappedBy='null'}
2025-09-02 14:29:58.082 [main] DEBUG org.hibernate.cfg.Ejb3Column - Binding column: Ejb3JoinColumn{logicalColumnName='entryId', referencedColumn='EntryID', mappedBy=''}
2025-09-02 14:29:58.082 [main] DEBUG org.hibernate.cfg.Ejb3Column - Binding column: Ejb3JoinColumn{logicalColumnName='category', referencedColumn='Term', mappedBy=''}
2025-09-02 14:29:58.082 [main] DEBUG o.h.cfg.annotations.CollectionBinder - Collection role: org.atomhopper.adapter.jpa.PersistedEntry.categories
2025-09-02 14:29:58.082 [main] DEBUG o.h.cfg.annotations.PropertyBinder - Building property categories
2025-09-02 14:29:58.082 [main] DEBUG org.hibernate.cfg.Ejb3Column - Binding column: Ejb3Column{table=org.hibernate.mapping.Table(Entries), mappingColumn=CreationDate, insertable=true, updatable=true, unique=false}
2025-09-02 14:29:58.082 [main] DEBUG o.h.cfg.annotations.PropertyBinder - MetadataSourceProcessor property creationDate with lazy=false
2025-09-02 14:29:58.082 [main] DEBUG o.h.c.annotations.SimpleValueBinder - building SimpleValue for creationDate
2025-09-02 14:29:58.082 [main] DEBUG o.h.cfg.annotations.PropertyBinder - Building property creationDate
2025-09-02 14:29:58.082 [main] DEBUG org.hibernate.cfg.Ejb3Column - Binding column: Ejb3Column{table=org.hibernate.mapping.Table(Entries), mappingColumn=DateLastUpdated, insertable=true, updatable=true, unique=false}
2025-09-02 14:29:58.082 [main] DEBUG o.h.cfg.annotations.PropertyBinder - MetadataSourceProcessor property dateLastUpdated with lazy=false
2025-09-02 14:29:58.082 [main] DEBUG o.h.c.annotations.SimpleValueBinder - building SimpleValue for dateLastUpdated
2025-09-02 14:29:58.082 [main] DEBUG o.h.cfg.annotations.PropertyBinder - Building property dateLastUpdated
2025-09-02 14:29:58.082 [main] DEBUG org.hibernate.cfg.Ejb3Column - Binding column: Ejb3Column{table=org.hibernate.mapping.Table(Entries), mappingColumn=EntryBody, insertable=true, updatable=true, unique=false}
2025-09-02 14:29:58.082 [main] DEBUG o.h.cfg.annotations.PropertyBinder - MetadataSourceProcessor property entryBody with lazy=false
2025-09-02 14:29:58.082 [main] DEBUG o.h.c.annotations.SimpleValueBinder - building SimpleValue for entryBody
2025-09-02 14:29:58.082 [main] DEBUG o.h.cfg.annotations.PropertyBinder - Building property entryBody
2025-09-02 14:29:58.083 [main] DEBUG org.hibernate.cfg.Ejb3Column - Binding column: Ejb3JoinColumn{logicalColumnName='Feed', referencedColumn='', mappedBy=''}
2025-09-02 14:29:58.083 [main] DEBUG org.hibernate.cfg.Ejb3Column - Binding column: Ejb3Column{table=org.hibernate.mapping.Table(Entries), mappingColumn=feed, insertable=true, updatable=true, unique=false}
2025-09-02 14:29:58.083 [main] DEBUG o.h.cfg.annotations.PropertyBinder - Building property feed
2025-09-02 14:29:58.083 [main] DEBUG org.hibernate.cfg.AnnotationBinder - Binding entity from annotated class: org.atomhopper.adapter.jpa.PersistedCategory
2025-09-02 14:29:58.083 [main] DEBUG org.hibernate.cfg.Ejb3Column - Binding column: Ejb3DiscriminatorColumn{logicalColumnName'DTYPE', discriminatorTypeName='string'}
2025-09-02 14:29:58.083 [main] DEBUG org.hibernate.cfg.AnnotationBinder - No value specified for 'javax.persistence.sharedCache.mode'; using UNSPECIFIED
2025-09-02 14:29:58.083 [main] DEBUG o.h.cfg.annotations.EntityBinder - Import with entity name PersistedCategory
2025-09-02 14:29:58.083 [main] DEBUG o.h.cfg.annotations.EntityBinder - Bind entity org.atomhopper.adapter.jpa.PersistedCategory on table Categories
2025-09-02 14:29:58.083 [main] DEBUG org.hibernate.cfg.Ejb3Column - Binding column: Ejb3Column{table=org.hibernate.mapping.Table(Categories), mappingColumn=Term, insertable=true, updatable=true, unique=false}
2025-09-02 14:29:58.083 [main] DEBUG o.h.cfg.annotations.PropertyBinder - MetadataSourceProcessor property term with lazy=false
2025-09-02 14:29:58.083 [main] DEBUG o.h.c.annotations.SimpleValueBinder - building SimpleValue for term
2025-09-02 14:29:58.083 [main] DEBUG o.h.cfg.annotations.PropertyBinder - Building property term
2025-09-02 14:29:58.083 [main] DEBUG org.hibernate.cfg.Ejb3Column - Binding column: Ejb3Column{table=org.hibernate.mapping.Table(Categories), mappingColumn=null, insertable=true, updatable=true, unique=false}
2025-09-02 14:29:58.083 [main] DEBUG org.hibernate.cfg.Ejb3Column - Binding column: Ejb3Column{table=org.hibernate.mapping.Table(Categories), mappingColumn=element, insertable=true, updatable=true, unique=false}
2025-09-02 14:29:58.083 [main] DEBUG org.hibernate.cfg.Ejb3Column - Binding column: Ejb3Column{table=org.hibernate.mapping.Table(Categories), mappingColumn=feedEntries_KEY, insertable=true, updatable=true, unique=false}
2025-09-02 14:29:58.083 [main] DEBUG org.hibernate.cfg.Ejb3Column - Binding column: Ejb3JoinColumn{logicalColumnName='feedEntries_KEY', referencedColumn='null', mappedBy='null'}
2025-09-02 14:29:58.083 [main] DEBUG org.hibernate.cfg.Ejb3Column - Binding column: Ejb3JoinColumn{logicalColumnName='null', referencedColumn='null', mappedBy='categories'}
2025-09-02 14:29:58.083 [main] DEBUG org.hibernate.cfg.Ejb3Column - Binding column: Ejb3JoinColumn{logicalColumnName='null', referencedColumn='null', mappedBy='categories'}
2025-09-02 14:29:58.083 [main] DEBUG o.h.cfg.annotations.CollectionBinder - Collection role: org.atomhopper.adapter.jpa.PersistedCategory.feedEntries
2025-09-02 14:29:58.083 [main] DEBUG o.h.cfg.annotations.PropertyBinder - Building property feedEntries
2025-09-02 14:29:58.083 [main] DEBUG o.h.c.annotations.SimpleValueBinder - Setting SimpleValue typeName for name
2025-09-02 14:29:58.083 [main] DEBUG o.h.c.annotations.SimpleValueBinder - Setting SimpleValue typeName for feedId
2025-09-02 14:29:58.083 [main] DEBUG o.h.c.annotations.SimpleValueBinder - Setting SimpleValue typeName for entryId
2025-09-02 14:29:58.084 [main] DEBUG o.h.c.annotations.SimpleValueBinder - Setting SimpleValue typeName for creationDate
2025-09-02 14:29:58.084 [main] DEBUG o.h.c.annotations.SimpleValueBinder - Setting SimpleValue typeName for dateLastUpdated
2025-09-02 14:29:58.084 [main] DEBUG o.h.c.annotations.SimpleValueBinder - Setting SimpleValue typeName for entryBody
2025-09-02 14:29:58.084 [main] DEBUG o.h.c.annotations.SimpleValueBinder - Setting SimpleValue typeName for term
2025-09-02 14:29:58.084 [main] DEBUG org.hibernate.cfg.Configuration - Processing fk mappings (*ToOne and JoinedSubclass)
2025-09-02 14:29:58.084 [main] DEBUG org.hibernate.cfg.Configuration - Processing extends queue
2025-09-02 14:29:58.084 [main] DEBUG org.hibernate.cfg.Configuration - Processing extends queue
2025-09-02 14:29:58.084 [main] DEBUG org.hibernate.cfg.Configuration - Processing collection mappings
2025-09-02 14:29:58.084 [main] DEBUG o.hibernate.cfg.CollectionSecondPass - Second pass for collection: org.atomhopper.adapter.jpa.PersistedEntry.categories
2025-09-02 14:29:58.084 [main] DEBUG o.h.cfg.annotations.CollectionBinder - Binding as ManyToMany: org.atomhopper.adapter.jpa.PersistedEntry.categories
2025-09-02 14:29:58.084 [main] DEBUG o.hibernate.cfg.CollectionSecondPass - Mapped collection key: entryId, element: category
2025-09-02 14:29:58.084 [main] DEBUG o.hibernate.cfg.CollectionSecondPass - Second pass for collection: org.atomhopper.adapter.jpa.PersistedFeed.entries
2025-09-02 14:29:58.084 [main] DEBUG o.h.cfg.annotations.CollectionBinder - Binding a OneToMany: org.atomhopper.adapter.jpa.PersistedFeed.entries through a foreign key
2025-09-02 14:29:58.084 [main] DEBUG o.h.cfg.annotations.CollectionBinder - Mapping collection: org.atomhopper.adapter.jpa.PersistedFeed.entries -> Entries
2025-09-02 14:29:58.084 [main] DEBUG o.h.cfg.annotations.TableBinder - Retrieving property org.atomhopper.adapter.jpa.PersistedEntry.feed
2025-09-02 14:29:58.084 [main] DEBUG o.hibernate.cfg.CollectionSecondPass - Mapped collection key: Feed, one-to-many: org.atomhopper.adapter.jpa.PersistedEntry
2025-09-02 14:29:58.084 [main] DEBUG o.hibernate.cfg.CollectionSecondPass - Second pass for collection: org.atomhopper.adapter.jpa.PersistedCategory.feedEntries
2025-09-02 14:29:58.084 [main] DEBUG o.h.cfg.annotations.CollectionBinder - Binding as ManyToMany: org.atomhopper.adapter.jpa.PersistedCategory.feedEntries
2025-09-02 14:29:58.084 [main] DEBUG o.h.cfg.annotations.TableBinder - Retrieving property org.atomhopper.adapter.jpa.PersistedEntry.categories
2025-09-02 14:29:58.084 [main] DEBUG o.hibernate.cfg.CollectionSecondPass - Mapped collection key: category, element: entryId
2025-09-02 14:29:58.084 [main] DEBUG org.hibernate.cfg.Configuration - Processing native query and ResultSetMapping mappings
2025-09-02 14:29:58.084 [main] DEBUG org.hibernate.cfg.Configuration - Processing association property references
2025-09-02 14:29:58.084 [main] DEBUG org.hibernate.cfg.Configuration - Processing foreign key constraints
2025-09-02 14:29:58.084 [main] DEBUG org.hibernate.cfg.Configuration - Resolving reference to class: org.atomhopper.adapter.jpa.PersistedCategory
2025-09-02 14:29:58.084 [main] DEBUG org.hibernate.cfg.Configuration - Resolving reference to class: org.atomhopper.adapter.jpa.PersistedEntry
2025-09-02 14:29:58.084 [main] DEBUG org.hibernate.cfg.Configuration - Resolving reference to class: org.atomhopper.adapter.jpa.PersistedFeed
2025-09-02 14:29:58.084 [main] INFO  o.h.s.j.c.i.DriverManagerConnectionProviderImpl - HHH000402: Using Hibernate built-in connection pool (not for production use!)
2025-09-02 14:29:58.084 [main] INFO  o.h.s.j.c.i.DriverManagerConnectionProviderImpl - HHH000115: Hibernate connection pool size: 20
2025-09-02 14:29:58.084 [main] INFO  o.h.s.j.c.i.DriverManagerConnectionProviderImpl - HHH000006: Autocommit mode: false
2025-09-02 14:29:58.084 [main] INFO  o.h.s.j.c.i.DriverManagerConnectionProviderImpl - HHH000401: using driver [org.h2.Driver] at URL [jdbc:h2:mem:WhenGettingCategories]
2025-09-02 14:29:58.084 [main] INFO  o.h.s.j.c.i.DriverManagerConnectionProviderImpl - HHH000046: Connection properties: {user=sa, password=}
2025-09-02 14:29:58.084 [main] DEBUG o.h.s.j.c.i.DriverManagerConnectionProviderImpl - Opening new JDBC connection
2025-09-02 14:29:58.086 [main] DEBUG o.h.s.j.c.i.DriverManagerConnectionProviderImpl - Created connection to: jdbc:h2:mem:WhenGettingCategories, Isolation Level: 2
2025-09-02 14:29:58.086 [main] DEBUG o.h.e.jdbc.internal.JdbcServicesImpl - Database ->
       name : H2
    version : 2.1.210 (2022-01-17)
      major : 2
      minor : 1
2025-09-02 14:29:58.086 [main] DEBUG o.h.e.jdbc.internal.JdbcServicesImpl - Driver ->
       name : H2 JDBC Driver
    version : 2.1.210 (2022-01-17)
      major : 2
      minor : 1
2025-09-02 14:29:58.086 [main] DEBUG o.h.e.jdbc.internal.JdbcServicesImpl - JDBC version : 4.2
2025-09-02 14:29:58.087 [main] INFO  org.hibernate.dialect.Dialect - HHH000400: Using dialect: org.hibernate.dialect.H2Dialect
2025-09-02 14:29:58.088 [main] DEBUG org.hibernate.cfg.SettingsFactory - Automatic flush during beforeCompletion(): disabled
2025-09-02 14:29:58.088 [main] DEBUG org.hibernate.cfg.SettingsFactory - Automatic session close at end of transaction: disabled
2025-09-02 14:29:58.088 [main] DEBUG org.hibernate.cfg.SettingsFactory - JDBC batch size: 15
2025-09-02 14:29:58.088 [main] DEBUG org.hibernate.cfg.SettingsFactory - JDBC batch updates for versioned data: disabled
2025-09-02 14:29:58.088 [main] DEBUG org.hibernate.cfg.SettingsFactory - Scrollable result sets: enabled
2025-09-02 14:29:58.088 [main] DEBUG org.hibernate.cfg.SettingsFactory - Wrap result sets: disabled
2025-09-02 14:29:58.088 [main] DEBUG org.hibernate.cfg.SettingsFactory - JDBC3 getGeneratedKeys(): enabled
2025-09-02 14:29:58.088 [main] DEBUG org.hibernate.cfg.SettingsFactory - Connection release mode: auto
2025-09-02 14:29:58.088 [main] INFO  o.h.e.t.i.TransactionFactoryInitiator - HHH000399: Using default transaction strategy (direct JDBC transactions)
2025-09-02 14:29:58.088 [main] DEBUG org.hibernate.cfg.SettingsFactory - Default batch fetch size: 1
2025-09-02 14:29:58.088 [main] DEBUG org.hibernate.cfg.SettingsFactory - Generate SQL with comments: disabled
2025-09-02 14:29:58.088 [main] DEBUG org.hibernate.cfg.SettingsFactory - Order SQL updates by primary key: disabled
2025-09-02 14:29:58.088 [main] DEBUG org.hibernate.cfg.SettingsFactory - Order SQL inserts for batching: disabled
2025-09-02 14:29:58.088 [main] DEBUG org.hibernate.cfg.SettingsFactory - Query translator: org.hibernate.hql.internal.ast.ASTQueryTranslatorFactory
2025-09-02 14:29:58.088 [main] INFO  o.h.h.i.a.ASTQueryTranslatorFactory - HHH000397: Using ASTQueryTranslatorFactory
2025-09-02 14:29:58.088 [main] DEBUG org.hibernate.cfg.SettingsFactory - Query language substitutions: {}
2025-09-02 14:29:58.088 [main] DEBUG org.hibernate.cfg.SettingsFactory - JPA-QL strict compliance: disabled
2025-09-02 14:29:58.088 [main] DEBUG org.hibernate.cfg.SettingsFactory - Second-level cache: enabled
2025-09-02 14:29:58.088 [main] DEBUG org.hibernate.cfg.SettingsFactory - Query cache: disabled
2025-09-02 14:29:58.088 [main] DEBUG org.hibernate.cfg.SettingsFactory - Cache region factory : org.hibernate.cache.internal.NoCachingRegionFactory
2025-09-02 14:29:58.088 [main] DEBUG org.hibernate.cfg.SettingsFactory - org.hibernate.cache.internal.NoCachingRegionFactory did not provide constructor accepting java.util.Properties; attempting no-arg constructor.
2025-09-02 14:29:58.088 [main] DEBUG org.hibernate.cfg.SettingsFactory - Optimize cache for minimal puts: disabled
2025-09-02 14:29:58.088 [main] DEBUG org.hibernate.cfg.SettingsFactory - Structured second-level cache entries: disabled
2025-09-02 14:29:58.088 [main] DEBUG org.hibernate.cfg.SettingsFactory - Statistics: disabled
2025-09-02 14:29:58.088 [main] DEBUG org.hibernate.cfg.SettingsFactory - Deleted entity synthetic identifier rollback: disabled
2025-09-02 14:29:58.088 [main] DEBUG org.hibernate.cfg.SettingsFactory - Default entity-mode: pojo
2025-09-02 14:29:58.088 [main] DEBUG org.hibernate.cfg.SettingsFactory - Named query checking : enabled
2025-09-02 14:29:58.088 [main] DEBUG org.hibernate.cfg.SettingsFactory - Check Nullability in Core (should be disabled when Bean Validation is on): enabled
2025-09-02 14:29:58.088 [main] DEBUG org.hibernate.cfg.SettingsFactory - multi-tenancy strategy : NONE
2025-09-02 14:29:58.088 [main] DEBUG o.h.internal.SessionFactoryImpl - Building session factory
2025-09-02 14:29:58.088 [main] DEBUG o.h.internal.SessionFactoryImpl - Session factory constructed with filter configurations : {}
2025-09-02 14:29:58.088 [main] DEBUG o.h.internal.SessionFactoryImpl - Instantiating session factory with properties: {java.runtime.name=OpenJDK Runtime Environment, hibernate.connection.password=, sun.boot.library.path=/Users/srihari.kalthireddy/.sdkman/candidates/java/8.0.462-amzn/jre/lib, java.vm.version=25.462-b08, hibernate.connection.username=sa, gopherProxySet=false, java.vm.vendor=Amazon.com Inc., java.vendor.url=https://aws.amazon.com/corretto/, path.separator=:, java.vm.name=OpenJDK 64-Bit Server VM, file.encoding.pkg=sun.io, user.country=IN, sun.java.launcher=SUN_STANDARD, sun.os.patch.level=unknown, java.vm.specification.name=Java Virtual Machine Specification, user.dir=/Users/srihari.kalthireddy/projects/atom-hopper/adapters/hibernate, java.runtime.version=1.8.0_462-b08, java.awt.graphicsenv=sun.awt.CGraphicsEnvironment, basedir=/Users/srihari.kalthireddy/projects/atom-hopper/adapters/hibernate, java.endorsed.dirs=/Users/srihari.kalthireddy/.sdkman/candidates/java/8.0.462-amzn/jre/lib/endorsed, os.arch=aarch64, surefire.real.class.path=/Users/srihari.kalthireddy/projects/atom-hopper/adapters/hibernate/target/surefire/surefirebooter7093617471829027574.jar, java.io.tmpdir=/var/folders/dt/wtf24ks508b73xsrhxp8vh_80000gp/T/, line.separator=
, java.vm.specification.vendor=Oracle Corporation, os.name=Mac OS X, sun.jnu.encoding=UTF-8, java.library.path=/Users/srihari.kalthireddy/Library/Java/Extensions:/Library/Java/Extensions:/Network/Library/Java/Extensions:/System/Library/Java/Extensions:/usr/lib/java:., surefire.test.class.path=/Users/srihari.kalthireddy/projects/atom-hopper/adapters/hibernate/target/test-classes:/Users/srihari.kalthireddy/projects/atom-hopper/adapters/hibernate/target/classes:/Users/srihari.kalthireddy/projects/atom-hopper/hopper/target/core-1.2.35.jar:/Users/srihari.kalthireddy/.m2/repository/org/apache/abdera/abdera-server/1.1.2/abdera-server-1.1.2.jar:/Users/srihari.kalthireddy/.m2/repository/org/apache/abdera/abdera-parser/1.1.2/abdera-parser-1.1.2.jar:/Users/srihari.kalthireddy/.m2/repository/org/apache/ws/commons/axiom/axiom-impl/1.2.10/axiom-impl-1.2.10.jar:/Users/srihari.kalthireddy/.m2/repository/org/apache/ws/commons/axiom/axiom-api/1.2.10/axiom-api-1.2.10.jar:/Users/srihari.kalthireddy/.m2/repository/org/apache/geronimo/specs/geronimo-activation_1.1_spec/1.0.2/geronimo-activation_1.1_spec-1.0.2.jar:/Users/srihari.kalthireddy/.m2/repository/org/apache/geronimo/specs/geronimo-javamail_1.4_spec/1.6/geronimo-javamail_1.4_spec-1.6.jar:/Users/srihari.kalthireddy/.m2/repository/org/codehaus/woodstox/wstx-asl/3.2.6/wstx-asl-3.2.6.jar:/Users/srihari.kalthireddy/.m2/repository/jaxen/jaxen/1.1.1/jaxen-1.1.1.jar:/Users/srihari.kalthireddy/.m2/repository/xml-apis/xml-apis/1.4.01/xml-apis-1.4.01.jar:/Users/srihari.kalthireddy/.m2/repository/xerces/xercesImpl/2.12.2/xercesImpl-2.12.2.jar:/Users/srihari.kalthireddy/.m2/repository/javax/servlet/servlet-api/2.5/servlet-api-2.5.jar:/Users/srihari.kalthireddy/.m2/repository/javax/mail/mail/1.4/mail-1.4.jar:/Users/srihari.kalthireddy/.m2/repository/javax/activation/activation/1.1/activation-1.1.jar:/Users/srihari.kalthireddy/.m2/repository/org/apache/abdera/abdera-extensions-json/1.1.2/abdera-extensions-json-1.1.2.jar:/Users/srihari.kalthireddy/.m2/repository/org/apache/abdera/abdera-extensions-main/1.1.2/abdera-extensions-main-1.1.2.jar:/Users/srihari.kalthireddy/.m2/repository/org/apache/abdera/abdera-client/1.1.2/abdera-client-1.1.2.jar:/Users/srihari.kalthireddy/.m2/repository/commons-httpclient/commons-httpclient/3.1/commons-httpclient-3.1.jar:/Users/srihari.kalthireddy/.m2/repository/org/apache/abdera/abdera-extensions-html/1.1.2/abdera-extensions-html-1.1.2.jar:/Users/srihari.kalthireddy/.m2/repository/nu/validator/htmlparser/htmlparser/1.0.5/htmlparser-1.0.5.jar:/Users/srihari.kalthireddy/.m2/repository/org/springframework/spring-core/5.2.25.RELEASE/spring-core-5.2.25.RELEASE.jar:/Users/srihari.kalthireddy/.m2/repository/org/springframework/spring-jcl/5.2.25.RELEASE/spring-jcl-5.2.25.RELEASE.jar:/Users/srihari.kalthireddy/.m2/repository/org/springframework/spring-beans/5.2.25.RELEASE/spring-beans-5.2.25.RELEASE.jar:/Users/srihari.kalthireddy/.m2/repository/org/springframework/spring-context/5.2.25.RELEASE/spring-context-5.2.25.RELEASE.jar:/Users/srihari.kalthireddy/.m2/repository/org/springframework/spring-aop/5.2.25.RELEASE/spring-aop-5.2.25.RELEASE.jar:/Users/srihari.kalthireddy/.m2/repository/org/springframework/spring-expression/4.2.5.RELEASE/spring-expression-4.2.5.RELEASE.jar:/Users/srihari.kalthireddy/.m2/repository/org/springframework/spring-web/5.2.25.RELEASE/spring-web-5.2.25.RELEASE.jar:/Users/srihari.kalthireddy/.m2/repository/commons-lang/commons-lang/2.6/commons-lang-2.6.jar:/Users/srihari.kalthireddy/.m2/repository/com/google/code/gson/gson/2.8.9/gson-2.8.9.jar:/Users/srihari.kalthireddy/.m2/repository/ch/qos/logback/logback-classic/1.2.0/logback-classic-1.2.0.jar:/Users/srihari.kalthireddy/.m2/repository/ch/qos/logback/logback-core/1.2.9/logback-core-1.2.9.jar:/Users/srihari.kalthireddy/.m2/repository/me/moocar/logback-gelf/0.9.6/logback-gelf-0.9.6.jar:/Users/srihari.kalthireddy/.m2/repository/com/codahale/metrics/metrics-core/3.0.1/metrics-core-3.0.1.jar:/Users/srihari.kalthireddy/.m2/repository/com/codahale/metrics/metrics-graphite/3.0.1/metrics-graphite-3.0.1.jar:/Users/srihari.kalthireddy/.m2/repository/org/apache/tomcat/tomcat-jdbc/7.0.27/tomcat-jdbc-7.0.27.jar:/Users/srihari.kalthireddy/.m2/repository/org/apache/tomcat/tomcat-juli/7.0.27/tomcat-juli-7.0.27.jar:/Users/srihari.kalthireddy/.m2/repository/com/fasterxml/jackson/core/jackson-annotations/2.12.7/jackson-annotations-2.12.7.jar:/Users/srihari.kalthireddy/.m2/repository/com/fasterxml/jackson/core/jackson-databind/2.12.7.1/jackson-databind-2.12.7.1.jar:/Users/srihari.kalthireddy/.m2/repository/com/fasterxml/jackson/core/jackson-core/2.12.7/jackson-core-2.12.7.jar:/Users/srihari.kalthireddy/.m2/repository/org/hibernate/hibernate-core/4.1.3.Final/hibernate-core-4.1.3.Final.jar:/Users/srihari.kalthireddy/.m2/repository/antlr/antlr/2.7.7/antlr-2.7.7.jar:/Users/srihari.kalthireddy/.m2/repository/org/jboss/logging/jboss-logging/3.1.0.GA/jboss-logging-3.1.0.GA.jar:/Users/srihari.kalthireddy/.m2/repository/org/jboss/spec/javax/transaction/jboss-transaction-api_1.1_spec/1.0.0.Final/jboss-transaction-api_1.1_spec-1.0.0.Final.jar:/Users/srihari.kalthireddy/.m2/repository/dom4j/dom4j/1.6.1/dom4j-1.6.1.jar:/Users/srihari.kalthireddy/.m2/repository/org/hibernate/javax/persistence/hibernate-jpa-2.0-api/1.0.1.Final/hibernate-jpa-2.0-api-1.0.1.Final.jar:/Users/srihari.kalthireddy/.m2/repository/org/hibernate/common/hibernate-commons-annotations/4.0.1.Final/hibernate-commons-annotations-4.0.1.Final.jar:/Users/srihari.kalthireddy/.m2/repository/org/javassist/javassist/3.16.1-GA/javassist-3.16.1-GA.jar:/Users/srihari.kalthireddy/.m2/repository/com/h2database/h2/2.1.210/h2-2.1.210.jar:/Users/srihari.kalthireddy/.m2/repository/org/hibernate/hibernate-c3p0/4.1.3.Final/hibernate-c3p0-4.1.3.Final.jar:/Users/srihari.kalthireddy/.m2/repository/c3p0/c3p0/0.9.1/c3p0-0.9.1.jar:/Users/srihari.kalthireddy/.m2/repository/org/apache/abdera/abdera-core/1.1.2/abdera-core-1.1.2.jar:/Users/srihari.kalthireddy/.m2/repository/org/apache/abdera/abdera-i18n/1.1.2/abdera-i18n-1.1.2.jar:/Users/srihari.kalthireddy/.m2/repository/org/apache/geronimo/specs/geronimo-activation_1.0.2_spec/1.1/geronimo-activation_1.0.2_spec-1.1.jar:/Users/srihari.kalthireddy/.m2/repository/org/apache/geronimo/specs/geronimo-stax-api_1.0_spec/1.0.1/geronimo-stax-api_1.0_spec-1.0.1.jar:/Users/srihari.kalthireddy/.m2/repository/commons-codec/commons-codec/1.4/commons-codec-1.4.jar:/Users/srihari.kalthireddy/.m2/repository/commons-logging/commons-logging/1.0.4/commons-logging-1.0.4.jar:/Users/srihari.kalthireddy/.m2/repository/org/slf4j/slf4j-api/1.7.16/slf4j-api-1.7.16.jar:/Users/srihari.kalthireddy/.m2/repository/org/mockito/mockito-all/1.8.5/mockito-all-1.8.5.jar:/Users/srihari.kalthireddy/.m2/repository/junit/junit/4.13.1/junit-4.13.1.jar:/Users/srihari.kalthireddy/.m2/repository/org/hamcrest/hamcrest-core/1.3/hamcrest-core-1.3.jar:/Users/srihari.kalthireddy/.m2/repository/com/yammer/metrics/metrics-core/2.2.0/metrics-core-2.2.0.jar:, java.specification.name=Java Platform API Specification, java.class.version=52.0, sun.management.compiler=HotSpot 64-Bit Tiered Compilers, os.version=15.6, http.nonProxyHosts=local|*.local|169.254/16|*.169.254/16, user.home=/Users/srihari.kalthireddy, user.timezone=Asia/Kolkata, java.awt.printerjob=sun.lwawt.macosx.CPrinterJob, java.specification.version=1.8, file.encoding=UTF-8, hibernate.connection.driver_class=org.h2.Driver, user.name=srihari.kalthireddy, java.class.path=/Users/srihari.kalthireddy/projects/atom-hopper/adapters/hibernate/target/test-classes:/Users/srihari.kalthireddy/projects/atom-hopper/adapters/hibernate/target/classes:/Users/srihari.kalthireddy/projects/atom-hopper/hopper/target/core-1.2.35.jar:/Users/srihari.kalthireddy/.m2/repository/org/apache/abdera/abdera-server/1.1.2/abdera-server-1.1.2.jar:/Users/srihari.kalthireddy/.m2/repository/org/apache/abdera/abdera-parser/1.1.2/abdera-parser-1.1.2.jar:/Users/srihari.kalthireddy/.m2/repository/org/apache/ws/commons/axiom/axiom-impl/1.2.10/axiom-impl-1.2.10.jar:/Users/srihari.kalthireddy/.m2/repository/org/apache/ws/commons/axiom/axiom-api/1.2.10/axiom-api-1.2.10.jar:/Users/srihari.kalthireddy/.m2/repository/org/apache/geronimo/specs/geronimo-activation_1.1_spec/1.0.2/geronimo-activation_1.1_spec-1.0.2.jar:/Users/srihari.kalthireddy/.m2/repository/org/apache/geronimo/specs/geronimo-javamail_1.4_spec/1.6/geronimo-javamail_1.4_spec-1.6.jar:/Users/srihari.kalthireddy/.m2/repository/org/codehaus/woodstox/wstx-asl/3.2.6/wstx-asl-3.2.6.jar:/Users/srihari.kalthireddy/.m2/repository/jaxen/jaxen/1.1.1/jaxen-1.1.1.jar:/Users/srihari.kalthireddy/.m2/repository/xml-apis/xml-apis/1.4.01/xml-apis-1.4.01.jar:/Users/srihari.kalthireddy/.m2/repository/xerces/xercesImpl/2.12.2/xercesImpl-2.12.2.jar:/Users/srihari.kalthireddy/.m2/repository/javax/servlet/servlet-api/2.5/servlet-api-2.5.jar:/Users/srihari.kalthireddy/.m2/repository/javax/mail/mail/1.4/mail-1.4.jar:/Users/srihari.kalthireddy/.m2/repository/javax/activation/activation/1.1/activation-1.1.jar:/Users/srihari.kalthireddy/.m2/repository/org/apache/abdera/abdera-extensions-json/1.1.2/abdera-extensions-json-1.1.2.jar:/Users/srihari.kalthireddy/.m2/repository/org/apache/abdera/abdera-extensions-main/1.1.2/abdera-extensions-main-1.1.2.jar:/Users/srihari.kalthireddy/.m2/repository/org/apache/abdera/abdera-client/1.1.2/abdera-client-1.1.2.jar:/Users/srihari.kalthireddy/.m2/repository/commons-httpclient/commons-httpclient/3.1/commons-httpclient-3.1.jar:/Users/srihari.kalthireddy/.m2/repository/org/apache/abdera/abdera-extensions-html/1.1.2/abdera-extensions-html-1.1.2.jar:/Users/srihari.kalthireddy/.m2/repository/nu/validator/htmlparser/htmlparser/1.0.5/htmlparser-1.0.5.jar:/Users/srihari.kalthireddy/.m2/repository/org/springframework/spring-core/5.2.25.RELEASE/spring-core-5.2.25.RELEASE.jar:/Users/srihari.kalthireddy/.m2/repository/org/springframework/spring-jcl/5.2.25.RELEASE/spring-jcl-5.2.25.RELEASE.jar:/Users/srihari.kalthireddy/.m2/repository/org/springframework/spring-beans/5.2.25.RELEASE/spring-beans-5.2.25.RELEASE.jar:/Users/srihari.kalthireddy/.m2/repository/org/springframework/spring-context/5.2.25.RELEASE/spring-context-5.2.25.RELEASE.jar:/Users/srihari.kalthireddy/.m2/repository/org/springframework/spring-aop/5.2.25.RELEASE/spring-aop-5.2.25.RELEASE.jar:/Users/srihari.kalthireddy/.m2/repository/org/springframework/spring-expression/4.2.5.RELEASE/spring-expression-4.2.5.RELEASE.jar:/Users/srihari.kalthireddy/.m2/repository/org/springframework/spring-web/5.2.25.RELEASE/spring-web-5.2.25.RELEASE.jar:/Users/srihari.kalthireddy/.m2/repository/commons-lang/commons-lang/2.6/commons-lang-2.6.jar:/Users/srihari.kalthireddy/.m2/repository/com/google/code/gson/gson/2.8.9/gson-2.8.9.jar:/Users/srihari.kalthireddy/.m2/repository/ch/qos/logback/logback-classic/1.2.0/logback-classic-1.2.0.jar:/Users/srihari.kalthireddy/.m2/repository/ch/qos/logback/logback-core/1.2.9/logback-core-1.2.9.jar:/Users/srihari.kalthireddy/.m2/repository/me/moocar/logback-gelf/0.9.6/logback-gelf-0.9.6.jar:/Users/srihari.kalthireddy/.m2/repository/com/codahale/metrics/metrics-core/3.0.1/metrics-core-3.0.1.jar:/Users/srihari.kalthireddy/.m2/repository/com/codahale/metrics/metrics-graphite/3.0.1/metrics-graphite-3.0.1.jar:/Users/srihari.kalthireddy/.m2/repository/org/apache/tomcat/tomcat-jdbc/7.0.27/tomcat-jdbc-7.0.27.jar:/Users/srihari.kalthireddy/.m2/repository/org/apache/tomcat/tomcat-juli/7.0.27/tomcat-juli-7.0.27.jar:/Users/srihari.kalthireddy/.m2/repository/com/fasterxml/jackson/core/jackson-annotations/2.12.7/jackson-annotations-2.12.7.jar:/Users/srihari.kalthireddy/.m2/repository/com/fasterxml/jackson/core/jackson-databind/2.12.7.1/jackson-databind-2.12.7.1.jar:/Users/srihari.kalthireddy/.m2/repository/com/fasterxml/jackson/core/jackson-core/2.12.7/jackson-core-2.12.7.jar:/Users/srihari.kalthireddy/.m2/repository/org/hibernate/hibernate-core/4.1.3.Final/hibernate-core-4.1.3.Final.jar:/Users/srihari.kalthireddy/.m2/repository/antlr/antlr/2.7.7/antlr-2.7.7.jar:/Users/srihari.kalthireddy/.m2/repository/org/jboss/logging/jboss-logging/3.1.0.GA/jboss-logging-3.1.0.GA.jar:/Users/srihari.kalthireddy/.m2/repository/org/jboss/spec/javax/transaction/jboss-transaction-api_1.1_spec/1.0.0.Final/jboss-transaction-api_1.1_spec-1.0.0.Final.jar:/Users/srihari.kalthireddy/.m2/repository/dom4j/dom4j/1.6.1/dom4j-1.6.1.jar:/Users/srihari.kalthireddy/.m2/repository/org/hibernate/javax/persistence/hibernate-jpa-2.0-api/1.0.1.Final/hibernate-jpa-2.0-api-1.0.1.Final.jar:/Users/srihari.kalthireddy/.m2/repository/org/hibernate/common/hibernate-commons-annotations/4.0.1.Final/hibernate-commons-annotations-4.0.1.Final.jar:/Users/srihari.kalthireddy/.m2/repository/org/javassist/javassist/3.16.1-GA/javassist-3.16.1-GA.jar:/Users/srihari.kalthireddy/.m2/repository/com/h2database/h2/2.1.210/h2-2.1.210.jar:/Users/srihari.kalthireddy/.m2/repository/org/hibernate/hibernate-c3p0/4.1.3.Final/hibernate-c3p0-4.1.3.Final.jar:/Users/srihari.kalthireddy/.m2/repository/c3p0/c3p0/0.9.1/c3p0-0.9.1.jar:/Users/srihari.kalthireddy/.m2/repository/org/apache/abdera/abdera-core/1.1.2/abdera-core-1.1.2.jar:/Users/srihari.kalthireddy/.m2/repository/org/apache/abdera/abdera-i18n/1.1.2/abdera-i18n-1.1.2.jar:/Users/srihari.kalthireddy/.m2/repository/org/apache/geronimo/specs/geronimo-activation_1.0.2_spec/1.1/geronimo-activation_1.0.2_spec-1.1.jar:/Users/srihari.kalthireddy/.m2/repository/org/apache/geronimo/specs/geronimo-stax-api_1.0_spec/1.0.1/geronimo-stax-api_1.0_spec-1.0.1.jar:/Users/srihari.kalthireddy/.m2/repository/commons-codec/commons-codec/1.4/commons-codec-1.4.jar:/Users/srihari.kalthireddy/.m2/repository/commons-logging/commons-logging/1.0.4/commons-logging-1.0.4.jar:/Users/srihari.kalthireddy/.m2/repository/org/slf4j/slf4j-api/1.7.16/slf4j-api-1.7.16.jar:/Users/srihari.kalthireddy/.m2/repository/org/mockito/mockito-all/1.8.5/mockito-all-1.8.5.jar:/Users/srihari.kalthireddy/.m2/repository/junit/junit/4.13.1/junit-4.13.1.jar:/Users/srihari.kalthireddy/.m2/repository/org/hamcrest/hamcrest-core/1.3/hamcrest-core-1.3.jar:/Users/srihari.kalthireddy/.m2/repository/com/yammer/metrics/metrics-core/2.2.0/metrics-core-2.2.0.jar:, hibernate.bytecode.use_reflection_optimizer=false, java.vm.specification.version=1.8, sun.arch.data.model=64, java.home=/Users/srihari.kalthireddy/.sdkman/candidates/java/8.0.462-amzn/jre, sun.java.command=/Users/srihari.kalthireddy/projects/atom-hopper/adapters/hibernate/target/surefire/surefirebooter7093617471829027574.jar /Users/srihari.kalthireddy/projects/atom-hopper/adapters/hibernate/target/surefire/surefire7473032124132446789tmp /Users/srihari.kalthireddy/projects/atom-hopper/adapters/hibernate/target/surefire/surefire948785358173371727tmp, hibernate.connection.url=jdbc:h2:mem:WhenGettingCategories, hibernate.dialect=org.hibernate.dialect.H2Dialect, java.specification.vendor=Oracle Corporation, user.language=en, awt.toolkit=sun.lwawt.macosx.LWCToolkit, java.vm.info=mixed mode, java.version=1.8.0_462, java.ext.dirs=/Users/srihari.kalthireddy/Library/Java/Extensions:/Users/srihari.kalthireddy/.sdkman/candidates/java/8.0.462-amzn/jre/lib/ext:/Library/Java/Extensions:/Network/Library/Java/Extensions:/System/Library/Java/Extensions:/usr/lib/java, sun.boot.class.path=/Users/srihari.kalthireddy/.sdkman/candidates/java/8.0.462-amzn/jre/lib/resources.jar:/Users/srihari.kalthireddy/.sdkman/candidates/java/8.0.462-amzn/jre/lib/rt.jar:/Users/srihari.kalthireddy/.sdkman/candidates/java/8.0.462-amzn/jre/lib/sunrsasign.jar:/Users/srihari.kalthireddy/.sdkman/candidates/java/8.0.462-amzn/jre/lib/jsse.jar:/Users/srihari.kalthireddy/.sdkman/candidates/java/8.0.462-amzn/jre/lib/jce.jar:/Users/srihari.kalthireddy/.sdkman/candidates/java/8.0.462-amzn/jre/lib/charsets.jar:/Users/srihari.kalthireddy/.sdkman/candidates/java/8.0.462-amzn/jre/lib/jfr.jar:/Users/srihari.kalthireddy/.sdkman/candidates/java/8.0.462-amzn/jre/classes, java.vendor=Amazon.com Inc., java.specification.maintenance.version=6, localRepository=/Users/srihari.kalthireddy/.m2/repository, file.separator=/, java.vendor.url.bug=https://github.com/corretto/corretto-8/issues/, hibernate.hbm2ddl.auto=update, sun.cpu.endian=little, sun.io.unicode.encoding=UnicodeBig, socksNonProxyHosts=local|*.local|169.254/16|*.169.254/16, ftp.nonProxyHosts=local|*.local|169.254/16|*.169.254/16, sun.cpu.isalist=}
2025-09-02 14:29:58.089 [main] DEBUG o.h.i.f.i.DefaultIdentifierGeneratorFactory - Setting dialect [org.hibernate.dialect.H2Dialect]
2025-09-02 14:29:58.089 [main] DEBUG o.h.i.f.i.DefaultIdentifierGeneratorFactory - Setting dialect [org.hibernate.dialect.H2Dialect]
2025-09-02 14:29:58.089 [main] DEBUG o.h.i.f.i.DefaultIdentifierGeneratorFactory - Setting dialect [org.hibernate.dialect.H2Dialect]
2025-09-02 14:29:58.090 [main] DEBUG o.h.p.entity.AbstractEntityPersister - Static SQL for entity: org.atomhopper.adapter.jpa.PersistedEntry
2025-09-02 14:29:58.090 [main] DEBUG o.h.p.entity.AbstractEntityPersister -  Version select: select EntryID from Entries where EntryID =?
2025-09-02 14:29:58.090 [main] DEBUG o.h.p.entity.AbstractEntityPersister -  Snapshot select: select persistede_.EntryID, persistede_.CreationDate as Creation2_8_, persistede_.DateLastUpdated as DateLast3_8_, persistede_.EntryBody as EntryBody8_, persistede_.Feed as Feed8_ from Entries persistede_ where persistede_.EntryID=?
2025-09-02 14:29:58.090 [main] DEBUG o.h.p.entity.AbstractEntityPersister -  Insert 0: insert into Entries (CreationDate, DateLastUpdated, EntryBody, Feed, EntryID) values (?, ?, ?, ?, ?)
2025-09-02 14:29:58.090 [main] DEBUG o.h.p.entity.AbstractEntityPersister -  Update 0: update Entries set CreationDate=?, DateLastUpdated=?, EntryBody=?, Feed=? where EntryID=?
2025-09-02 14:29:58.090 [main] DEBUG o.h.p.entity.AbstractEntityPersister -  Delete 0: delete from Entries where EntryID=?
2025-09-02 14:29:58.090 [main] DEBUG o.h.p.entity.AbstractEntityPersister - Static SQL for entity: org.atomhopper.adapter.jpa.PersistedCategory
2025-09-02 14:29:58.090 [main] DEBUG o.h.p.entity.AbstractEntityPersister -  Version select: select Term from Categories where Term =?
2025-09-02 14:29:58.090 [main] DEBUG o.h.p.entity.AbstractEntityPersister -  Snapshot select: select persistedc_.Term from Categories persistedc_ where persistedc_.Term=?
2025-09-02 14:29:58.090 [main] DEBUG o.h.p.entity.AbstractEntityPersister -  Insert 0: insert into Categories (Term) values (?)
2025-09-02 14:29:58.090 [main] DEBUG o.h.p.entity.AbstractEntityPersister -  Update 0: null
2025-09-02 14:29:58.090 [main] DEBUG o.h.p.entity.AbstractEntityPersister -  Delete 0: delete from Categories where Term=?
2025-09-02 14:29:58.090 [main] DEBUG o.h.p.entity.AbstractEntityPersister - Static SQL for entity: org.atomhopper.adapter.jpa.PersistedFeed
2025-09-02 14:29:58.090 [main] DEBUG o.h.p.entity.AbstractEntityPersister -  Version select: select Name from Feeds where Name =?
2025-09-02 14:29:58.090 [main] DEBUG o.h.p.entity.AbstractEntityPersister -  Snapshot select: select persistedf_.Name, persistedf_.FeedID as FeedID7_ from Feeds persistedf_ where persistedf_.Name=?
2025-09-02 14:29:58.090 [main] DEBUG o.h.p.entity.AbstractEntityPersister -  Insert 0: insert into Feeds (FeedID, Name) values (?, ?)
2025-09-02 14:29:58.090 [main] DEBUG o.h.p.entity.AbstractEntityPersister -  Update 0: update Feeds set FeedID=? where Name=?
2025-09-02 14:29:58.090 [main] DEBUG o.h.p.entity.AbstractEntityPersister -  Delete 0: delete from Feeds where Name=?
2025-09-02 14:29:58.090 [main] DEBUG o.h.p.c.AbstractCollectionPersister - Static SQL for collection: org.atomhopper.adapter.jpa.PersistedCategory.feedEntries
2025-09-02 14:29:58.090 [main] DEBUG o.h.p.c.AbstractCollectionPersister -  Row insert: insert into CategoryEntryReferences (category, entryId) values (?, ?)
2025-09-02 14:29:58.090 [main] DEBUG o.h.p.c.AbstractCollectionPersister -  Row update: update CategoryEntryReferences set entryId=? where category=? and entryId=?
2025-09-02 14:29:58.090 [main] DEBUG o.h.p.c.AbstractCollectionPersister -  Row delete: delete from CategoryEntryReferences where category=? and entryId=?
2025-09-02 14:29:58.090 [main] DEBUG o.h.p.c.AbstractCollectionPersister -  One-shot delete: delete from CategoryEntryReferences where category=?
2025-09-02 14:29:58.091 [main] DEBUG o.h.p.c.AbstractCollectionPersister - Static SQL for collection: org.atomhopper.adapter.jpa.PersistedEntry.categories
2025-09-02 14:29:58.091 [main] DEBUG o.h.p.c.AbstractCollectionPersister -  Row insert: insert into CategoryEntryReferences (entryId, category) values (?, ?)
2025-09-02 14:29:58.091 [main] DEBUG o.h.p.c.AbstractCollectionPersister -  Row update: update CategoryEntryReferences set category=? where entryId=? and category=?
2025-09-02 14:29:58.091 [main] DEBUG o.h.p.c.AbstractCollectionPersister -  Row delete: delete from CategoryEntryReferences where entryId=? and category=?
2025-09-02 14:29:58.091 [main] DEBUG o.h.p.c.AbstractCollectionPersister -  One-shot delete: delete from CategoryEntryReferences where entryId=?
2025-09-02 14:29:58.091 [main] DEBUG o.h.p.c.AbstractCollectionPersister - Static SQL for collection: org.atomhopper.adapter.jpa.PersistedFeed.entries
2025-09-02 14:29:58.091 [main] DEBUG o.h.p.c.AbstractCollectionPersister -  Row insert: update Entries set Feed=? where EntryID=?
2025-09-02 14:29:58.091 [main] DEBUG o.h.p.c.AbstractCollectionPersister -  Row delete: update Entries set Feed=null where Feed=? and EntryID=?
2025-09-02 14:29:58.091 [main] DEBUG o.h.p.c.AbstractCollectionPersister -  One-shot delete: update Entries set Feed=null where Feed=?
2025-09-02 14:29:58.091 [main] DEBUG org.hibernate.loader.Loader - Static select for entity org.atomhopper.adapter.jpa.PersistedEntry [NONE]: select persistede0_.EntryID as EntryID8_0_, persistede0_.CreationDate as Creation2_8_0_, persistede0_.DateLastUpdated as DateLast3_8_0_, persistede0_.EntryBody as EntryBody8_0_, persistede0_.Feed as Feed8_0_ from Entries persistede0_ where persistede0_.EntryID=?
2025-09-02 14:29:58.091 [main] DEBUG org.hibernate.loader.Loader - Static select for entity org.atomhopper.adapter.jpa.PersistedEntry [READ]: select persistede0_.EntryID as EntryID8_0_, persistede0_.CreationDate as Creation2_8_0_, persistede0_.DateLastUpdated as DateLast3_8_0_, persistede0_.EntryBody as EntryBody8_0_, persistede0_.Feed as Feed8_0_ from Entries persistede0_ where persistede0_.EntryID=?
2025-09-02 14:29:58.091 [main] DEBUG org.hibernate.loader.Loader - Static select for entity org.atomhopper.adapter.jpa.PersistedEntry [UPGRADE]: select persistede0_.EntryID as EntryID8_0_, persistede0_.CreationDate as Creation2_8_0_, persistede0_.DateLastUpdated as DateLast3_8_0_, persistede0_.EntryBody as EntryBody8_0_, persistede0_.Feed as Feed8_0_ from Entries persistede0_ where persistede0_.EntryID=? for update
2025-09-02 14:29:58.091 [main] DEBUG org.hibernate.loader.Loader - Static select for entity org.atomhopper.adapter.jpa.PersistedEntry [UPGRADE_NOWAIT]: select persistede0_.EntryID as EntryID8_0_, persistede0_.CreationDate as Creation2_8_0_, persistede0_.DateLastUpdated as DateLast3_8_0_, persistede0_.EntryBody as EntryBody8_0_, persistede0_.Feed as Feed8_0_ from Entries persistede0_ where persistede0_.EntryID=? for update
2025-09-02 14:29:58.091 [main] DEBUG org.hibernate.loader.Loader - Static select for entity org.atomhopper.adapter.jpa.PersistedEntry [FORCE]: select persistede0_.EntryID as EntryID8_0_, persistede0_.CreationDate as Creation2_8_0_, persistede0_.DateLastUpdated as DateLast3_8_0_, persistede0_.EntryBody as EntryBody8_0_, persistede0_.Feed as Feed8_0_ from Entries persistede0_ where persistede0_.EntryID=? for update
2025-09-02 14:29:58.091 [main] DEBUG org.hibernate.loader.Loader - Static select for entity org.atomhopper.adapter.jpa.PersistedEntry [PESSIMISTIC_READ]: select persistede0_.EntryID as EntryID8_0_, persistede0_.CreationDate as Creation2_8_0_, persistede0_.DateLastUpdated as DateLast3_8_0_, persistede0_.EntryBody as EntryBody8_0_, persistede0_.Feed as Feed8_0_ from Entries persistede0_ where persistede0_.EntryID=? for update
2025-09-02 14:29:58.091 [main] DEBUG org.hibernate.loader.Loader - Static select for entity org.atomhopper.adapter.jpa.PersistedEntry [PESSIMISTIC_WRITE]: select persistede0_.EntryID as EntryID8_0_, persistede0_.CreationDate as Creation2_8_0_, persistede0_.DateLastUpdated as DateLast3_8_0_, persistede0_.EntryBody as EntryBody8_0_, persistede0_.Feed as Feed8_0_ from Entries persistede0_ where persistede0_.EntryID=? for update
2025-09-02 14:29:58.091 [main] DEBUG org.hibernate.loader.Loader - Static select for entity org.atomhopper.adapter.jpa.PersistedEntry [PESSIMISTIC_FORCE_INCREMENT]: select persistede0_.EntryID as EntryID8_0_, persistede0_.CreationDate as Creation2_8_0_, persistede0_.DateLastUpdated as DateLast3_8_0_, persistede0_.EntryBody as EntryBody8_0_, persistede0_.Feed as Feed8_0_ from Entries persistede0_ where persistede0_.EntryID=? for update
2025-09-02 14:29:58.091 [main] DEBUG org.hibernate.loader.Loader - Static select for entity org.atomhopper.adapter.jpa.PersistedEntry [OPTIMISTIC]: select persistede0_.EntryID as EntryID8_0_, persistede0_.CreationDate as Creation2_8_0_, persistede0_.DateLastUpdated as DateLast3_8_0_, persistede0_.EntryBody as EntryBody8_0_, persistede0_.Feed as Feed8_0_ from Entries persistede0_ where persistede0_.EntryID=?
2025-09-02 14:29:58.091 [main] DEBUG org.hibernate.loader.Loader - Static select for entity org.atomhopper.adapter.jpa.PersistedEntry [OPTIMISTIC_FORCE_INCREMENT]: select persistede0_.EntryID as EntryID8_0_, persistede0_.CreationDate as Creation2_8_0_, persistede0_.DateLastUpdated as DateLast3_8_0_, persistede0_.EntryBody as EntryBody8_0_, persistede0_.Feed as Feed8_0_ from Entries persistede0_ where persistede0_.EntryID=?
2025-09-02 14:29:58.092 [main] DEBUG org.hibernate.loader.Loader - Static select for action ACTION_MERGE on entity org.atomhopper.adapter.jpa.PersistedEntry: select persistede0_.EntryID as EntryID8_1_, persistede0_.CreationDate as Creation2_8_1_, persistede0_.DateLastUpdated as DateLast3_8_1_, persistede0_.EntryBody as EntryBody8_1_, persistede0_.Feed as Feed8_1_, categories1_.entryId as entryId8_3_, persistedc2_.Term as category3_, persistedc2_.Term as Term9_0_ from Entries persistede0_ left outer join CategoryEntryReferences categories1_ on persistede0_.EntryID=categories1_.entryId left outer join Categories persistedc2_ on categories1_.category=persistedc2_.Term where persistede0_.EntryID=?
2025-09-02 14:29:58.092 [main] DEBUG org.hibernate.loader.Loader - Static select for action ACTION_REFRESH on entity org.atomhopper.adapter.jpa.PersistedEntry: select persistede0_.EntryID as EntryID8_1_, persistede0_.CreationDate as Creation2_8_1_, persistede0_.DateLastUpdated as DateLast3_8_1_, persistede0_.EntryBody as EntryBody8_1_, persistede0_.Feed as Feed8_1_, categories1_.entryId as entryId8_3_, persistedc2_.Term as category3_, persistedc2_.Term as Term9_0_ from Entries persistede0_ left outer join CategoryEntryReferences categories1_ on persistede0_.EntryID=categories1_.entryId left outer join Categories persistedc2_ on categories1_.category=persistedc2_.Term where persistede0_.EntryID=?
2025-09-02 14:29:58.092 [main] DEBUG org.hibernate.loader.Loader - Static select for entity org.atomhopper.adapter.jpa.PersistedCategory [NONE]: select persistedc0_.Term as Term9_0_ from Categories persistedc0_ where persistedc0_.Term=?
2025-09-02 14:29:58.092 [main] DEBUG org.hibernate.loader.Loader - Static select for entity org.atomhopper.adapter.jpa.PersistedCategory [READ]: select persistedc0_.Term as Term9_0_ from Categories persistedc0_ where persistedc0_.Term=?
2025-09-02 14:29:58.092 [main] DEBUG org.hibernate.loader.Loader - Static select for entity org.atomhopper.adapter.jpa.PersistedCategory [UPGRADE]: select persistedc0_.Term as Term9_0_ from Categories persistedc0_ where persistedc0_.Term=? for update
2025-09-02 14:29:58.092 [main] DEBUG org.hibernate.loader.Loader - Static select for entity org.atomhopper.adapter.jpa.PersistedCategory [UPGRADE_NOWAIT]: select persistedc0_.Term as Term9_0_ from Categories persistedc0_ where persistedc0_.Term=? for update
2025-09-02 14:29:58.092 [main] DEBUG org.hibernate.loader.Loader - Static select for entity org.atomhopper.adapter.jpa.PersistedCategory [FORCE]: select persistedc0_.Term as Term9_0_ from Categories persistedc0_ where persistedc0_.Term=? for update
2025-09-02 14:29:58.092 [main] DEBUG org.hibernate.loader.Loader - Static select for entity org.atomhopper.adapter.jpa.PersistedCategory [PESSIMISTIC_READ]: select persistedc0_.Term as Term9_0_ from Categories persistedc0_ where persistedc0_.Term=? for update
2025-09-02 14:29:58.092 [main] DEBUG org.hibernate.loader.Loader - Static select for entity org.atomhopper.adapter.jpa.PersistedCategory [PESSIMISTIC_WRITE]: select persistedc0_.Term as Term9_0_ from Categories persistedc0_ where persistedc0_.Term=? for update
2025-09-02 14:29:58.092 [main] DEBUG org.hibernate.loader.Loader - Static select for entity org.atomhopper.adapter.jpa.PersistedCategory [PESSIMISTIC_FORCE_INCREMENT]: select persistedc0_.Term as Term9_0_ from Categories persistedc0_ where persistedc0_.Term=? for update
2025-09-02 14:29:58.092 [main] DEBUG org.hibernate.loader.Loader - Static select for entity org.atomhopper.adapter.jpa.PersistedCategory [OPTIMISTIC]: select persistedc0_.Term as Term9_0_ from Categories persistedc0_ where persistedc0_.Term=?
2025-09-02 14:29:58.092 [main] DEBUG org.hibernate.loader.Loader - Static select for entity org.atomhopper.adapter.jpa.PersistedCategory [OPTIMISTIC_FORCE_INCREMENT]: select persistedc0_.Term as Term9_0_ from Categories persistedc0_ where persistedc0_.Term=?
2025-09-02 14:29:58.092 [main] DEBUG org.hibernate.loader.Loader - Static select for action ACTION_MERGE on entity org.atomhopper.adapter.jpa.PersistedCategory: select persistedc0_.Term as Term9_0_ from Categories persistedc0_ where persistedc0_.Term=?
2025-09-02 14:29:58.092 [main] DEBUG org.hibernate.loader.Loader - Static select for action ACTION_REFRESH on entity org.atomhopper.adapter.jpa.PersistedCategory: select persistedc0_.Term as Term9_0_ from Categories persistedc0_ where persistedc0_.Term=?
2025-09-02 14:29:58.092 [main] DEBUG org.hibernate.loader.Loader - Static select for entity org.atomhopper.adapter.jpa.PersistedFeed [NONE]: select persistedf0_.Name as Name7_0_, persistedf0_.FeedID as FeedID7_0_ from Feeds persistedf0_ where persistedf0_.Name=?
2025-09-02 14:29:58.092 [main] DEBUG org.hibernate.loader.Loader - Static select for entity org.atomhopper.adapter.jpa.PersistedFeed [READ]: select persistedf0_.Name as Name7_0_, persistedf0_.FeedID as FeedID7_0_ from Feeds persistedf0_ where persistedf0_.Name=?
2025-09-02 14:29:58.093 [main] DEBUG org.hibernate.loader.Loader - Static select for entity org.atomhopper.adapter.jpa.PersistedFeed [UPGRADE]: select persistedf0_.Name as Name7_0_, persistedf0_.FeedID as FeedID7_0_ from Feeds persistedf0_ where persistedf0_.Name=? for update
2025-09-02 14:29:58.093 [main] DEBUG org.hibernate.loader.Loader - Static select for entity org.atomhopper.adapter.jpa.PersistedFeed [UPGRADE_NOWAIT]: select persistedf0_.Name as Name7_0_, persistedf0_.FeedID as FeedID7_0_ from Feeds persistedf0_ where persistedf0_.Name=? for update
2025-09-02 14:29:58.093 [main] DEBUG org.hibernate.loader.Loader - Static select for entity org.atomhopper.adapter.jpa.PersistedFeed [FORCE]: select persistedf0_.Name as Name7_0_, persistedf0_.FeedID as FeedID7_0_ from Feeds persistedf0_ where persistedf0_.Name=? for update
2025-09-02 14:29:58.093 [main] DEBUG org.hibernate.loader.Loader - Static select for entity org.atomhopper.adapter.jpa.PersistedFeed [PESSIMISTIC_READ]: select persistedf0_.Name as Name7_0_, persistedf0_.FeedID as FeedID7_0_ from Feeds persistedf0_ where persistedf0_.Name=? for update
2025-09-02 14:29:58.093 [main] DEBUG org.hibernate.loader.Loader - Static select for entity org.atomhopper.adapter.jpa.PersistedFeed [PESSIMISTIC_WRITE]: select persistedf0_.Name as Name7_0_, persistedf0_.FeedID as FeedID7_0_ from Feeds persistedf0_ where persistedf0_.Name=? for update
2025-09-02 14:29:58.093 [main] DEBUG org.hibernate.loader.Loader - Static select for entity org.atomhopper.adapter.jpa.PersistedFeed [PESSIMISTIC_FORCE_INCREMENT]: select persistedf0_.Name as Name7_0_, persistedf0_.FeedID as FeedID7_0_ from Feeds persistedf0_ where persistedf0_.Name=? for update
2025-09-02 14:29:58.093 [main] DEBUG org.hibernate.loader.Loader - Static select for entity org.atomhopper.adapter.jpa.PersistedFeed [OPTIMISTIC]: select persistedf0_.Name as Name7_0_, persistedf0_.FeedID as FeedID7_0_ from Feeds persistedf0_ where persistedf0_.Name=?
2025-09-02 14:29:58.093 [main] DEBUG org.hibernate.loader.Loader - Static select for entity org.atomhopper.adapter.jpa.PersistedFeed [OPTIMISTIC_FORCE_INCREMENT]: select persistedf0_.Name as Name7_0_, persistedf0_.FeedID as FeedID7_0_ from Feeds persistedf0_ where persistedf0_.Name=?
2025-09-02 14:29:58.093 [main] DEBUG org.hibernate.loader.Loader - Static select for action ACTION_MERGE on entity org.atomhopper.adapter.jpa.PersistedFeed: select persistedf0_.Name as Name7_0_, persistedf0_.FeedID as FeedID7_0_ from Feeds persistedf0_ where persistedf0_.Name=?
2025-09-02 14:29:58.093 [main] DEBUG org.hibernate.loader.Loader - Static select for action ACTION_REFRESH on entity org.atomhopper.adapter.jpa.PersistedFeed: select persistedf0_.Name as Name7_0_, persistedf0_.FeedID as FeedID7_0_ from Feeds persistedf0_ where persistedf0_.Name=?
2025-09-02 14:29:58.093 [main] DEBUG o.h.l.c.BasicCollectionLoader - Static select for collection org.atomhopper.adapter.jpa.PersistedCategory.feedEntries: select feedentrie0_.category as category9_1_, feedentrie0_.entryId as entryId1_, persistede1_.EntryID as EntryID8_0_, persistede1_.CreationDate as Creation2_8_0_, persistede1_.DateLastUpdated as DateLast3_8_0_, persistede1_.EntryBody as EntryBody8_0_, persistede1_.Feed as Feed8_0_ from CategoryEntryReferences feedentrie0_ inner join Entries persistede1_ on feedentrie0_.entryId=persistede1_.EntryID where feedentrie0_.category=?
2025-09-02 14:29:58.093 [main] DEBUG o.h.l.c.BasicCollectionLoader - Static select for collection org.atomhopper.adapter.jpa.PersistedEntry.categories: select categories0_.entryId as entryId8_1_, categories0_.category as category1_, persistedc1_.Term as Term9_0_ from CategoryEntryReferences categories0_ inner join Categories persistedc1_ on categories0_.category=persistedc1_.Term where categories0_.entryId=?
2025-09-02 14:29:58.093 [main] DEBUG o.h.l.collection.OneToManyLoader - Static select for one-to-many org.atomhopper.adapter.jpa.PersistedFeed.entries: select entries0_.Feed as Feed7_1_, entries0_.EntryID as EntryID1_, entries0_.EntryID as EntryID8_0_, entries0_.CreationDate as Creation2_8_0_, entries0_.DateLastUpdated as DateLast3_8_0_, entries0_.EntryBody as EntryBody8_0_, entries0_.Feed as Feed8_0_ from Entries entries0_ where entries0_.Feed=?
2025-09-02 14:29:58.093 [main] DEBUG o.h.internal.SessionFactoryRegistry - Registering SessionFactory: c02cb2c3-1227-47c1-a6a1-5bdac83f3304 (<unnamed>)
2025-09-02 14:29:58.093 [main] DEBUG o.h.internal.SessionFactoryRegistry - Not binding SessionFactory to JNDI, no JNDI name configured
2025-09-02 14:29:58.093 [main] DEBUG o.h.internal.SessionFactoryImpl - Instantiated session factory
2025-09-02 14:29:58.093 [main] INFO  o.h.tool.hbm2ddl.SchemaUpdate - HHH000228: Running hbm2ddl schema update
2025-09-02 14:29:58.093 [main] INFO  o.h.tool.hbm2ddl.SchemaUpdate - HHH000102: Fetching database metadata
2025-09-02 14:29:58.094 [main] INFO  o.h.tool.hbm2ddl.SchemaUpdate - HHH000396: Updating schema
2025-09-02 14:29:58.094 [main] DEBUG org.hibernate.cfg.Configuration - Processing hbm.xml files
2025-09-02 14:29:58.094 [main] DEBUG org.hibernate.cfg.Configuration - Process annotated classes
2025-09-02 14:29:58.094 [main] DEBUG org.hibernate.cfg.Configuration - Processing fk mappings (*ToOne and JoinedSubclass)
2025-09-02 14:29:58.094 [main] DEBUG org.hibernate.cfg.Configuration - Processing extends queue
2025-09-02 14:29:58.094 [main] DEBUG org.hibernate.cfg.Configuration - Processing extends queue
2025-09-02 14:29:58.094 [main] DEBUG org.hibernate.cfg.Configuration - Processing collection mappings
2025-09-02 14:29:58.094 [main] DEBUG org.hibernate.cfg.Configuration - Processing native query and ResultSetMapping mappings
2025-09-02 14:29:58.094 [main] DEBUG org.hibernate.cfg.Configuration - Processing association property references
2025-09-02 14:29:58.094 [main] DEBUG org.hibernate.cfg.Configuration - Processing foreign key constraints
2025-09-02 14:29:58.094 [main] DEBUG org.hibernate.cfg.Configuration - Resolving reference to class: org.atomhopper.adapter.jpa.PersistedCategory
2025-09-02 14:29:58.094 [main] DEBUG org.hibernate.cfg.Configuration - Resolving reference to class: org.atomhopper.adapter.jpa.PersistedEntry
2025-09-02 14:29:58.094 [main] DEBUG org.hibernate.cfg.Configuration - Resolving reference to class: org.atomhopper.adapter.jpa.PersistedFeed
2025-09-02 14:29:58.094 [main] INFO  java.sql.DatabaseMetaData - HHH000262: Table not found: Categories
2025-09-02 14:29:58.094 [main] DEBUG o.h.i.f.i.DefaultIdentifierGeneratorFactory - Setting dialect [org.hibernate.dialect.H2Dialect]
2025-09-02 14:29:58.094 [main] INFO  java.sql.DatabaseMetaData - HHH000262: Table not found: CategoryEntryReferences
2025-09-02 14:29:58.094 [main] INFO  java.sql.DatabaseMetaData - HHH000262: Table not found: Entries
2025-09-02 14:29:58.094 [main] DEBUG o.h.i.f.i.DefaultIdentifierGeneratorFactory - Setting dialect [org.hibernate.dialect.H2Dialect]
2025-09-02 14:29:58.094 [main] INFO  java.sql.DatabaseMetaData - HHH000262: Table not found: Feeds
2025-09-02 14:29:58.094 [main] DEBUG o.h.i.f.i.DefaultIdentifierGeneratorFactory - Setting dialect [org.hibernate.dialect.H2Dialect]
2025-09-02 14:29:58.094 [main] INFO  java.sql.DatabaseMetaData - HHH000262: Table not found: Categories
2025-09-02 14:29:58.094 [main] INFO  java.sql.DatabaseMetaData - HHH000262: Table not found: CategoryEntryReferences
2025-09-02 14:29:58.095 [main] INFO  java.sql.DatabaseMetaData - HHH000262: Table not found: Entries
2025-09-02 14:29:58.095 [main] INFO  java.sql.DatabaseMetaData - HHH000262: Table not found: Feeds
2025-09-02 14:29:58.095 [main] DEBUG o.h.i.f.i.DefaultIdentifierGeneratorFactory - Setting dialect [org.hibernate.dialect.H2Dialect]
2025-09-02 14:29:58.095 [main] DEBUG o.h.i.f.i.DefaultIdentifierGeneratorFactory - Setting dialect [org.hibernate.dialect.H2Dialect]
2025-09-02 14:29:58.095 [main] DEBUG o.h.i.f.i.DefaultIdentifierGeneratorFactory - Setting dialect [org.hibernate.dialect.H2Dialect]
2025-09-02 14:29:58.095 [main] DEBUG o.h.tool.hbm2ddl.SchemaUpdate - create table Categories (Term varchar(255) not null, primary key (Term))
2025-09-02 14:29:58.095 [main] DEBUG o.h.tool.hbm2ddl.SchemaUpdate - create table CategoryEntryReferences (entryId varchar(255) not null, category varchar(255) not null, primary key (entryId, category))
2025-09-02 14:29:58.096 [main] DEBUG o.h.tool.hbm2ddl.SchemaUpdate - create table Entries (EntryID varchar(255) not null, CreationDate timestamp not null, DateLastUpdated timestamp not null, EntryBody clob, Feed varchar(255), primary key (EntryID))
2025-09-02 14:29:58.096 [main] DEBUG o.h.tool.hbm2ddl.SchemaUpdate - create table Feeds (Name varchar(255) not null, FeedID varchar(255), primary key (Name))
2025-09-02 14:29:58.096 [main] DEBUG o.h.tool.hbm2ddl.SchemaUpdate - alter table CategoryEntryReferences add constraint FKEF969F9CA3D8A01E foreign key (category) references Categories
2025-09-02 14:29:58.097 [main] DEBUG o.h.tool.hbm2ddl.SchemaUpdate - alter table CategoryEntryReferences add constraint FKEF969F9CFBC7269D foreign key (entryId) references Entries
2025-09-02 14:29:58.098 [main] DEBUG o.h.tool.hbm2ddl.SchemaUpdate - alter table Entries add constraint FK45B1C704D6F525E foreign key (Feed) references Feeds
2025-09-02 14:29:58.099 [main] INFO  o.h.tool.hbm2ddl.SchemaUpdate - HHH000232: Schema update complete
2025-09-02 14:29:58.099 [main] DEBUG o.h.internal.SessionFactoryImpl - Checking 0 named HQL queries
2025-09-02 14:29:58.099 [main] DEBUG o.h.internal.SessionFactoryImpl - Checking 0 named SQL queries
2025-09-02 14:29:58.099 [main] DEBUG o.h.s.internal.StatisticsInitiator - Statistics initialized [enabled=false]
2025-09-02 14:29:58.100 [main] DEBUG o.a.h.HibernateFeedRepository - ~!$: Simple Action Session begin: 1756803598100
2025-09-02 14:29:58.100 [main] DEBUG org.hibernate.internal.SessionImpl - Opened session at timestamp: 17568035981
2025-09-02 14:29:58.100 [main] DEBUG o.h.e.t.spi.AbstractTransactionImpl - begin
2025-09-02 14:29:58.100 [main] DEBUG o.h.e.j.i.LogicalConnectionImpl - Obtaining JDBC connection
2025-09-02 14:29:58.100 [main] DEBUG o.h.e.j.i.LogicalConnectionImpl - Obtained JDBC connection
2025-09-02 14:29:58.100 [main] DEBUG o.h.e.t.i.jdbc.JdbcTransaction - initial autocommit status: false
2025-09-02 14:29:58.100 [main] DEBUG org.hibernate.SQL - select this_.Name as Name7_0_, this_.FeedID as FeedID7_0_ from Feeds this_ where this_.Name = ?
2025-09-02 14:29:58.101 [main] DEBUG o.h.e.i.StatefulPersistenceContext - Initializing non-lazy collections
2025-09-02 14:29:58.101 [main] DEBUG org.hibernate.SQL - select persistedf_.Name, persistedf_.FeedID as FeedID7_ from Feeds persistedf_ where persistedf_.Name=?
2025-09-02 14:29:58.101 [main] DEBUG o.h.e.i.AbstractSaveEventListener - Generated identifier: feedName, using strategy: org.hibernate.id.Assigned
2025-09-02 14:29:58.101 [main] DEBUG o.h.e.i.AbstractSaveEventListener - Generated identifier: entryId1, using strategy: org.hibernate.id.Assigned
2025-09-02 14:29:58.101 [main] DEBUG org.hibernate.SQL - select persistedc_.Term from Categories persistedc_ where persistedc_.Term=?
2025-09-02 14:29:58.102 [main] DEBUG o.h.e.i.AbstractSaveEventListener - Generated identifier: cat1, using strategy: org.hibernate.id.Assigned
2025-09-02 14:29:58.102 [main] DEBUG org.hibernate.SQL - select persistedc_.Term from Categories persistedc_ where persistedc_.Term=?
2025-09-02 14:29:58.102 [main] DEBUG o.h.e.i.AbstractSaveEventListener - Generated identifier: cat2, using strategy: org.hibernate.id.Assigned
2025-09-02 14:29:58.102 [main] DEBUG o.h.e.t.spi.AbstractTransactionImpl - committing
2025-09-02 14:29:58.102 [main] DEBUG o.h.e.i.AbstractFlushingEventListener - Processing flush-time cascades
2025-09-02 14:29:58.102 [main] DEBUG o.h.e.i.AbstractFlushingEventListener - Dirty checking collections
2025-09-02 14:29:58.102 [main] DEBUG o.h.engine.internal.Collections - Collection found: [org.atomhopper.adapter.jpa.PersistedFeed.entries#feedName], was: [<unreferenced>] (initialized)
2025-09-02 14:29:58.102 [main] DEBUG o.h.engine.internal.Collections - Collection found: [org.atomhopper.adapter.jpa.PersistedEntry.categories#entryId1], was: [<unreferenced>] (initialized)
2025-09-02 14:29:58.102 [main] DEBUG o.h.engine.internal.Collections - Collection found: [org.atomhopper.adapter.jpa.PersistedCategory.feedEntries#cat1], was: [<unreferenced>] (initialized)
2025-09-02 14:29:58.102 [main] DEBUG o.h.engine.internal.Collections - Collection found: [org.atomhopper.adapter.jpa.PersistedCategory.feedEntries#cat2], was: [<unreferenced>] (initialized)
2025-09-02 14:29:58.102 [main] DEBUG o.h.e.i.AbstractFlushingEventListener - Flushed: 4 insertions, 0 updates, 0 deletions to 4 objects
2025-09-02 14:29:58.102 [main] DEBUG o.h.e.i.AbstractFlushingEventListener - Flushed: 4 (re)creations, 0 updates, 0 removals to 4 collections
2025-09-02 14:29:58.102 [main] DEBUG o.h.internal.util.EntityPrinter - Listing entities:
2025-09-02 14:29:58.102 [main] DEBUG o.h.internal.util.EntityPrinter - org.atomhopper.adapter.jpa.PersistedEntry{entryBody=null, feed=org.atomhopper.adapter.jpa.PersistedFeed#feedName, dateLastUpdated=Tue Sep 02 14:29:58 IST 2025, categories=[org.atomhopper.adapter.jpa.PersistedCategory#cat1, org.atomhopper.adapter.jpa.PersistedCategory#cat2], creationDate=Tue Sep 02 14:29:58 IST 2025, entryId=entryId1}
2025-09-02 14:29:58.102 [main] DEBUG o.h.internal.util.EntityPrinter - org.atomhopper.adapter.jpa.PersistedCategory{term=cat1, feedEntries=[]}
2025-09-02 14:29:58.102 [main] DEBUG o.h.internal.util.EntityPrinter - org.atomhopper.adapter.jpa.PersistedFeed{entries=[], feedId=feedId, name=feedName}
2025-09-02 14:29:58.102 [main] DEBUG o.h.internal.util.EntityPrinter - org.atomhopper.adapter.jpa.PersistedCategory{term=cat2, feedEntries=[]}
2025-09-02 14:29:58.102 [main] DEBUG org.hibernate.SQL - insert into Feeds (FeedID, Name) values (?, ?)
2025-09-02 14:29:58.103 [main] DEBUG org.hibernate.SQL - insert into Entries (CreationDate, DateLastUpdated, EntryBody, Feed, EntryID) values (?, ?, ?, ?, ?)
2025-09-02 14:29:58.103 [main] DEBUG org.hibernate.SQL - insert into Categories (Term) values (?)
2025-09-02 14:29:58.103 [main] DEBUG org.hibernate.SQL - insert into Categories (Term) values (?)
2025-09-02 14:29:58.103 [main] DEBUG o.h.p.c.AbstractCollectionPersister - Inserting collection: [org.atomhopper.adapter.jpa.PersistedEntry.categories#entryId1]
2025-09-02 14:29:58.103 [main] DEBUG org.hibernate.SQL - insert into CategoryEntryReferences (entryId, category) values (?, ?)
2025-09-02 14:29:58.103 [main] DEBUG org.hibernate.SQL - insert into CategoryEntryReferences (entryId, category) values (?, ?)
2025-09-02 14:29:58.104 [main] DEBUG o.h.p.c.AbstractCollectionPersister - Done inserting collection: 2 rows inserted
2025-09-02 14:29:58.104 [main] DEBUG o.h.e.t.i.jdbc.JdbcTransaction - committed JDBC Connection
2025-09-02 14:29:58.104 [main] DEBUG o.a.h.HibernateFeedRepository - ~!$: Closing session. Elapsed time: 4
2025-09-02 14:29:58.104 [main] DEBUG o.h.e.j.internal.JdbcCoordinatorImpl - HHH000420: Closing un-released batch
2025-09-02 14:29:58.104 [main] DEBUG o.h.e.j.i.LogicalConnectionImpl - Releasing JDBC connection
2025-09-02 14:29:58.104 [main] DEBUG o.h.e.j.i.LogicalConnectionImpl - Released JDBC connection
2025-09-02 14:29:58.104 [main] DEBUG o.h.e.j.i.p.ConnectionProxyHandler - HHH000163: Logical connection releasing its physical connection
2025-09-02 14:29:58.104 [main] DEBUG o.a.h.HibernateFeedRepository - ~!$: Simple Action Session begin: 1756803598104
2025-09-02 14:29:58.104 [main] DEBUG org.hibernate.internal.SessionImpl - Opened session at timestamp: 17568035981
2025-09-02 14:29:58.104 [main] DEBUG o.h.e.t.spi.AbstractTransactionImpl - begin
2025-09-02 14:29:58.104 [main] DEBUG o.h.e.j.i.LogicalConnectionImpl - Obtaining JDBC connection
2025-09-02 14:29:58.104 [main] DEBUG o.h.e.j.i.LogicalConnectionImpl - Obtained JDBC connection
2025-09-02 14:29:58.104 [main] DEBUG o.h.e.t.i.jdbc.JdbcTransaction - initial autocommit status: false
2025-09-02 14:29:58.104 [main] DEBUG org.hibernate.SQL - select this_.Name as Name7_0_, this_.FeedID as FeedID7_0_ from Feeds this_ where this_.Name = ?
2025-09-02 14:29:58.104 [main] DEBUG org.hibernate.loader.Loader - Result set row: 0
2025-09-02 14:29:58.105 [main] DEBUG org.hibernate.loader.Loader - Result row: EntityKey[org.atomhopper.adapter.jpa.PersistedFeed#feedName]
2025-09-02 14:29:58.105 [main] DEBUG o.h.engine.internal.TwoPhaseLoad - Resolving associations for [org.atomhopper.adapter.jpa.PersistedFeed#feedName]
2025-09-02 14:29:58.105 [main] DEBUG o.h.engine.internal.TwoPhaseLoad - Done materializing entity [org.atomhopper.adapter.jpa.PersistedFeed#feedName]
2025-09-02 14:29:58.105 [main] DEBUG o.h.e.i.StatefulPersistenceContext - Initializing non-lazy collections
2025-09-02 14:29:58.105 [main] DEBUG o.h.e.i.AbstractSaveEventListener - Generated identifier: entryId2, using strategy: org.hibernate.id.Assigned
2025-09-02 14:29:58.105 [main] DEBUG org.hibernate.SQL - select persistedf_.Name, persistedf_.FeedID as FeedID7_ from Feeds persistedf_ where persistedf_.Name=?
2025-09-02 14:29:58.105 [main] DEBUG org.hibernate.SQL - select persistedc_.Term from Categories persistedc_ where persistedc_.Term=?
2025-09-02 14:29:58.105 [main] DEBUG o.h.e.i.AbstractSaveEventListener - Generated identifier: cat3, using strategy: org.hibernate.id.Assigned
2025-09-02 14:29:58.105 [main] DEBUG o.h.e.t.spi.AbstractTransactionImpl - committing
2025-09-02 14:29:58.105 [main] DEBUG o.h.e.i.AbstractFlushingEventListener - Processing flush-time cascades
2025-09-02 14:29:58.105 [main] DEBUG o.h.e.i.AbstractFlushingEventListener - Dirty checking collections
2025-09-02 14:29:58.105 [main] DEBUG o.h.engine.internal.Collections - Collection found: [org.atomhopper.adapter.jpa.PersistedFeed.entries#feedName], was: [org.atomhopper.adapter.jpa.PersistedFeed.entries#feedName] (uninitialized)
2025-09-02 14:29:58.105 [main] DEBUG o.h.engine.internal.Collections - Collection found: [org.atomhopper.adapter.jpa.PersistedEntry.categories#entryId2], was: [<unreferenced>] (initialized)
2025-09-02 14:29:58.105 [main] DEBUG o.h.engine.internal.Collections - Collection found: [org.atomhopper.adapter.jpa.PersistedCategory.feedEntries#cat3], was: [<unreferenced>] (initialized)
2025-09-02 14:29:58.105 [main] DEBUG o.h.e.i.AbstractFlushingEventListener - Flushed: 2 insertions, 0 updates, 0 deletions to 3 objects
2025-09-02 14:29:58.105 [main] DEBUG o.h.e.i.AbstractFlushingEventListener - Flushed: 2 (re)creations, 0 updates, 0 removals to 3 collections
2025-09-02 14:29:58.105 [main] DEBUG o.h.internal.util.EntityPrinter - Listing entities:
2025-09-02 14:29:58.105 [main] DEBUG o.h.internal.util.EntityPrinter - org.atomhopper.adapter.jpa.PersistedEntry{entryBody=null, feed=org.atomhopper.adapter.jpa.PersistedFeed#feedName, dateLastUpdated=Tue Sep 02 14:29:58 IST 2025, categories=[org.atomhopper.adapter.jpa.PersistedCategory#cat3], creationDate=Tue Sep 02 14:29:58 IST 2025, entryId=entryId2}
2025-09-02 14:29:58.105 [main] DEBUG o.h.internal.util.EntityPrinter - org.atomhopper.adapter.jpa.PersistedFeed{entries=<uninitialized>, feedId=feedId, name=feedName}
2025-09-02 14:29:58.105 [main] DEBUG o.h.internal.util.EntityPrinter - org.atomhopper.adapter.jpa.PersistedCategory{term=cat3, feedEntries=[]}
2025-09-02 14:29:58.105 [main] DEBUG org.hibernate.SQL - insert into Entries (CreationDate, DateLastUpdated, EntryBody, Feed, EntryID) values (?, ?, ?, ?, ?)
2025-09-02 14:29:58.106 [main] DEBUG org.hibernate.SQL - insert into Categories (Term) values (?)
2025-09-02 14:29:58.106 [main] DEBUG o.h.p.c.AbstractCollectionPersister - Inserting collection: [org.atomhopper.adapter.jpa.PersistedEntry.categories#entryId2]
2025-09-02 14:29:58.106 [main] DEBUG org.hibernate.SQL - insert into CategoryEntryReferences (entryId, category) values (?, ?)
2025-09-02 14:29:58.106 [main] DEBUG o.h.p.c.AbstractCollectionPersister - Done inserting collection: 1 rows inserted
2025-09-02 14:29:58.107 [main] DEBUG o.h.e.t.i.jdbc.JdbcTransaction - committed JDBC Connection
2025-09-02 14:29:58.107 [main] DEBUG o.a.h.HibernateFeedRepository - ~!$: Closing session. Elapsed time: 3
2025-09-02 14:29:58.107 [main] DEBUG o.h.e.j.internal.JdbcCoordinatorImpl - HHH000420: Closing un-released batch
2025-09-02 14:29:58.107 [main] DEBUG o.h.e.j.i.LogicalConnectionImpl - Releasing JDBC connection
2025-09-02 14:29:58.107 [main] DEBUG o.h.e.j.i.LogicalConnectionImpl - Released JDBC connection
2025-09-02 14:29:58.107 [main] DEBUG o.h.e.j.i.p.ConnectionProxyHandler - HHH000163: Logical connection releasing its physical connection
2025-09-02 14:29:58.107 [main] DEBUG o.a.h.HibernateFeedRepository - ~!$: Complex Action Session begin: 1756803598107
2025-09-02 14:29:58.107 [main] DEBUG org.hibernate.internal.SessionImpl - Opened session at timestamp: 17568035981
2025-09-02 14:29:58.107 [main] DEBUG o.h.e.t.spi.AbstractTransactionImpl - begin
2025-09-02 14:29:58.107 [main] DEBUG o.h.e.j.i.LogicalConnectionImpl - Obtaining JDBC connection
2025-09-02 14:29:58.107 [main] DEBUG o.h.e.j.i.LogicalConnectionImpl - Obtained JDBC connection
2025-09-02 14:29:58.107 [main] DEBUG o.h.e.t.i.jdbc.JdbcTransaction - initial autocommit status: false
2025-09-02 14:29:58.107 [main] DEBUG org.hibernate.SQL - select this_.Name as Name7_0_, this_.FeedID as FeedID7_0_ from Feeds this_ where this_.Name = ?
2025-09-02 14:29:58.107 [main] DEBUG org.hibernate.loader.Loader - Result set row: 0
2025-09-02 14:29:58.107 [main] DEBUG org.hibernate.loader.Loader - Result row: EntityKey[org.atomhopper.adapter.jpa.PersistedFeed#feedName]
2025-09-02 14:29:58.107 [main] DEBUG o.h.engine.internal.TwoPhaseLoad - Resolving associations for [org.atomhopper.adapter.jpa.PersistedFeed#feedName]
2025-09-02 14:29:58.107 [main] DEBUG o.h.engine.internal.TwoPhaseLoad - Done materializing entity [org.atomhopper.adapter.jpa.PersistedFeed#feedName]
2025-09-02 14:29:58.107 [main] DEBUG o.h.e.i.StatefulPersistenceContext - Initializing non-lazy collections
2025-09-02 14:29:58.108 [main] DEBUG org.hibernate.loader.Loader - Loading collection: [org.atomhopper.adapter.jpa.PersistedFeed.entries#feedName]
2025-09-02 14:29:58.108 [main] DEBUG org.hibernate.SQL - select entries0_.Feed as Feed7_1_, entries0_.EntryID as EntryID1_, entries0_.EntryID as EntryID8_0_, entries0_.CreationDate as Creation2_8_0_, entries0_.DateLastUpdated as DateLast3_8_0_, entries0_.EntryBody as EntryBody8_0_, entries0_.Feed as Feed8_0_ from Entries entries0_ where entries0_.Feed=?
2025-09-02 14:29:58.108 [main] DEBUG org.hibernate.loader.Loader - Result set contains (possibly empty) collection: [org.atomhopper.adapter.jpa.PersistedFeed.entries#feedName]
2025-09-02 14:29:58.109 [main] DEBUG org.hibernate.loader.Loader - Result set row: 0
2025-09-02 14:29:58.109 [main] DEBUG org.hibernate.loader.Loader - Result row: EntityKey[org.atomhopper.adapter.jpa.PersistedEntry#entryId1]
2025-09-02 14:29:58.110 [main] DEBUG org.hibernate.loader.Loader - Found row of collection: [org.atomhopper.adapter.jpa.PersistedFeed.entries#feedName]
2025-09-02 14:29:58.110 [main] DEBUG org.hibernate.loader.Loader - Result set row: 1
2025-09-02 14:29:58.110 [main] DEBUG org.hibernate.loader.Loader - Result row: EntityKey[org.atomhopper.adapter.jpa.PersistedEntry#entryId2]
2025-09-02 14:29:58.110 [main] DEBUG org.hibernate.loader.Loader - Found row of collection: [org.atomhopper.adapter.jpa.PersistedFeed.entries#feedName]
2025-09-02 14:29:58.110 [main] DEBUG o.h.engine.internal.TwoPhaseLoad - Resolving associations for [org.atomhopper.adapter.jpa.PersistedEntry#entryId1]
2025-09-02 14:29:58.110 [main] DEBUG o.h.engine.internal.TwoPhaseLoad - Done materializing entity [org.atomhopper.adapter.jpa.PersistedEntry#entryId1]
2025-09-02 14:29:58.110 [main] DEBUG o.h.engine.internal.TwoPhaseLoad - Resolving associations for [org.atomhopper.adapter.jpa.PersistedEntry#entryId2]
2025-09-02 14:29:58.110 [main] DEBUG o.h.engine.internal.TwoPhaseLoad - Done materializing entity [org.atomhopper.adapter.jpa.PersistedEntry#entryId2]
2025-09-02 14:29:58.111 [main] DEBUG o.h.e.l.i.CollectionLoadContext - 1 collections were found in result set for role: org.atomhopper.adapter.jpa.PersistedFeed.entries
2025-09-02 14:29:58.111 [main] DEBUG o.h.e.l.i.CollectionLoadContext - Collection fully initialized: [org.atomhopper.adapter.jpa.PersistedFeed.entries#feedName]
2025-09-02 14:29:58.111 [main] DEBUG o.h.e.l.i.CollectionLoadContext - 1 collections initialized for role: org.atomhopper.adapter.jpa.PersistedFeed.entries
2025-09-02 14:29:58.111 [main] DEBUG o.h.e.i.StatefulPersistenceContext - Initializing non-lazy collections
2025-09-02 14:29:58.111 [main] DEBUG org.hibernate.loader.Loader - Done loading collection
2025-09-02 14:29:58.111 [main] DEBUG org.hibernate.loader.Loader - Loading collection: [org.atomhopper.adapter.jpa.PersistedEntry.categories#entryId2]
2025-09-02 14:29:58.111 [main] DEBUG org.hibernate.SQL - select categories0_.entryId as entryId8_1_, categories0_.category as category1_, persistedc1_.Term as Term9_0_ from CategoryEntryReferences categories0_ inner join Categories persistedc1_ on categories0_.category=persistedc1_.Term where categories0_.entryId=?
2025-09-02 14:29:58.112 [main] DEBUG org.hibernate.loader.Loader - Result set contains (possibly empty) collection: [org.atomhopper.adapter.jpa.PersistedEntry.categories#entryId2]
2025-09-02 14:29:58.112 [main] DEBUG org.hibernate.loader.Loader - Result set row: 0
2025-09-02 14:29:58.112 [main] DEBUG org.hibernate.loader.Loader - Result row: EntityKey[org.atomhopper.adapter.jpa.PersistedCategory#cat3]
2025-09-02 14:29:58.112 [main] DEBUG org.hibernate.loader.Loader - Found row of collection: [org.atomhopper.adapter.jpa.PersistedEntry.categories#entryId2]
2025-09-02 14:29:58.112 [main] DEBUG o.h.engine.internal.TwoPhaseLoad - Resolving associations for [org.atomhopper.adapter.jpa.PersistedCategory#cat3]
2025-09-02 14:29:58.112 [main] DEBUG o.h.engine.internal.TwoPhaseLoad - Done materializing entity [org.atomhopper.adapter.jpa.PersistedCategory#cat3]
2025-09-02 14:29:58.112 [main] DEBUG o.h.e.l.i.CollectionLoadContext - 1 collections were found in result set for role: org.atomhopper.adapter.jpa.PersistedEntry.categories
2025-09-02 14:29:58.112 [main] DEBUG o.h.e.l.i.CollectionLoadContext - Collection fully initialized: [org.atomhopper.adapter.jpa.PersistedEntry.categories#entryId2]
2025-09-02 14:29:58.112 [main] DEBUG o.h.e.l.i.CollectionLoadContext - 1 collections initialized for role: org.atomhopper.adapter.jpa.PersistedEntry.categories
2025-09-02 14:29:58.112 [main] DEBUG o.h.e.i.StatefulPersistenceContext - Initializing non-lazy collections
2025-09-02 14:29:58.112 [main] DEBUG org.hibernate.loader.Loader - Done loading collection
2025-09-02 14:29:58.112 [main] DEBUG org.hibernate.loader.Loader - Loading collection: [org.atomhopper.adapter.jpa.PersistedEntry.categories#entryId1]
2025-09-02 14:29:58.112 [main] DEBUG org.hibernate.SQL - select categories0_.entryId as entryId8_1_, categories0_.category as category1_, persistedc1_.Term as Term9_0_ from CategoryEntryReferences categories0_ inner join Categories persistedc1_ on categories0_.category=persistedc1_.Term where categories0_.entryId=?
2025-09-02 14:29:58.112 [main] DEBUG org.hibernate.loader.Loader - Result set contains (possibly empty) collection: [org.atomhopper.adapter.jpa.PersistedEntry.categories#entryId1]
2025-09-02 14:29:58.112 [main] DEBUG org.hibernate.loader.Loader - Result set row: 0
2025-09-02 14:29:58.112 [main] DEBUG org.hibernate.loader.Loader - Result row: EntityKey[org.atomhopper.adapter.jpa.PersistedCategory#cat1]
2025-09-02 14:29:58.112 [main] DEBUG org.hibernate.loader.Loader - Found row of collection: [org.atomhopper.adapter.jpa.PersistedEntry.categories#entryId1]
2025-09-02 14:29:58.112 [main] DEBUG org.hibernate.loader.Loader - Result set row: 1
2025-09-02 14:29:58.112 [main] DEBUG org.hibernate.loader.Loader - Result row: EntityKey[org.atomhopper.adapter.jpa.PersistedCategory#cat2]
2025-09-02 14:29:58.112 [main] DEBUG org.hibernate.loader.Loader - Found row of collection: [org.atomhopper.adapter.jpa.PersistedEntry.categories#entryId1]
2025-09-02 14:29:58.112 [main] DEBUG o.h.engine.internal.TwoPhaseLoad - Resolving associations for [org.atomhopper.adapter.jpa.PersistedCategory#cat1]
2025-09-02 14:29:58.112 [main] DEBUG o.h.engine.internal.TwoPhaseLoad - Done materializing entity [org.atomhopper.adapter.jpa.PersistedCategory#cat1]
2025-09-02 14:29:58.112 [main] DEBUG o.h.engine.internal.TwoPhaseLoad - Resolving associations for [org.atomhopper.adapter.jpa.PersistedCategory#cat2]
2025-09-02 14:29:58.112 [main] DEBUG o.h.engine.internal.TwoPhaseLoad - Done materializing entity [org.atomhopper.adapter.jpa.PersistedCategory#cat2]
2025-09-02 14:29:58.112 [main] DEBUG o.h.e.l.i.CollectionLoadContext - 1 collections were found in result set for role: org.atomhopper.adapter.jpa.PersistedEntry.categories
2025-09-02 14:29:58.112 [main] DEBUG o.h.e.l.i.CollectionLoadContext - Collection fully initialized: [org.atomhopper.adapter.jpa.PersistedEntry.categories#entryId1]
2025-09-02 14:29:58.112 [main] DEBUG o.h.e.l.i.CollectionLoadContext - 1 collections initialized for role: org.atomhopper.adapter.jpa.PersistedEntry.categories
2025-09-02 14:29:58.112 [main] DEBUG o.h.e.i.StatefulPersistenceContext - Initializing non-lazy collections
2025-09-02 14:29:58.112 [main] DEBUG org.hibernate.loader.Loader - Done loading collection
2025-09-02 14:29:58.112 [main] DEBUG o.h.e.t.spi.AbstractTransactionImpl - committing
2025-09-02 14:29:58.112 [main] DEBUG o.h.e.i.AbstractFlushingEventListener - Processing flush-time cascades
2025-09-02 14:29:58.112 [main] DEBUG o.h.e.i.AbstractFlushingEventListener - Dirty checking collections
2025-09-02 14:29:58.113 [main] DEBUG o.h.engine.internal.Collections - Collection found: [org.atomhopper.adapter.jpa.PersistedFeed.entries#feedName], was: [org.atomhopper.adapter.jpa.PersistedFeed.entries#feedName] (initialized)
2025-09-02 14:29:58.113 [main] DEBUG o.h.engine.internal.Collections - Collection found: [org.atomhopper.adapter.jpa.PersistedEntry.categories#entryId1], was: [org.atomhopper.adapter.jpa.PersistedEntry.categories#entryId1] (initialized)
2025-09-02 14:29:58.113 [main] DEBUG o.h.engine.internal.Collections - Collection found: [org.atomhopper.adapter.jpa.PersistedEntry.categories#entryId2], was: [org.atomhopper.adapter.jpa.PersistedEntry.categories#entryId2] (initialized)
2025-09-02 14:29:58.113 [main] DEBUG o.h.engine.internal.Collections - Collection found: [org.atomhopper.adapter.jpa.PersistedCategory.feedEntries#cat3], was: [org.atomhopper.adapter.jpa.PersistedCategory.feedEntries#cat3] (uninitialized)
2025-09-02 14:29:58.113 [main] DEBUG o.h.engine.internal.Collections - Collection found: [org.atomhopper.adapter.jpa.PersistedCategory.feedEntries#cat1], was: [org.atomhopper.adapter.jpa.PersistedCategory.feedEntries#cat1] (uninitialized)
2025-09-02 14:29:58.113 [main] DEBUG o.h.engine.internal.Collections - Collection found: [org.atomhopper.adapter.jpa.PersistedCategory.feedEntries#cat2], was: [org.atomhopper.adapter.jpa.PersistedCategory.feedEntries#cat2] (uninitialized)
2025-09-02 14:29:58.113 [main] DEBUG o.h.e.i.AbstractFlushingEventListener - Flushed: 0 insertions, 0 updates, 0 deletions to 6 objects
2025-09-02 14:29:58.113 [main] DEBUG o.h.e.i.AbstractFlushingEventListener - Flushed: 0 (re)creations, 0 updates, 0 removals to 6 collections
2025-09-02 14:29:58.113 [main] DEBUG o.h.internal.util.EntityPrinter - Listing entities:
2025-09-02 14:29:58.113 [main] DEBUG o.h.internal.util.EntityPrinter - org.atomhopper.adapter.jpa.PersistedEntry{entryBody=null, feed=org.atomhopper.adapter.jpa.PersistedFeed#feedName, dateLastUpdated=2025-09-02 14:29:58.1, categories=[org.atomhopper.adapter.jpa.PersistedCategory#cat3], creationDate=2025-09-02 14:29:58.1, entryId=entryId2}
2025-09-02 14:29:58.113 [main] DEBUG o.h.internal.util.EntityPrinter - org.atomhopper.adapter.jpa.PersistedEntry{entryBody=null, feed=org.atomhopper.adapter.jpa.PersistedFeed#feedName, dateLastUpdated=2025-09-02 14:29:58.099, categories=[org.atomhopper.adapter.jpa.PersistedCategory#cat1, org.atomhopper.adapter.jpa.PersistedCategory#cat2], creationDate=2025-09-02 14:29:58.099, entryId=entryId1}
2025-09-02 14:29:58.113 [main] DEBUG o.h.internal.util.EntityPrinter - org.atomhopper.adapter.jpa.PersistedCategory{term=cat1, feedEntries=<uninitialized>}
2025-09-02 14:29:58.113 [main] DEBUG o.h.internal.util.EntityPrinter - org.atomhopper.adapter.jpa.PersistedFeed{entries=[org.atomhopper.adapter.jpa.PersistedEntry#entryId2, org.atomhopper.adapter.jpa.PersistedEntry#entryId1], feedId=feedId, name=feedName}
2025-09-02 14:29:58.113 [main] DEBUG o.h.internal.util.EntityPrinter - org.atomhopper.adapter.jpa.PersistedCategory{term=cat2, feedEntries=<uninitialized>}
2025-09-02 14:29:58.113 [main] DEBUG o.h.internal.util.EntityPrinter - org.atomhopper.adapter.jpa.PersistedCategory{term=cat3, feedEntries=<uninitialized>}
2025-09-02 14:29:58.113 [main] DEBUG o.h.e.t.i.jdbc.JdbcTransaction - committed JDBC Connection
2025-09-02 14:29:58.113 [main] DEBUG o.a.h.HibernateFeedRepository - ~!$: Closing session. Elapsed time: 6
2025-09-02 14:29:58.113 [main] DEBUG o.h.e.j.i.LogicalConnectionImpl - Releasing JDBC connection
2025-09-02 14:29:58.113 [main] DEBUG o.h.e.j.i.LogicalConnectionImpl - Released JDBC connection
2025-09-02 14:29:58.113 [main] DEBUG o.h.e.j.i.p.ConnectionProxyHandler - HHH000163: Logical connection releasing its physical connection
2025-09-02 14:29:58.115 [main] DEBUG org.hibernate.type.BasicTypeRegistry - Adding type registration boolean -> org.hibernate.type.BooleanType@2a40cd94
2025-09-02 14:29:58.115 [main] DEBUG org.hibernate.type.BasicTypeRegistry - Adding type registration boolean -> org.hibernate.type.BooleanType@2a40cd94
2025-09-02 14:29:58.115 [main] DEBUG org.hibernate.type.BasicTypeRegistry - Adding type registration java.lang.Boolean -> org.hibernate.type.BooleanType@2a40cd94
2025-09-02 14:29:58.115 [main] DEBUG org.hibernate.type.BasicTypeRegistry - Adding type registration numeric_boolean -> org.hibernate.type.NumericBooleanType@70a9f84e
2025-09-02 14:29:58.115 [main] DEBUG org.hibernate.type.BasicTypeRegistry - Adding type registration true_false -> org.hibernate.type.TrueFalseType@276438c9
2025-09-02 14:29:58.115 [main] DEBUG org.hibernate.type.BasicTypeRegistry - Adding type registration yes_no -> org.hibernate.type.YesNoType@77a57272
2025-09-02 14:29:58.115 [main] DEBUG org.hibernate.type.BasicTypeRegistry - Adding type registration byte -> org.hibernate.type.ByteType@1efee8e7
2025-09-02 14:29:58.115 [main] DEBUG org.hibernate.type.BasicTypeRegistry - Adding type registration byte -> org.hibernate.type.ByteType@1efee8e7
2025-09-02 14:29:58.115 [main] DEBUG org.hibernate.type.BasicTypeRegistry - Adding type registration java.lang.Byte -> org.hibernate.type.ByteType@1efee8e7
2025-09-02 14:29:58.115 [main] DEBUG org.hibernate.type.BasicTypeRegistry - Adding type registration character -> org.hibernate.type.CharacterType@32cf48b7
2025-09-02 14:29:58.115 [main] DEBUG org.hibernate.type.BasicTypeRegistry - Adding type registration char -> org.hibernate.type.CharacterType@32cf48b7
2025-09-02 14:29:58.115 [main] DEBUG org.hibernate.type.BasicTypeRegistry - Adding type registration java.lang.Character -> org.hibernate.type.CharacterType@32cf48b7
2025-09-02 14:29:58.115 [main] DEBUG org.hibernate.type.BasicTypeRegistry - Adding type registration short -> org.hibernate.type.ShortType@290dbf45
2025-09-02 14:29:58.115 [main] DEBUG org.hibernate.type.BasicTypeRegistry - Adding type registration short -> org.hibernate.type.ShortType@290dbf45
2025-09-02 14:29:58.115 [main] DEBUG org.hibernate.type.BasicTypeRegistry - Adding type registration java.lang.Short -> org.hibernate.type.ShortType@290dbf45
2025-09-02 14:29:58.115 [main] DEBUG org.hibernate.type.BasicTypeRegistry - Adding type registration integer -> org.hibernate.type.IntegerType@70beb599
2025-09-02 14:29:58.115 [main] DEBUG org.hibernate.type.BasicTypeRegistry - Adding type registration int -> org.hibernate.type.IntegerType@70beb599
2025-09-02 14:29:58.115 [main] DEBUG org.hibernate.type.BasicTypeRegistry - Adding type registration java.lang.Integer -> org.hibernate.type.IntegerType@70beb599
2025-09-02 14:29:58.115 [main] DEBUG org.hibernate.type.BasicTypeRegistry - Adding type registration long -> org.hibernate.type.LongType@282003e1
2025-09-02 14:29:58.115 [main] DEBUG org.hibernate.type.BasicTypeRegistry - Adding type registration long -> org.hibernate.type.LongType@282003e1
2025-09-02 14:29:58.115 [main] DEBUG org.hibernate.type.BasicTypeRegistry - Adding type registration java.lang.Long -> org.hibernate.type.LongType@282003e1
2025-09-02 14:29:58.115 [main] DEBUG org.hibernate.type.BasicTypeRegistry - Adding type registration float -> org.hibernate.type.FloatType@1dd02175
2025-09-02 14:29:58.115 [main] DEBUG org.hibernate.type.BasicTypeRegistry - Adding type registration float -> org.hibernate.type.FloatType@1dd02175
2025-09-02 14:29:58.115 [main] DEBUG org.hibernate.type.BasicTypeRegistry - Adding type registration java.lang.Float -> org.hibernate.type.FloatType@1dd02175
2025-09-02 14:29:58.115 [main] DEBUG org.hibernate.type.BasicTypeRegistry - Adding type registration double -> org.hibernate.type.DoubleType@4ba2ca36
2025-09-02 14:29:58.115 [main] DEBUG org.hibernate.type.BasicTypeRegistry - Adding type registration double -> org.hibernate.type.DoubleType@4ba2ca36
2025-09-02 14:29:58.115 [main] DEBUG org.hibernate.type.BasicTypeRegistry - Adding type registration java.lang.Double -> org.hibernate.type.DoubleType@4ba2ca36
2025-09-02 14:29:58.115 [main] DEBUG org.hibernate.type.BasicTypeRegistry - Adding type registration big_decimal -> org.hibernate.type.BigDecimalType@1445d7f
2025-09-02 14:29:58.115 [main] DEBUG org.hibernate.type.BasicTypeRegistry - Adding type registration java.math.BigDecimal -> org.hibernate.type.BigDecimalType@1445d7f
2025-09-02 14:29:58.115 [main] DEBUG org.hibernate.type.BasicTypeRegistry - Adding type registration big_integer -> org.hibernate.type.BigIntegerType@10b48321
2025-09-02 14:29:58.115 [main] DEBUG org.hibernate.type.BasicTypeRegistry - Adding type registration java.math.BigInteger -> org.hibernate.type.BigIntegerType@10b48321
2025-09-02 14:29:58.115 [main] DEBUG org.hibernate.type.BasicTypeRegistry - Adding type registration string -> org.hibernate.type.StringType@442675e1
2025-09-02 14:29:58.115 [main] DEBUG org.hibernate.type.BasicTypeRegistry - Adding type registration java.lang.String -> org.hibernate.type.StringType@442675e1
2025-09-02 14:29:58.115 [main] DEBUG org.hibernate.type.BasicTypeRegistry - Adding type registration url -> org.hibernate.type.UrlType@3d3fcdb0
2025-09-02 14:29:58.115 [main] DEBUG org.hibernate.type.BasicTypeRegistry - Adding type registration java.net.URL -> org.hibernate.type.UrlType@3d3fcdb0
2025-09-02 14:29:58.115 [main] DEBUG org.hibernate.type.BasicTypeRegistry - Adding type registration date -> org.hibernate.type.DateType@59717824
2025-09-02 14:29:58.115 [main] DEBUG org.hibernate.type.BasicTypeRegistry - Adding type registration java.sql.Date -> org.hibernate.type.DateType@59717824
2025-09-02 14:29:58.115 [main] DEBUG org.hibernate.type.BasicTypeRegistry - Adding type registration time -> org.hibernate.type.TimeType@646be2c3
2025-09-02 14:29:58.115 [main] DEBUG org.hibernate.type.BasicTypeRegistry - Adding type registration java.sql.Time -> org.hibernate.type.TimeType@646be2c3
2025-09-02 14:29:58.115 [main] DEBUG org.hibernate.type.BasicTypeRegistry - Adding type registration timestamp -> org.hibernate.type.TimestampType@78a2da20
2025-09-02 14:29:58.115 [main] DEBUG org.hibernate.type.BasicTypeRegistry - Adding type registration java.sql.Timestamp -> org.hibernate.type.TimestampType@78a2da20
2025-09-02 14:29:58.115 [main] DEBUG org.hibernate.type.BasicTypeRegistry - Adding type registration java.util.Date -> org.hibernate.type.TimestampType@78a2da20
2025-09-02 14:29:58.115 [main] DEBUG org.hibernate.type.BasicTypeRegistry - Adding type registration dbtimestamp -> org.hibernate.type.DbTimestampType@58fdd99
2025-09-02 14:29:58.115 [main] DEBUG org.hibernate.type.BasicTypeRegistry - Adding type registration calendar -> org.hibernate.type.CalendarType@7364985f
2025-09-02 14:29:58.115 [main] DEBUG org.hibernate.type.BasicTypeRegistry - Adding type registration java.util.Calendar -> org.hibernate.type.CalendarType@7364985f
2025-09-02 14:29:58.115 [main] DEBUG org.hibernate.type.BasicTypeRegistry - Adding type registration java.util.GregorianCalendar -> org.hibernate.type.CalendarType@7364985f
2025-09-02 14:29:58.115 [main] DEBUG org.hibernate.type.BasicTypeRegistry - Adding type registration calendar_date -> org.hibernate.type.CalendarDateType@3d36e4cd
2025-09-02 14:29:58.115 [main] DEBUG org.hibernate.type.BasicTypeRegistry - Adding type registration locale -> org.hibernate.type.LocaleType@b7f23d9
2025-09-02 14:29:58.115 [main] DEBUG org.hibernate.type.BasicTypeRegistry - Adding type registration java.util.Locale -> org.hibernate.type.LocaleType@b7f23d9
2025-09-02 14:29:58.115 [main] DEBUG org.hibernate.type.BasicTypeRegistry - Adding type registration currency -> org.hibernate.type.CurrencyType@f0f2775
2025-09-02 14:29:58.115 [main] DEBUG org.hibernate.type.BasicTypeRegistry - Adding type registration java.util.Currency -> org.hibernate.type.CurrencyType@f0f2775
2025-09-02 14:29:58.115 [main] DEBUG org.hibernate.type.BasicTypeRegistry - Adding type registration timezone -> org.hibernate.type.TimeZoneType@4d49af10
2025-09-02 14:29:58.115 [main] DEBUG org.hibernate.type.BasicTypeRegistry - Adding type registration java.util.TimeZone -> org.hibernate.type.TimeZoneType@4d49af10
2025-09-02 14:29:58.115 [main] DEBUG org.hibernate.type.BasicTypeRegistry - Adding type registration class -> org.hibernate.type.ClassType@351d0846
2025-09-02 14:29:58.115 [main] DEBUG org.hibernate.type.BasicTypeRegistry - Adding type registration java.lang.Class -> org.hibernate.type.ClassType@351d0846
2025-09-02 14:29:58.115 [main] DEBUG org.hibernate.type.BasicTypeRegistry - Adding type registration uuid-binary -> org.hibernate.type.UUIDBinaryType@64d2d351
2025-09-02 14:29:58.115 [main] DEBUG org.hibernate.type.BasicTypeRegistry - Adding type registration java.util.UUID -> org.hibernate.type.UUIDBinaryType@64d2d351
2025-09-02 14:29:58.115 [main] DEBUG org.hibernate.type.BasicTypeRegistry - Adding type registration uuid-char -> org.hibernate.type.UUIDCharType@3b2c72c2
2025-09-02 14:29:58.115 [main] DEBUG org.hibernate.type.BasicTypeRegistry - Adding type registration pg-uuid -> org.hibernate.type.PostgresUUIDType@2b4a2ec7
2025-09-02 14:29:58.115 [main] DEBUG org.hibernate.type.BasicTypeRegistry - Adding type registration binary -> org.hibernate.type.BinaryType@c8e4bb0
2025-09-02 14:29:58.115 [main] DEBUG org.hibernate.type.BasicTypeRegistry - Adding type registration byte[] -> org.hibernate.type.BinaryType@c8e4bb0
2025-09-02 14:29:58.115 [main] DEBUG org.hibernate.type.BasicTypeRegistry - Adding type registration [B -> org.hibernate.type.BinaryType@c8e4bb0
2025-09-02 14:29:58.115 [main] DEBUG org.hibernate.type.BasicTypeRegistry - Adding type registration wrapper-binary -> org.hibernate.type.WrapperBinaryType@7bb58ca3
2025-09-02 14:29:58.115 [main] DEBUG org.hibernate.type.BasicTypeRegistry - Adding type registration Byte[] -> org.hibernate.type.WrapperBinaryType@7bb58ca3
2025-09-02 14:29:58.115 [main] DEBUG org.hibernate.type.BasicTypeRegistry - Adding type registration [Ljava.lang.Byte; -> org.hibernate.type.WrapperBinaryType@7bb58ca3
2025-09-02 14:29:58.115 [main] DEBUG org.hibernate.type.BasicTypeRegistry - Adding type registration image -> org.hibernate.type.ImageType@61009542
2025-09-02 14:29:58.115 [main] DEBUG org.hibernate.type.BasicTypeRegistry - Adding type registration characters -> org.hibernate.type.CharArrayType@44a664f2
2025-09-02 14:29:58.115 [main] DEBUG org.hibernate.type.BasicTypeRegistry - Adding type registration char[] -> org.hibernate.type.CharArrayType@44a664f2
2025-09-02 14:29:58.115 [main] DEBUG org.hibernate.type.BasicTypeRegistry - Adding type registration [C -> org.hibernate.type.CharArrayType@44a664f2
2025-09-02 14:29:58.115 [main] DEBUG org.hibernate.type.BasicTypeRegistry - Adding type registration wrapper-characters -> org.hibernate.type.CharacterArrayType@15bb6bea
2025-09-02 14:29:58.115 [main] DEBUG org.hibernate.type.BasicTypeRegistry - Adding type registration [Ljava.lang.Character; -> org.hibernate.type.CharacterArrayType@15bb6bea
2025-09-02 14:29:58.115 [main] DEBUG org.hibernate.type.BasicTypeRegistry - Adding type registration Character[] -> org.hibernate.type.CharacterArrayType@15bb6bea
2025-09-02 14:29:58.115 [main] DEBUG org.hibernate.type.BasicTypeRegistry - Adding type registration text -> org.hibernate.type.TextType@41ee392b
2025-09-02 14:29:58.115 [main] DEBUG org.hibernate.type.BasicTypeRegistry - Adding type registration blob -> org.hibernate.type.BlobType@52e677af
2025-09-02 14:29:58.115 [main] DEBUG org.hibernate.type.BasicTypeRegistry - Adding type registration java.sql.Blob -> org.hibernate.type.BlobType@52e677af
2025-09-02 14:29:58.115 [main] DEBUG org.hibernate.type.BasicTypeRegistry - Adding type registration materialized_blob -> org.hibernate.type.MaterializedBlobType@341b80b2
2025-09-02 14:29:58.115 [main] DEBUG org.hibernate.type.BasicTypeRegistry - Adding type registration clob -> org.hibernate.type.ClobType@2c34f934
2025-09-02 14:29:58.115 [main] DEBUG org.hibernate.type.BasicTypeRegistry - Adding type registration java.sql.Clob -> org.hibernate.type.ClobType@2c34f934
2025-09-02 14:29:58.115 [main] DEBUG org.hibernate.type.BasicTypeRegistry - Adding type registration materialized_clob -> org.hibernate.type.MaterializedClobType@25a65b77
2025-09-02 14:29:58.115 [main] DEBUG org.hibernate.type.BasicTypeRegistry - Adding type registration serializable -> org.hibernate.type.SerializableType@2aece37d
2025-09-02 14:29:58.115 [main] DEBUG org.hibernate.type.BasicTypeRegistry - Adding type registration object -> org.hibernate.type.ObjectType@2d9d4f9d
2025-09-02 14:29:58.115 [main] DEBUG org.hibernate.type.BasicTypeRegistry - Adding type registration java.lang.Object -> org.hibernate.type.ObjectType@2d9d4f9d
2025-09-02 14:29:58.115 [main] DEBUG org.hibernate.type.BasicTypeRegistry - Adding type registration imm_date -> org.hibernate.type.AdaptedImmutableType@531c311e
2025-09-02 14:29:58.115 [main] DEBUG org.hibernate.type.BasicTypeRegistry - Adding type registration imm_time -> org.hibernate.type.AdaptedImmutableType@22b53226
2025-09-02 14:29:58.115 [main] DEBUG org.hibernate.type.BasicTypeRegistry - Adding type registration imm_timestamp -> org.hibernate.type.AdaptedImmutableType@1fcb4808
2025-09-02 14:29:58.115 [main] DEBUG org.hibernate.type.BasicTypeRegistry - Adding type registration imm_dbtimestamp -> org.hibernate.type.AdaptedImmutableType@726e5805
2025-09-02 14:29:58.115 [main] DEBUG org.hibernate.type.BasicTypeRegistry - Adding type registration imm_calendar -> org.hibernate.type.AdaptedImmutableType@40c80397
2025-09-02 14:29:58.115 [main] DEBUG org.hibernate.type.BasicTypeRegistry - Adding type registration imm_calendar_date -> org.hibernate.type.AdaptedImmutableType@4b672daa
2025-09-02 14:29:58.115 [main] DEBUG org.hibernate.type.BasicTypeRegistry - Adding type registration imm_binary -> org.hibernate.type.AdaptedImmutableType@ea9b7c6
2025-09-02 14:29:58.115 [main] DEBUG org.hibernate.type.BasicTypeRegistry - Adding type registration imm_serializable -> org.hibernate.type.AdaptedImmutableType@e077866
2025-09-02 14:29:58.115 [main] DEBUG o.h.i.f.i.DefaultIdentifierGeneratorFactory - Registering IdentifierGenerator strategy [uuid2] -> [org.hibernate.id.UUIDGenerator]
2025-09-02 14:29:58.115 [main] DEBUG o.h.i.f.i.DefaultIdentifierGeneratorFactory - Registering IdentifierGenerator strategy [guid] -> [org.hibernate.id.GUIDGenerator]
2025-09-02 14:29:58.115 [main] DEBUG o.h.i.f.i.DefaultIdentifierGeneratorFactory - Registering IdentifierGenerator strategy [uuid] -> [org.hibernate.id.UUIDHexGenerator]
2025-09-02 14:29:58.115 [main] DEBUG o.h.i.f.i.DefaultIdentifierGeneratorFactory - Registering IdentifierGenerator strategy [uuid.hex] -> [org.hibernate.id.UUIDHexGenerator]
2025-09-02 14:29:58.115 [main] DEBUG o.h.i.f.i.DefaultIdentifierGeneratorFactory - Registering IdentifierGenerator strategy [hilo] -> [org.hibernate.id.TableHiLoGenerator]
2025-09-02 14:29:58.115 [main] DEBUG o.h.i.f.i.DefaultIdentifierGeneratorFactory - Registering IdentifierGenerator strategy [assigned] -> [org.hibernate.id.Assigned]
2025-09-02 14:29:58.115 [main] DEBUG o.h.i.f.i.DefaultIdentifierGeneratorFactory - Registering IdentifierGenerator strategy [identity] -> [org.hibernate.id.IdentityGenerator]
2025-09-02 14:29:58.115 [main] DEBUG o.h.i.f.i.DefaultIdentifierGeneratorFactory - Registering IdentifierGenerator strategy [select] -> [org.hibernate.id.SelectGenerator]
2025-09-02 14:29:58.115 [main] DEBUG o.h.i.f.i.DefaultIdentifierGeneratorFactory - Registering IdentifierGenerator strategy [sequence] -> [org.hibernate.id.SequenceGenerator]
2025-09-02 14:29:58.115 [main] DEBUG o.h.i.f.i.DefaultIdentifierGeneratorFactory - Registering IdentifierGenerator strategy [seqhilo] -> [org.hibernate.id.SequenceHiLoGenerator]
2025-09-02 14:29:58.115 [main] DEBUG o.h.i.f.i.DefaultIdentifierGeneratorFactory - Registering IdentifierGenerator strategy [increment] -> [org.hibernate.id.IncrementGenerator]
2025-09-02 14:29:58.115 [main] DEBUG o.h.i.f.i.DefaultIdentifierGeneratorFactory - Registering IdentifierGenerator strategy [foreign] -> [org.hibernate.id.ForeignGenerator]
2025-09-02 14:29:58.115 [main] DEBUG o.h.i.f.i.DefaultIdentifierGeneratorFactory - Registering IdentifierGenerator strategy [sequence-identity] -> [org.hibernate.id.SequenceIdentityGenerator]
2025-09-02 14:29:58.115 [main] DEBUG o.h.i.f.i.DefaultIdentifierGeneratorFactory - Registering IdentifierGenerator strategy [enhanced-sequence] -> [org.hibernate.id.enhanced.SequenceStyleGenerator]
2025-09-02 14:29:58.115 [main] DEBUG o.h.i.f.i.DefaultIdentifierGeneratorFactory - Registering IdentifierGenerator strategy [enhanced-table] -> [org.hibernate.id.enhanced.TableGenerator]
2025-09-02 14:29:58.116 [main] DEBUG o.h.i.internal.IntegratorServiceImpl - Adding Integrator [org.hibernate.cfg.beanvalidation.BeanValidationIntegrator].
2025-09-02 14:29:58.116 [main] DEBUG org.hibernate.cfg.Configuration - Preparing to build session factory with filters : {}
2025-09-02 14:29:58.116 [main] DEBUG org.hibernate.cfg.Configuration - Processing hbm.xml files
2025-09-02 14:29:58.116 [main] DEBUG org.hibernate.cfg.Configuration - Process annotated classes
2025-09-02 14:29:58.116 [main] DEBUG org.hibernate.cfg.AnnotationBinder - Binding entity from annotated class: org.atomhopper.adapter.jpa.PersistedFeed
2025-09-02 14:29:58.116 [main] DEBUG org.hibernate.cfg.Ejb3Column - Binding column: Ejb3DiscriminatorColumn{logicalColumnName'DTYPE', discriminatorTypeName='string'}
2025-09-02 14:29:58.116 [main] DEBUG org.hibernate.cfg.AnnotationBinder - No value specified for 'javax.persistence.sharedCache.mode'; using UNSPECIFIED
2025-09-02 14:29:58.116 [main] DEBUG o.h.cfg.annotations.EntityBinder - Import with entity name PersistedFeed
2025-09-02 14:29:58.116 [main] DEBUG o.h.cfg.annotations.EntityBinder - Bind entity org.atomhopper.adapter.jpa.PersistedFeed on table Feeds
2025-09-02 14:29:58.116 [main] DEBUG org.hibernate.cfg.Ejb3Column - Binding column: Ejb3Column{table=org.hibernate.mapping.Table(Feeds), mappingColumn=Name, insertable=true, updatable=true, unique=false}
2025-09-02 14:29:58.117 [main] DEBUG o.h.cfg.annotations.PropertyBinder - MetadataSourceProcessor property name with lazy=false
2025-09-02 14:29:58.117 [main] DEBUG o.h.c.annotations.SimpleValueBinder - building SimpleValue for name
2025-09-02 14:29:58.117 [main] DEBUG o.h.cfg.annotations.PropertyBinder - Building property name
2025-09-02 14:29:58.117 [main] DEBUG org.hibernate.cfg.Ejb3Column - Binding column: Ejb3JoinColumn{logicalColumnName='null', referencedColumn='null', mappedBy='feed'}
2025-09-02 14:29:58.117 [main] DEBUG org.hibernate.cfg.Ejb3Column - Binding column: Ejb3Column{table=org.hibernate.mapping.Table(Feeds), mappingColumn=entries, insertable=true, updatable=true, unique=false}
2025-09-02 14:29:58.117 [main] DEBUG org.hibernate.cfg.Ejb3Column - Binding column: Ejb3Column{table=org.hibernate.mapping.Table(Feeds), mappingColumn=null, insertable=true, updatable=true, unique=false}
2025-09-02 14:29:58.117 [main] DEBUG org.hibernate.cfg.Ejb3Column - Binding column: Ejb3Column{table=org.hibernate.mapping.Table(Feeds), mappingColumn=element, insertable=true, updatable=true, unique=false}
2025-09-02 14:29:58.117 [main] DEBUG org.hibernate.cfg.Ejb3Column - Binding column: Ejb3Column{table=org.hibernate.mapping.Table(Feeds), mappingColumn=entries_KEY, insertable=true, updatable=true, unique=false}
2025-09-02 14:29:58.117 [main] DEBUG org.hibernate.cfg.Ejb3Column - Binding column: Ejb3JoinColumn{logicalColumnName='entries_KEY', referencedColumn='null', mappedBy='null'}
2025-09-02 14:29:58.117 [main] DEBUG org.hibernate.cfg.Ejb3Column - Binding column: Ejb3JoinColumn{logicalColumnName='null', referencedColumn='null', mappedBy='feed'}
2025-09-02 14:29:58.117 [main] DEBUG org.hibernate.cfg.Ejb3Column - Binding column: Ejb3JoinColumn{logicalColumnName='null', referencedColumn='null', mappedBy='feed'}
2025-09-02 14:29:58.117 [main] DEBUG o.h.cfg.annotations.CollectionBinder - Collection role: org.atomhopper.adapter.jpa.PersistedFeed.entries
2025-09-02 14:29:58.117 [main] DEBUG o.h.cfg.annotations.PropertyBinder - Building property entries
2025-09-02 14:29:58.117 [main] DEBUG org.hibernate.cfg.Ejb3Column - Binding column: Ejb3Column{table=org.hibernate.mapping.Table(Feeds), mappingColumn=FeedID, insertable=true, updatable=true, unique=false}
2025-09-02 14:29:58.117 [main] DEBUG o.h.cfg.annotations.PropertyBinder - MetadataSourceProcessor property feedId with lazy=false
2025-09-02 14:29:58.117 [main] DEBUG o.h.c.annotations.SimpleValueBinder - building SimpleValue for feedId
2025-09-02 14:29:58.117 [main] DEBUG o.h.cfg.annotations.PropertyBinder - Building property feedId
2025-09-02 14:29:58.117 [main] DEBUG org.hibernate.cfg.AnnotationBinder - Binding entity from annotated class: org.atomhopper.adapter.jpa.PersistedEntry
2025-09-02 14:29:58.117 [main] DEBUG org.hibernate.cfg.Ejb3Column - Binding column: Ejb3DiscriminatorColumn{logicalColumnName'DTYPE', discriminatorTypeName='string'}
2025-09-02 14:29:58.117 [main] DEBUG org.hibernate.cfg.AnnotationBinder - No value specified for 'javax.persistence.sharedCache.mode'; using UNSPECIFIED
2025-09-02 14:29:58.117 [main] DEBUG o.h.cfg.annotations.EntityBinder - Import with entity name PersistedEntry
2025-09-02 14:29:58.117 [main] DEBUG o.h.cfg.annotations.EntityBinder - Bind entity org.atomhopper.adapter.jpa.PersistedEntry on table Entries
2025-09-02 14:29:58.118 [main] DEBUG org.hibernate.cfg.Ejb3Column - Binding column: Ejb3Column{table=org.hibernate.mapping.Table(Entries), mappingColumn=EntryID, insertable=true, updatable=true, unique=false}
2025-09-02 14:29:58.118 [main] DEBUG o.h.cfg.annotations.PropertyBinder - MetadataSourceProcessor property entryId with lazy=false
2025-09-02 14:29:58.118 [main] DEBUG o.h.c.annotations.SimpleValueBinder - building SimpleValue for entryId
2025-09-02 14:29:58.118 [main] DEBUG o.h.cfg.annotations.PropertyBinder - Building property entryId
2025-09-02 14:29:58.118 [main] DEBUG org.hibernate.cfg.Ejb3Column - Binding column: Ejb3Column{table=org.hibernate.mapping.Table(Entries), mappingColumn=null, insertable=true, updatable=true, unique=false}
2025-09-02 14:29:58.118 [main] DEBUG org.hibernate.cfg.Ejb3Column - Binding column: Ejb3Column{table=org.hibernate.mapping.Table(Entries), mappingColumn=element, insertable=true, updatable=true, unique=false}
2025-09-02 14:29:58.118 [main] DEBUG org.hibernate.cfg.Ejb3Column - Binding column: Ejb3Column{table=org.hibernate.mapping.Table(Entries), mappingColumn=categories_KEY, insertable=true, updatable=true, unique=false}
2025-09-02 14:29:58.118 [main] DEBUG org.hibernate.cfg.Ejb3Column - Binding column: Ejb3JoinColumn{logicalColumnName='categories_KEY', referencedColumn='null', mappedBy='null'}
2025-09-02 14:29:58.118 [main] DEBUG org.hibernate.cfg.Ejb3Column - Binding column: Ejb3JoinColumn{logicalColumnName='entryId', referencedColumn='EntryID', mappedBy=''}
2025-09-02 14:29:58.118 [main] DEBUG org.hibernate.cfg.Ejb3Column - Binding column: Ejb3JoinColumn{logicalColumnName='category', referencedColumn='Term', mappedBy=''}
2025-09-02 14:29:58.118 [main] DEBUG o.h.cfg.annotations.CollectionBinder - Collection role: org.atomhopper.adapter.jpa.PersistedEntry.categories
2025-09-02 14:29:58.118 [main] DEBUG o.h.cfg.annotations.PropertyBinder - Building property categories
2025-09-02 14:29:58.118 [main] DEBUG org.hibernate.cfg.Ejb3Column - Binding column: Ejb3Column{table=org.hibernate.mapping.Table(Entries), mappingColumn=CreationDate, insertable=true, updatable=true, unique=false}
2025-09-02 14:29:58.118 [main] DEBUG o.h.cfg.annotations.PropertyBinder - MetadataSourceProcessor property creationDate with lazy=false
2025-09-02 14:29:58.118 [main] DEBUG o.h.c.annotations.SimpleValueBinder - building SimpleValue for creationDate
2025-09-02 14:29:58.118 [main] DEBUG o.h.cfg.annotations.PropertyBinder - Building property creationDate
2025-09-02 14:29:58.118 [main] DEBUG org.hibernate.cfg.Ejb3Column - Binding column: Ejb3Column{table=org.hibernate.mapping.Table(Entries), mappingColumn=DateLastUpdated, insertable=true, updatable=true, unique=false}
2025-09-02 14:29:58.118 [main] DEBUG o.h.cfg.annotations.PropertyBinder - MetadataSourceProcessor property dateLastUpdated with lazy=false
2025-09-02 14:29:58.118 [main] DEBUG o.h.c.annotations.SimpleValueBinder - building SimpleValue for dateLastUpdated
2025-09-02 14:29:58.118 [main] DEBUG o.h.cfg.annotations.PropertyBinder - Building property dateLastUpdated
2025-09-02 14:29:58.118 [main] DEBUG org.hibernate.cfg.Ejb3Column - Binding column: Ejb3Column{table=org.hibernate.mapping.Table(Entries), mappingColumn=EntryBody, insertable=true, updatable=true, unique=false}
2025-09-02 14:29:58.118 [main] DEBUG o.h.cfg.annotations.PropertyBinder - MetadataSourceProcessor property entryBody with lazy=false
2025-09-02 14:29:58.118 [main] DEBUG o.h.c.annotations.SimpleValueBinder - building SimpleValue for entryBody
2025-09-02 14:29:58.118 [main] DEBUG o.h.cfg.annotations.PropertyBinder - Building property entryBody
2025-09-02 14:29:58.118 [main] DEBUG org.hibernate.cfg.Ejb3Column - Binding column: Ejb3JoinColumn{logicalColumnName='Feed', referencedColumn='', mappedBy=''}
2025-09-02 14:29:58.118 [main] DEBUG org.hibernate.cfg.Ejb3Column - Binding column: Ejb3Column{table=org.hibernate.mapping.Table(Entries), mappingColumn=feed, insertable=true, updatable=true, unique=false}
2025-09-02 14:29:58.118 [main] DEBUG o.h.cfg.annotations.PropertyBinder - Building property feed
2025-09-02 14:29:58.118 [main] DEBUG org.hibernate.cfg.AnnotationBinder - Binding entity from annotated class: org.atomhopper.adapter.jpa.PersistedCategory
2025-09-02 14:29:58.118 [main] DEBUG org.hibernate.cfg.Ejb3Column - Binding column: Ejb3DiscriminatorColumn{logicalColumnName'DTYPE', discriminatorTypeName='string'}
2025-09-02 14:29:58.118 [main] DEBUG org.hibernate.cfg.AnnotationBinder - No value specified for 'javax.persistence.sharedCache.mode'; using UNSPECIFIED
2025-09-02 14:29:58.118 [main] DEBUG o.h.cfg.annotations.EntityBinder - Import with entity name PersistedCategory
2025-09-02 14:29:58.118 [main] DEBUG o.h.cfg.annotations.EntityBinder - Bind entity org.atomhopper.adapter.jpa.PersistedCategory on table Categories
2025-09-02 14:29:58.119 [main] DEBUG org.hibernate.cfg.Ejb3Column - Binding column: Ejb3Column{table=org.hibernate.mapping.Table(Categories), mappingColumn=Term, insertable=true, updatable=true, unique=false}
2025-09-02 14:29:58.119 [main] DEBUG o.h.cfg.annotations.PropertyBinder - MetadataSourceProcessor property term with lazy=false
2025-09-02 14:29:58.119 [main] DEBUG o.h.c.annotations.SimpleValueBinder - building SimpleValue for term
2025-09-02 14:29:58.119 [main] DEBUG o.h.cfg.annotations.PropertyBinder - Building property term
2025-09-02 14:29:58.119 [main] DEBUG org.hibernate.cfg.Ejb3Column - Binding column: Ejb3Column{table=org.hibernate.mapping.Table(Categories), mappingColumn=null, insertable=true, updatable=true, unique=false}
2025-09-02 14:29:58.119 [main] DEBUG org.hibernate.cfg.Ejb3Column - Binding column: Ejb3Column{table=org.hibernate.mapping.Table(Categories), mappingColumn=element, insertable=true, updatable=true, unique=false}
2025-09-02 14:29:58.119 [main] DEBUG org.hibernate.cfg.Ejb3Column - Binding column: Ejb3Column{table=org.hibernate.mapping.Table(Categories), mappingColumn=feedEntries_KEY, insertable=true, updatable=true, unique=false}
2025-09-02 14:29:58.119 [main] DEBUG org.hibernate.cfg.Ejb3Column - Binding column: Ejb3JoinColumn{logicalColumnName='feedEntries_KEY', referencedColumn='null', mappedBy='null'}
2025-09-02 14:29:58.119 [main] DEBUG org.hibernate.cfg.Ejb3Column - Binding column: Ejb3JoinColumn{logicalColumnName='null', referencedColumn='null', mappedBy='categories'}
2025-09-02 14:29:58.119 [main] DEBUG org.hibernate.cfg.Ejb3Column - Binding column: Ejb3JoinColumn{logicalColumnName='null', referencedColumn='null', mappedBy='categories'}
2025-09-02 14:29:58.119 [main] DEBUG o.h.cfg.annotations.CollectionBinder - Collection role: org.atomhopper.adapter.jpa.PersistedCategory.feedEntries
2025-09-02 14:29:58.119 [main] DEBUG o.h.cfg.annotations.PropertyBinder - Building property feedEntries
2025-09-02 14:29:58.119 [main] DEBUG o.h.c.annotations.SimpleValueBinder - Setting SimpleValue typeName for name
2025-09-02 14:29:58.119 [main] DEBUG o.h.c.annotations.SimpleValueBinder - Setting SimpleValue typeName for feedId
2025-09-02 14:29:58.119 [main] DEBUG o.h.c.annotations.SimpleValueBinder - Setting SimpleValue typeName for entryId
2025-09-02 14:29:58.119 [main] DEBUG o.h.c.annotations.SimpleValueBinder - Setting SimpleValue typeName for creationDate
2025-09-02 14:29:58.119 [main] DEBUG o.h.c.annotations.SimpleValueBinder - Setting SimpleValue typeName for dateLastUpdated
2025-09-02 14:29:58.119 [main] DEBUG o.h.c.annotations.SimpleValueBinder - Setting SimpleValue typeName for entryBody
2025-09-02 14:29:58.119 [main] DEBUG o.h.c.annotations.SimpleValueBinder - Setting SimpleValue typeName for term
2025-09-02 14:29:58.119 [main] DEBUG org.hibernate.cfg.Configuration - Processing fk mappings (*ToOne and JoinedSubclass)
2025-09-02 14:29:58.119 [main] DEBUG org.hibernate.cfg.Configuration - Processing extends queue
2025-09-02 14:29:58.119 [main] DEBUG org.hibernate.cfg.Configuration - Processing extends queue
2025-09-02 14:29:58.119 [main] DEBUG org.hibernate.cfg.Configuration - Processing collection mappings
2025-09-02 14:29:58.119 [main] DEBUG o.hibernate.cfg.CollectionSecondPass - Second pass for collection: org.atomhopper.adapter.jpa.PersistedEntry.categories
2025-09-02 14:29:58.119 [main] DEBUG o.h.cfg.annotations.CollectionBinder - Binding as ManyToMany: org.atomhopper.adapter.jpa.PersistedEntry.categories
2025-09-02 14:29:58.119 [main] DEBUG o.hibernate.cfg.CollectionSecondPass - Mapped collection key: entryId, element: category
2025-09-02 14:29:58.119 [main] DEBUG o.hibernate.cfg.CollectionSecondPass - Second pass for collection: org.atomhopper.adapter.jpa.PersistedFeed.entries
2025-09-02 14:29:58.119 [main] DEBUG o.h.cfg.annotations.CollectionBinder - Binding a OneToMany: org.atomhopper.adapter.jpa.PersistedFeed.entries through a foreign key
2025-09-02 14:29:58.119 [main] DEBUG o.h.cfg.annotations.CollectionBinder - Mapping collection: org.atomhopper.adapter.jpa.PersistedFeed.entries -> Entries
2025-09-02 14:29:58.119 [main] DEBUG o.h.cfg.annotations.TableBinder - Retrieving property org.atomhopper.adapter.jpa.PersistedEntry.feed
2025-09-02 14:29:58.119 [main] DEBUG o.hibernate.cfg.CollectionSecondPass - Mapped collection key: Feed, one-to-many: org.atomhopper.adapter.jpa.PersistedEntry
2025-09-02 14:29:58.119 [main] DEBUG o.hibernate.cfg.CollectionSecondPass - Second pass for collection: org.atomhopper.adapter.jpa.PersistedCategory.feedEntries
2025-09-02 14:29:58.119 [main] DEBUG o.h.cfg.annotations.CollectionBinder - Binding as ManyToMany: org.atomhopper.adapter.jpa.PersistedCategory.feedEntries
2025-09-02 14:29:58.119 [main] DEBUG o.h.cfg.annotations.TableBinder - Retrieving property org.atomhopper.adapter.jpa.PersistedEntry.categories
2025-09-02 14:29:58.119 [main] DEBUG o.hibernate.cfg.CollectionSecondPass - Mapped collection key: category, element: entryId
2025-09-02 14:29:58.119 [main] DEBUG org.hibernate.cfg.Configuration - Processing native query and ResultSetMapping mappings
2025-09-02 14:29:58.119 [main] DEBUG org.hibernate.cfg.Configuration - Processing association property references
2025-09-02 14:29:58.119 [main] DEBUG org.hibernate.cfg.Configuration - Processing foreign key constraints
2025-09-02 14:29:58.119 [main] DEBUG org.hibernate.cfg.Configuration - Resolving reference to class: org.atomhopper.adapter.jpa.PersistedCategory
2025-09-02 14:29:58.119 [main] DEBUG org.hibernate.cfg.Configuration - Resolving reference to class: org.atomhopper.adapter.jpa.PersistedEntry
2025-09-02 14:29:58.120 [main] DEBUG org.hibernate.cfg.Configuration - Resolving reference to class: org.atomhopper.adapter.jpa.PersistedFeed
2025-09-02 14:29:58.120 [main] INFO  o.h.s.j.c.i.DriverManagerConnectionProviderImpl - HHH000402: Using Hibernate built-in connection pool (not for production use!)
2025-09-02 14:29:58.120 [main] INFO  o.h.s.j.c.i.DriverManagerConnectionProviderImpl - HHH000115: Hibernate connection pool size: 20
2025-09-02 14:29:58.120 [main] INFO  o.h.s.j.c.i.DriverManagerConnectionProviderImpl - HHH000006: Autocommit mode: false
2025-09-02 14:29:58.120 [main] INFO  o.h.s.j.c.i.DriverManagerConnectionProviderImpl - HHH000401: using driver [org.h2.Driver] at URL [jdbc:h2:mem:WhenCreatingFeed]
2025-09-02 14:29:58.120 [main] INFO  o.h.s.j.c.i.DriverManagerConnectionProviderImpl - HHH000046: Connection properties: {user=sa, password=}
2025-09-02 14:29:58.120 [main] DEBUG o.h.s.j.c.i.DriverManagerConnectionProviderImpl - Opening new JDBC connection
2025-09-02 14:29:58.121 [main] DEBUG o.h.s.j.c.i.DriverManagerConnectionProviderImpl - Created connection to: jdbc:h2:mem:WhenCreatingFeed, Isolation Level: 2
2025-09-02 14:29:58.121 [main] DEBUG o.h.e.jdbc.internal.JdbcServicesImpl - Database ->
       name : H2
    version : 2.1.210 (2022-01-17)
      major : 2
      minor : 1
2025-09-02 14:29:58.121 [main] DEBUG o.h.e.jdbc.internal.JdbcServicesImpl - Driver ->
       name : H2 JDBC Driver
    version : 2.1.210 (2022-01-17)
      major : 2
      minor : 1
2025-09-02 14:29:58.121 [main] DEBUG o.h.e.jdbc.internal.JdbcServicesImpl - JDBC version : 4.2
2025-09-02 14:29:58.122 [main] INFO  org.hibernate.dialect.Dialect - HHH000400: Using dialect: org.hibernate.dialect.H2Dialect
2025-09-02 14:29:58.123 [main] DEBUG org.hibernate.cfg.SettingsFactory - Automatic flush during beforeCompletion(): disabled
2025-09-02 14:29:58.123 [main] DEBUG org.hibernate.cfg.SettingsFactory - Automatic session close at end of transaction: disabled
2025-09-02 14:29:58.123 [main] DEBUG org.hibernate.cfg.SettingsFactory - JDBC batch size: 15
2025-09-02 14:29:58.123 [main] DEBUG org.hibernate.cfg.SettingsFactory - JDBC batch updates for versioned data: disabled
2025-09-02 14:29:58.123 [main] DEBUG org.hibernate.cfg.SettingsFactory - Scrollable result sets: enabled
2025-09-02 14:29:58.123 [main] DEBUG org.hibernate.cfg.SettingsFactory - Wrap result sets: disabled
2025-09-02 14:29:58.123 [main] DEBUG org.hibernate.cfg.SettingsFactory - JDBC3 getGeneratedKeys(): enabled
2025-09-02 14:29:58.123 [main] DEBUG org.hibernate.cfg.SettingsFactory - Connection release mode: auto
2025-09-02 14:29:58.123 [main] INFO  o.h.e.t.i.TransactionFactoryInitiator - HHH000399: Using default transaction strategy (direct JDBC transactions)
2025-09-02 14:29:58.123 [main] DEBUG org.hibernate.cfg.SettingsFactory - Default batch fetch size: 1
2025-09-02 14:29:58.123 [main] DEBUG org.hibernate.cfg.SettingsFactory - Generate SQL with comments: disabled
2025-09-02 14:29:58.123 [main] DEBUG org.hibernate.cfg.SettingsFactory - Order SQL updates by primary key: disabled
2025-09-02 14:29:58.123 [main] DEBUG org.hibernate.cfg.SettingsFactory - Order SQL inserts for batching: disabled
2025-09-02 14:29:58.123 [main] DEBUG org.hibernate.cfg.SettingsFactory - Query translator: org.hibernate.hql.internal.ast.ASTQueryTranslatorFactory
2025-09-02 14:29:58.123 [main] INFO  o.h.h.i.a.ASTQueryTranslatorFactory - HHH000397: Using ASTQueryTranslatorFactory
2025-09-02 14:29:58.123 [main] DEBUG org.hibernate.cfg.SettingsFactory - Query language substitutions: {}
2025-09-02 14:29:58.123 [main] DEBUG org.hibernate.cfg.SettingsFactory - JPA-QL strict compliance: disabled
2025-09-02 14:29:58.123 [main] DEBUG org.hibernate.cfg.SettingsFactory - Second-level cache: enabled
2025-09-02 14:29:58.123 [main] DEBUG org.hibernate.cfg.SettingsFactory - Query cache: disabled
2025-09-02 14:29:58.123 [main] DEBUG org.hibernate.cfg.SettingsFactory - Cache region factory : org.hibernate.cache.internal.NoCachingRegionFactory
2025-09-02 14:29:58.123 [main] DEBUG org.hibernate.cfg.SettingsFactory - org.hibernate.cache.internal.NoCachingRegionFactory did not provide constructor accepting java.util.Properties; attempting no-arg constructor.
2025-09-02 14:29:58.123 [main] DEBUG org.hibernate.cfg.SettingsFactory - Optimize cache for minimal puts: disabled
2025-09-02 14:29:58.123 [main] DEBUG org.hibernate.cfg.SettingsFactory - Structured second-level cache entries: disabled
2025-09-02 14:29:58.123 [main] DEBUG org.hibernate.cfg.SettingsFactory - Statistics: disabled
2025-09-02 14:29:58.123 [main] DEBUG org.hibernate.cfg.SettingsFactory - Deleted entity synthetic identifier rollback: disabled
2025-09-02 14:29:58.123 [main] DEBUG org.hibernate.cfg.SettingsFactory - Default entity-mode: pojo
2025-09-02 14:29:58.123 [main] DEBUG org.hibernate.cfg.SettingsFactory - Named query checking : enabled
2025-09-02 14:29:58.123 [main] DEBUG org.hibernate.cfg.SettingsFactory - Check Nullability in Core (should be disabled when Bean Validation is on): enabled
2025-09-02 14:29:58.123 [main] DEBUG org.hibernate.cfg.SettingsFactory - multi-tenancy strategy : NONE
2025-09-02 14:29:58.123 [main] DEBUG o.h.internal.SessionFactoryImpl - Building session factory
2025-09-02 14:29:58.123 [main] DEBUG o.h.internal.SessionFactoryImpl - Session factory constructed with filter configurations : {}
2025-09-02 14:29:58.123 [main] DEBUG o.h.internal.SessionFactoryImpl - Instantiating session factory with properties: {java.runtime.name=OpenJDK Runtime Environment, hibernate.connection.password=, sun.boot.library.path=/Users/srihari.kalthireddy/.sdkman/candidates/java/8.0.462-amzn/jre/lib, java.vm.version=25.462-b08, hibernate.connection.username=sa, gopherProxySet=false, java.vm.vendor=Amazon.com Inc., java.vendor.url=https://aws.amazon.com/corretto/, path.separator=:, java.vm.name=OpenJDK 64-Bit Server VM, file.encoding.pkg=sun.io, user.country=IN, sun.java.launcher=SUN_STANDARD, sun.os.patch.level=unknown, java.vm.specification.name=Java Virtual Machine Specification, user.dir=/Users/srihari.kalthireddy/projects/atom-hopper/adapters/hibernate, java.runtime.version=1.8.0_462-b08, java.awt.graphicsenv=sun.awt.CGraphicsEnvironment, basedir=/Users/srihari.kalthireddy/projects/atom-hopper/adapters/hibernate, java.endorsed.dirs=/Users/srihari.kalthireddy/.sdkman/candidates/java/8.0.462-amzn/jre/lib/endorsed, os.arch=aarch64, surefire.real.class.path=/Users/srihari.kalthireddy/projects/atom-hopper/adapters/hibernate/target/surefire/surefirebooter7093617471829027574.jar, java.io.tmpdir=/var/folders/dt/wtf24ks508b73xsrhxp8vh_80000gp/T/, line.separator=
, java.vm.specification.vendor=Oracle Corporation, os.name=Mac OS X, sun.jnu.encoding=UTF-8, java.library.path=/Users/srihari.kalthireddy/Library/Java/Extensions:/Library/Java/Extensions:/Network/Library/Java/Extensions:/System/Library/Java/Extensions:/usr/lib/java:., surefire.test.class.path=/Users/srihari.kalthireddy/projects/atom-hopper/adapters/hibernate/target/test-classes:/Users/srihari.kalthireddy/projects/atom-hopper/adapters/hibernate/target/classes:/Users/srihari.kalthireddy/projects/atom-hopper/hopper/target/core-1.2.35.jar:/Users/srihari.kalthireddy/.m2/repository/org/apache/abdera/abdera-server/1.1.2/abdera-server-1.1.2.jar:/Users/srihari.kalthireddy/.m2/repository/org/apache/abdera/abdera-parser/1.1.2/abdera-parser-1.1.2.jar:/Users/srihari.kalthireddy/.m2/repository/org/apache/ws/commons/axiom/axiom-impl/1.2.10/axiom-impl-1.2.10.jar:/Users/srihari.kalthireddy/.m2/repository/org/apache/ws/commons/axiom/axiom-api/1.2.10/axiom-api-1.2.10.jar:/Users/srihari.kalthireddy/.m2/repository/org/apache/geronimo/specs/geronimo-activation_1.1_spec/1.0.2/geronimo-activation_1.1_spec-1.0.2.jar:/Users/srihari.kalthireddy/.m2/repository/org/apache/geronimo/specs/geronimo-javamail_1.4_spec/1.6/geronimo-javamail_1.4_spec-1.6.jar:/Users/srihari.kalthireddy/.m2/repository/org/codehaus/woodstox/wstx-asl/3.2.6/wstx-asl-3.2.6.jar:/Users/srihari.kalthireddy/.m2/repository/jaxen/jaxen/1.1.1/jaxen-1.1.1.jar:/Users/srihari.kalthireddy/.m2/repository/xml-apis/xml-apis/1.4.01/xml-apis-1.4.01.jar:/Users/srihari.kalthireddy/.m2/repository/xerces/xercesImpl/2.12.2/xercesImpl-2.12.2.jar:/Users/srihari.kalthireddy/.m2/repository/javax/servlet/servlet-api/2.5/servlet-api-2.5.jar:/Users/srihari.kalthireddy/.m2/repository/javax/mail/mail/1.4/mail-1.4.jar:/Users/srihari.kalthireddy/.m2/repository/javax/activation/activation/1.1/activation-1.1.jar:/Users/srihari.kalthireddy/.m2/repository/org/apache/abdera/abdera-extensions-json/1.1.2/abdera-extensions-json-1.1.2.jar:/Users/srihari.kalthireddy/.m2/repository/org/apache/abdera/abdera-extensions-main/1.1.2/abdera-extensions-main-1.1.2.jar:/Users/srihari.kalthireddy/.m2/repository/org/apache/abdera/abdera-client/1.1.2/abdera-client-1.1.2.jar:/Users/srihari.kalthireddy/.m2/repository/commons-httpclient/commons-httpclient/3.1/commons-httpclient-3.1.jar:/Users/srihari.kalthireddy/.m2/repository/org/apache/abdera/abdera-extensions-html/1.1.2/abdera-extensions-html-1.1.2.jar:/Users/srihari.kalthireddy/.m2/repository/nu/validator/htmlparser/htmlparser/1.0.5/htmlparser-1.0.5.jar:/Users/srihari.kalthireddy/.m2/repository/org/springframework/spring-core/5.2.25.RELEASE/spring-core-5.2.25.RELEASE.jar:/Users/srihari.kalthireddy/.m2/repository/org/springframework/spring-jcl/5.2.25.RELEASE/spring-jcl-5.2.25.RELEASE.jar:/Users/srihari.kalthireddy/.m2/repository/org/springframework/spring-beans/5.2.25.RELEASE/spring-beans-5.2.25.RELEASE.jar:/Users/srihari.kalthireddy/.m2/repository/org/springframework/spring-context/5.2.25.RELEASE/spring-context-5.2.25.RELEASE.jar:/Users/srihari.kalthireddy/.m2/repository/org/springframework/spring-aop/5.2.25.RELEASE/spring-aop-5.2.25.RELEASE.jar:/Users/srihari.kalthireddy/.m2/repository/org/springframework/spring-expression/4.2.5.RELEASE/spring-expression-4.2.5.RELEASE.jar:/Users/srihari.kalthireddy/.m2/repository/org/springframework/spring-web/5.2.25.RELEASE/spring-web-5.2.25.RELEASE.jar:/Users/srihari.kalthireddy/.m2/repository/commons-lang/commons-lang/2.6/commons-lang-2.6.jar:/Users/srihari.kalthireddy/.m2/repository/com/google/code/gson/gson/2.8.9/gson-2.8.9.jar:/Users/srihari.kalthireddy/.m2/repository/ch/qos/logback/logback-classic/1.2.0/logback-classic-1.2.0.jar:/Users/srihari.kalthireddy/.m2/repository/ch/qos/logback/logback-core/1.2.9/logback-core-1.2.9.jar:/Users/srihari.kalthireddy/.m2/repository/me/moocar/logback-gelf/0.9.6/logback-gelf-0.9.6.jar:/Users/srihari.kalthireddy/.m2/repository/com/codahale/metrics/metrics-core/3.0.1/metrics-core-3.0.1.jar:/Users/srihari.kalthireddy/.m2/repository/com/codahale/metrics/metrics-graphite/3.0.1/metrics-graphite-3.0.1.jar:/Users/srihari.kalthireddy/.m2/repository/org/apache/tomcat/tomcat-jdbc/7.0.27/tomcat-jdbc-7.0.27.jar:/Users/srihari.kalthireddy/.m2/repository/org/apache/tomcat/tomcat-juli/7.0.27/tomcat-juli-7.0.27.jar:/Users/srihari.kalthireddy/.m2/repository/com/fasterxml/jackson/core/jackson-annotations/2.12.7/jackson-annotations-2.12.7.jar:/Users/srihari.kalthireddy/.m2/repository/com/fasterxml/jackson/core/jackson-databind/2.12.7.1/jackson-databind-2.12.7.1.jar:/Users/srihari.kalthireddy/.m2/repository/com/fasterxml/jackson/core/jackson-core/2.12.7/jackson-core-2.12.7.jar:/Users/srihari.kalthireddy/.m2/repository/org/hibernate/hibernate-core/4.1.3.Final/hibernate-core-4.1.3.Final.jar:/Users/srihari.kalthireddy/.m2/repository/antlr/antlr/2.7.7/antlr-2.7.7.jar:/Users/srihari.kalthireddy/.m2/repository/org/jboss/logging/jboss-logging/3.1.0.GA/jboss-logging-3.1.0.GA.jar:/Users/srihari.kalthireddy/.m2/repository/org/jboss/spec/javax/transaction/jboss-transaction-api_1.1_spec/1.0.0.Final/jboss-transaction-api_1.1_spec-1.0.0.Final.jar:/Users/srihari.kalthireddy/.m2/repository/dom4j/dom4j/1.6.1/dom4j-1.6.1.jar:/Users/srihari.kalthireddy/.m2/repository/org/hibernate/javax/persistence/hibernate-jpa-2.0-api/1.0.1.Final/hibernate-jpa-2.0-api-1.0.1.Final.jar:/Users/srihari.kalthireddy/.m2/repository/org/hibernate/common/hibernate-commons-annotations/4.0.1.Final/hibernate-commons-annotations-4.0.1.Final.jar:/Users/srihari.kalthireddy/.m2/repository/org/javassist/javassist/3.16.1-GA/javassist-3.16.1-GA.jar:/Users/srihari.kalthireddy/.m2/repository/com/h2database/h2/2.1.210/h2-2.1.210.jar:/Users/srihari.kalthireddy/.m2/repository/org/hibernate/hibernate-c3p0/4.1.3.Final/hibernate-c3p0-4.1.3.Final.jar:/Users/srihari.kalthireddy/.m2/repository/c3p0/c3p0/0.9.1/c3p0-0.9.1.jar:/Users/srihari.kalthireddy/.m2/repository/org/apache/abdera/abdera-core/1.1.2/abdera-core-1.1.2.jar:/Users/srihari.kalthireddy/.m2/repository/org/apache/abdera/abdera-i18n/1.1.2/abdera-i18n-1.1.2.jar:/Users/srihari.kalthireddy/.m2/repository/org/apache/geronimo/specs/geronimo-activation_1.0.2_spec/1.1/geronimo-activation_1.0.2_spec-1.1.jar:/Users/srihari.kalthireddy/.m2/repository/org/apache/geronimo/specs/geronimo-stax-api_1.0_spec/1.0.1/geronimo-stax-api_1.0_spec-1.0.1.jar:/Users/srihari.kalthireddy/.m2/repository/commons-codec/commons-codec/1.4/commons-codec-1.4.jar:/Users/srihari.kalthireddy/.m2/repository/commons-logging/commons-logging/1.0.4/commons-logging-1.0.4.jar:/Users/srihari.kalthireddy/.m2/repository/org/slf4j/slf4j-api/1.7.16/slf4j-api-1.7.16.jar:/Users/srihari.kalthireddy/.m2/repository/org/mockito/mockito-all/1.8.5/mockito-all-1.8.5.jar:/Users/srihari.kalthireddy/.m2/repository/junit/junit/4.13.1/junit-4.13.1.jar:/Users/srihari.kalthireddy/.m2/repository/org/hamcrest/hamcrest-core/1.3/hamcrest-core-1.3.jar:/Users/srihari.kalthireddy/.m2/repository/com/yammer/metrics/metrics-core/2.2.0/metrics-core-2.2.0.jar:, java.specification.name=Java Platform API Specification, java.class.version=52.0, sun.management.compiler=HotSpot 64-Bit Tiered Compilers, os.version=15.6, http.nonProxyHosts=local|*.local|169.254/16|*.169.254/16, user.home=/Users/srihari.kalthireddy, user.timezone=Asia/Kolkata, java.awt.printerjob=sun.lwawt.macosx.CPrinterJob, java.specification.version=1.8, file.encoding=UTF-8, hibernate.connection.driver_class=org.h2.Driver, user.name=srihari.kalthireddy, java.class.path=/Users/srihari.kalthireddy/projects/atom-hopper/adapters/hibernate/target/test-classes:/Users/srihari.kalthireddy/projects/atom-hopper/adapters/hibernate/target/classes:/Users/srihari.kalthireddy/projects/atom-hopper/hopper/target/core-1.2.35.jar:/Users/srihari.kalthireddy/.m2/repository/org/apache/abdera/abdera-server/1.1.2/abdera-server-1.1.2.jar:/Users/srihari.kalthireddy/.m2/repository/org/apache/abdera/abdera-parser/1.1.2/abdera-parser-1.1.2.jar:/Users/srihari.kalthireddy/.m2/repository/org/apache/ws/commons/axiom/axiom-impl/1.2.10/axiom-impl-1.2.10.jar:/Users/srihari.kalthireddy/.m2/repository/org/apache/ws/commons/axiom/axiom-api/1.2.10/axiom-api-1.2.10.jar:/Users/srihari.kalthireddy/.m2/repository/org/apache/geronimo/specs/geronimo-activation_1.1_spec/1.0.2/geronimo-activation_1.1_spec-1.0.2.jar:/Users/srihari.kalthireddy/.m2/repository/org/apache/geronimo/specs/geronimo-javamail_1.4_spec/1.6/geronimo-javamail_1.4_spec-1.6.jar:/Users/srihari.kalthireddy/.m2/repository/org/codehaus/woodstox/wstx-asl/3.2.6/wstx-asl-3.2.6.jar:/Users/srihari.kalthireddy/.m2/repository/jaxen/jaxen/1.1.1/jaxen-1.1.1.jar:/Users/srihari.kalthireddy/.m2/repository/xml-apis/xml-apis/1.4.01/xml-apis-1.4.01.jar:/Users/srihari.kalthireddy/.m2/repository/xerces/xercesImpl/2.12.2/xercesImpl-2.12.2.jar:/Users/srihari.kalthireddy/.m2/repository/javax/servlet/servlet-api/2.5/servlet-api-2.5.jar:/Users/srihari.kalthireddy/.m2/repository/javax/mail/mail/1.4/mail-1.4.jar:/Users/srihari.kalthireddy/.m2/repository/javax/activation/activation/1.1/activation-1.1.jar:/Users/srihari.kalthireddy/.m2/repository/org/apache/abdera/abdera-extensions-json/1.1.2/abdera-extensions-json-1.1.2.jar:/Users/srihari.kalthireddy/.m2/repository/org/apache/abdera/abdera-extensions-main/1.1.2/abdera-extensions-main-1.1.2.jar:/Users/srihari.kalthireddy/.m2/repository/org/apache/abdera/abdera-client/1.1.2/abdera-client-1.1.2.jar:/Users/srihari.kalthireddy/.m2/repository/commons-httpclient/commons-httpclient/3.1/commons-httpclient-3.1.jar:/Users/srihari.kalthireddy/.m2/repository/org/apache/abdera/abdera-extensions-html/1.1.2/abdera-extensions-html-1.1.2.jar:/Users/srihari.kalthireddy/.m2/repository/nu/validator/htmlparser/htmlparser/1.0.5/htmlparser-1.0.5.jar:/Users/srihari.kalthireddy/.m2/repository/org/springframework/spring-core/5.2.25.RELEASE/spring-core-5.2.25.RELEASE.jar:/Users/srihari.kalthireddy/.m2/repository/org/springframework/spring-jcl/5.2.25.RELEASE/spring-jcl-5.2.25.RELEASE.jar:/Users/srihari.kalthireddy/.m2/repository/org/springframework/spring-beans/5.2.25.RELEASE/spring-beans-5.2.25.RELEASE.jar:/Users/srihari.kalthireddy/.m2/repository/org/springframework/spring-context/5.2.25.RELEASE/spring-context-5.2.25.RELEASE.jar:/Users/srihari.kalthireddy/.m2/repository/org/springframework/spring-aop/5.2.25.RELEASE/spring-aop-5.2.25.RELEASE.jar:/Users/srihari.kalthireddy/.m2/repository/org/springframework/spring-expression/4.2.5.RELEASE/spring-expression-4.2.5.RELEASE.jar:/Users/srihari.kalthireddy/.m2/repository/org/springframework/spring-web/5.2.25.RELEASE/spring-web-5.2.25.RELEASE.jar:/Users/srihari.kalthireddy/.m2/repository/commons-lang/commons-lang/2.6/commons-lang-2.6.jar:/Users/srihari.kalthireddy/.m2/repository/com/google/code/gson/gson/2.8.9/gson-2.8.9.jar:/Users/srihari.kalthireddy/.m2/repository/ch/qos/logback/logback-classic/1.2.0/logback-classic-1.2.0.jar:/Users/srihari.kalthireddy/.m2/repository/ch/qos/logback/logback-core/1.2.9/logback-core-1.2.9.jar:/Users/srihari.kalthireddy/.m2/repository/me/moocar/logback-gelf/0.9.6/logback-gelf-0.9.6.jar:/Users/srihari.kalthireddy/.m2/repository/com/codahale/metrics/metrics-core/3.0.1/metrics-core-3.0.1.jar:/Users/srihari.kalthireddy/.m2/repository/com/codahale/metrics/metrics-graphite/3.0.1/metrics-graphite-3.0.1.jar:/Users/srihari.kalthireddy/.m2/repository/org/apache/tomcat/tomcat-jdbc/7.0.27/tomcat-jdbc-7.0.27.jar:/Users/srihari.kalthireddy/.m2/repository/org/apache/tomcat/tomcat-juli/7.0.27/tomcat-juli-7.0.27.jar:/Users/srihari.kalthireddy/.m2/repository/com/fasterxml/jackson/core/jackson-annotations/2.12.7/jackson-annotations-2.12.7.jar:/Users/srihari.kalthireddy/.m2/repository/com/fasterxml/jackson/core/jackson-databind/2.12.7.1/jackson-databind-2.12.7.1.jar:/Users/srihari.kalthireddy/.m2/repository/com/fasterxml/jackson/core/jackson-core/2.12.7/jackson-core-2.12.7.jar:/Users/srihari.kalthireddy/.m2/repository/org/hibernate/hibernate-core/4.1.3.Final/hibernate-core-4.1.3.Final.jar:/Users/srihari.kalthireddy/.m2/repository/antlr/antlr/2.7.7/antlr-2.7.7.jar:/Users/srihari.kalthireddy/.m2/repository/org/jboss/logging/jboss-logging/3.1.0.GA/jboss-logging-3.1.0.GA.jar:/Users/srihari.kalthireddy/.m2/repository/org/jboss/spec/javax/transaction/jboss-transaction-api_1.1_spec/1.0.0.Final/jboss-transaction-api_1.1_spec-1.0.0.Final.jar:/Users/srihari.kalthireddy/.m2/repository/dom4j/dom4j/1.6.1/dom4j-1.6.1.jar:/Users/srihari.kalthireddy/.m2/repository/org/hibernate/javax/persistence/hibernate-jpa-2.0-api/1.0.1.Final/hibernate-jpa-2.0-api-1.0.1.Final.jar:/Users/srihari.kalthireddy/.m2/repository/org/hibernate/common/hibernate-commons-annotations/4.0.1.Final/hibernate-commons-annotations-4.0.1.Final.jar:/Users/srihari.kalthireddy/.m2/repository/org/javassist/javassist/3.16.1-GA/javassist-3.16.1-GA.jar:/Users/srihari.kalthireddy/.m2/repository/com/h2database/h2/2.1.210/h2-2.1.210.jar:/Users/srihari.kalthireddy/.m2/repository/org/hibernate/hibernate-c3p0/4.1.3.Final/hibernate-c3p0-4.1.3.Final.jar:/Users/srihari.kalthireddy/.m2/repository/c3p0/c3p0/0.9.1/c3p0-0.9.1.jar:/Users/srihari.kalthireddy/.m2/repository/org/apache/abdera/abdera-core/1.1.2/abdera-core-1.1.2.jar:/Users/srihari.kalthireddy/.m2/repository/org/apache/abdera/abdera-i18n/1.1.2/abdera-i18n-1.1.2.jar:/Users/srihari.kalthireddy/.m2/repository/org/apache/geronimo/specs/geronimo-activation_1.0.2_spec/1.1/geronimo-activation_1.0.2_spec-1.1.jar:/Users/srihari.kalthireddy/.m2/repository/org/apache/geronimo/specs/geronimo-stax-api_1.0_spec/1.0.1/geronimo-stax-api_1.0_spec-1.0.1.jar:/Users/srihari.kalthireddy/.m2/repository/commons-codec/commons-codec/1.4/commons-codec-1.4.jar:/Users/srihari.kalthireddy/.m2/repository/commons-logging/commons-logging/1.0.4/commons-logging-1.0.4.jar:/Users/srihari.kalthireddy/.m2/repository/org/slf4j/slf4j-api/1.7.16/slf4j-api-1.7.16.jar:/Users/srihari.kalthireddy/.m2/repository/org/mockito/mockito-all/1.8.5/mockito-all-1.8.5.jar:/Users/srihari.kalthireddy/.m2/repository/junit/junit/4.13.1/junit-4.13.1.jar:/Users/srihari.kalthireddy/.m2/repository/org/hamcrest/hamcrest-core/1.3/hamcrest-core-1.3.jar:/Users/srihari.kalthireddy/.m2/repository/com/yammer/metrics/metrics-core/2.2.0/metrics-core-2.2.0.jar:, hibernate.bytecode.use_reflection_optimizer=false, java.vm.specification.version=1.8, sun.arch.data.model=64, java.home=/Users/srihari.kalthireddy/.sdkman/candidates/java/8.0.462-amzn/jre, sun.java.command=/Users/srihari.kalthireddy/projects/atom-hopper/adapters/hibernate/target/surefire/surefirebooter7093617471829027574.jar /Users/srihari.kalthireddy/projects/atom-hopper/adapters/hibernate/target/surefire/surefire7473032124132446789tmp /Users/srihari.kalthireddy/projects/atom-hopper/adapters/hibernate/target/surefire/surefire948785358173371727tmp, hibernate.connection.url=jdbc:h2:mem:WhenCreatingFeed, hibernate.dialect=org.hibernate.dialect.H2Dialect, java.specification.vendor=Oracle Corporation, user.language=en, awt.toolkit=sun.lwawt.macosx.LWCToolkit, java.vm.info=mixed mode, java.version=1.8.0_462, java.ext.dirs=/Users/srihari.kalthireddy/Library/Java/Extensions:/Users/srihari.kalthireddy/.sdkman/candidates/java/8.0.462-amzn/jre/lib/ext:/Library/Java/Extensions:/Network/Library/Java/Extensions:/System/Library/Java/Extensions:/usr/lib/java, sun.boot.class.path=/Users/srihari.kalthireddy/.sdkman/candidates/java/8.0.462-amzn/jre/lib/resources.jar:/Users/srihari.kalthireddy/.sdkman/candidates/java/8.0.462-amzn/jre/lib/rt.jar:/Users/srihari.kalthireddy/.sdkman/candidates/java/8.0.462-amzn/jre/lib/sunrsasign.jar:/Users/srihari.kalthireddy/.sdkman/candidates/java/8.0.462-amzn/jre/lib/jsse.jar:/Users/srihari.kalthireddy/.sdkman/candidates/java/8.0.462-amzn/jre/lib/jce.jar:/Users/srihari.kalthireddy/.sdkman/candidates/java/8.0.462-amzn/jre/lib/charsets.jar:/Users/srihari.kalthireddy/.sdkman/candidates/java/8.0.462-amzn/jre/lib/jfr.jar:/Users/srihari.kalthireddy/.sdkman/candidates/java/8.0.462-amzn/jre/classes, java.vendor=Amazon.com Inc., java.specification.maintenance.version=6, localRepository=/Users/srihari.kalthireddy/.m2/repository, file.separator=/, java.vendor.url.bug=https://github.com/corretto/corretto-8/issues/, hibernate.hbm2ddl.auto=update, sun.cpu.endian=little, sun.io.unicode.encoding=UnicodeBig, socksNonProxyHosts=local|*.local|169.254/16|*.169.254/16, ftp.nonProxyHosts=local|*.local|169.254/16|*.169.254/16, sun.cpu.isalist=}
2025-09-02 14:29:58.124 [main] DEBUG o.h.i.f.i.DefaultIdentifierGeneratorFactory - Setting dialect [org.hibernate.dialect.H2Dialect]
2025-09-02 14:29:58.124 [main] DEBUG o.h.i.f.i.DefaultIdentifierGeneratorFactory - Setting dialect [org.hibernate.dialect.H2Dialect]
2025-09-02 14:29:58.124 [main] DEBUG o.h.i.f.i.DefaultIdentifierGeneratorFactory - Setting dialect [org.hibernate.dialect.H2Dialect]
2025-09-02 14:29:58.124 [main] DEBUG o.h.p.entity.AbstractEntityPersister - Static SQL for entity: org.atomhopper.adapter.jpa.PersistedEntry
2025-09-02 14:29:58.124 [main] DEBUG o.h.p.entity.AbstractEntityPersister -  Version select: select EntryID from Entries where EntryID =?
2025-09-02 14:29:58.124 [main] DEBUG o.h.p.entity.AbstractEntityPersister -  Snapshot select: select persistede_.EntryID, persistede_.CreationDate as Creation2_15_, persistede_.DateLastUpdated as DateLast3_15_, persistede_.EntryBody as EntryBody15_, persistede_.Feed as Feed15_ from Entries persistede_ where persistede_.EntryID=?
2025-09-02 14:29:58.124 [main] DEBUG o.h.p.entity.AbstractEntityPersister -  Insert 0: insert into Entries (CreationDate, DateLastUpdated, EntryBody, Feed, EntryID) values (?, ?, ?, ?, ?)
2025-09-02 14:29:58.124 [main] DEBUG o.h.p.entity.AbstractEntityPersister -  Update 0: update Entries set CreationDate=?, DateLastUpdated=?, EntryBody=?, Feed=? where EntryID=?
2025-09-02 14:29:58.124 [main] DEBUG o.h.p.entity.AbstractEntityPersister -  Delete 0: delete from Entries where EntryID=?
2025-09-02 14:29:58.125 [main] DEBUG o.h.p.entity.AbstractEntityPersister - Static SQL for entity: org.atomhopper.adapter.jpa.PersistedCategory
2025-09-02 14:29:58.125 [main] DEBUG o.h.p.entity.AbstractEntityPersister -  Version select: select Term from Categories where Term =?
2025-09-02 14:29:58.125 [main] DEBUG o.h.p.entity.AbstractEntityPersister -  Snapshot select: select persistedc_.Term from Categories persistedc_ where persistedc_.Term=?
2025-09-02 14:29:58.125 [main] DEBUG o.h.p.entity.AbstractEntityPersister -  Insert 0: insert into Categories (Term) values (?)
2025-09-02 14:29:58.125 [main] DEBUG o.h.p.entity.AbstractEntityPersister -  Update 0: null
2025-09-02 14:29:58.125 [main] DEBUG o.h.p.entity.AbstractEntityPersister -  Delete 0: delete from Categories where Term=?
2025-09-02 14:29:58.125 [main] DEBUG o.h.p.entity.AbstractEntityPersister - Static SQL for entity: org.atomhopper.adapter.jpa.PersistedFeed
2025-09-02 14:29:58.125 [main] DEBUG o.h.p.entity.AbstractEntityPersister -  Version select: select Name from Feeds where Name =?
2025-09-02 14:29:58.125 [main] DEBUG o.h.p.entity.AbstractEntityPersister -  Snapshot select: select persistedf_.Name, persistedf_.FeedID as FeedID14_ from Feeds persistedf_ where persistedf_.Name=?
2025-09-02 14:29:58.125 [main] DEBUG o.h.p.entity.AbstractEntityPersister -  Insert 0: insert into Feeds (FeedID, Name) values (?, ?)
2025-09-02 14:29:58.125 [main] DEBUG o.h.p.entity.AbstractEntityPersister -  Update 0: update Feeds set FeedID=? where Name=?
2025-09-02 14:29:58.125 [main] DEBUG o.h.p.entity.AbstractEntityPersister -  Delete 0: delete from Feeds where Name=?
2025-09-02 14:29:58.125 [main] DEBUG o.h.p.c.AbstractCollectionPersister - Static SQL for collection: org.atomhopper.adapter.jpa.PersistedCategory.feedEntries
2025-09-02 14:29:58.125 [main] DEBUG o.h.p.c.AbstractCollectionPersister -  Row insert: insert into CategoryEntryReferences (category, entryId) values (?, ?)
2025-09-02 14:29:58.125 [main] DEBUG o.h.p.c.AbstractCollectionPersister -  Row update: update CategoryEntryReferences set entryId=? where category=? and entryId=?
2025-09-02 14:29:58.125 [main] DEBUG o.h.p.c.AbstractCollectionPersister -  Row delete: delete from CategoryEntryReferences where category=? and entryId=?
2025-09-02 14:29:58.125 [main] DEBUG o.h.p.c.AbstractCollectionPersister -  One-shot delete: delete from CategoryEntryReferences where category=?
2025-09-02 14:29:58.125 [main] DEBUG o.h.p.c.AbstractCollectionPersister - Static SQL for collection: org.atomhopper.adapter.jpa.PersistedEntry.categories
2025-09-02 14:29:58.125 [main] DEBUG o.h.p.c.AbstractCollectionPersister -  Row insert: insert into CategoryEntryReferences (entryId, category) values (?, ?)
2025-09-02 14:29:58.125 [main] DEBUG o.h.p.c.AbstractCollectionPersister -  Row update: update CategoryEntryReferences set category=? where entryId=? and category=?
2025-09-02 14:29:58.125 [main] DEBUG o.h.p.c.AbstractCollectionPersister -  Row delete: delete from CategoryEntryReferences where entryId=? and category=?
2025-09-02 14:29:58.125 [main] DEBUG o.h.p.c.AbstractCollectionPersister -  One-shot delete: delete from CategoryEntryReferences where entryId=?
2025-09-02 14:29:58.125 [main] DEBUG o.h.p.c.AbstractCollectionPersister - Static SQL for collection: org.atomhopper.adapter.jpa.PersistedFeed.entries
2025-09-02 14:29:58.125 [main] DEBUG o.h.p.c.AbstractCollectionPersister -  Row insert: update Entries set Feed=? where EntryID=?
2025-09-02 14:29:58.125 [main] DEBUG o.h.p.c.AbstractCollectionPersister -  Row delete: update Entries set Feed=null where Feed=? and EntryID=?
2025-09-02 14:29:58.125 [main] DEBUG o.h.p.c.AbstractCollectionPersister -  One-shot delete: update Entries set Feed=null where Feed=?
2025-09-02 14:29:58.126 [main] DEBUG org.hibernate.loader.Loader - Static select for entity org.atomhopper.adapter.jpa.PersistedEntry [NONE]: select persistede0_.EntryID as EntryID15_0_, persistede0_.CreationDate as Creation2_15_0_, persistede0_.DateLastUpdated as DateLast3_15_0_, persistede0_.EntryBody as EntryBody15_0_, persistede0_.Feed as Feed15_0_ from Entries persistede0_ where persistede0_.EntryID=?
2025-09-02 14:29:58.126 [main] DEBUG org.hibernate.loader.Loader - Static select for entity org.atomhopper.adapter.jpa.PersistedEntry [READ]: select persistede0_.EntryID as EntryID15_0_, persistede0_.CreationDate as Creation2_15_0_, persistede0_.DateLastUpdated as DateLast3_15_0_, persistede0_.EntryBody as EntryBody15_0_, persistede0_.Feed as Feed15_0_ from Entries persistede0_ where persistede0_.EntryID=?
2025-09-02 14:29:58.126 [main] DEBUG org.hibernate.loader.Loader - Static select for entity org.atomhopper.adapter.jpa.PersistedEntry [UPGRADE]: select persistede0_.EntryID as EntryID15_0_, persistede0_.CreationDate as Creation2_15_0_, persistede0_.DateLastUpdated as DateLast3_15_0_, persistede0_.EntryBody as EntryBody15_0_, persistede0_.Feed as Feed15_0_ from Entries persistede0_ where persistede0_.EntryID=? for update
2025-09-02 14:29:58.126 [main] DEBUG org.hibernate.loader.Loader - Static select for entity org.atomhopper.adapter.jpa.PersistedEntry [UPGRADE_NOWAIT]: select persistede0_.EntryID as EntryID15_0_, persistede0_.CreationDate as Creation2_15_0_, persistede0_.DateLastUpdated as DateLast3_15_0_, persistede0_.EntryBody as EntryBody15_0_, persistede0_.Feed as Feed15_0_ from Entries persistede0_ where persistede0_.EntryID=? for update
2025-09-02 14:29:58.126 [main] DEBUG org.hibernate.loader.Loader - Static select for entity org.atomhopper.adapter.jpa.PersistedEntry [FORCE]: select persistede0_.EntryID as EntryID15_0_, persistede0_.CreationDate as Creation2_15_0_, persistede0_.DateLastUpdated as DateLast3_15_0_, persistede0_.EntryBody as EntryBody15_0_, persistede0_.Feed as Feed15_0_ from Entries persistede0_ where persistede0_.EntryID=? for update
2025-09-02 14:29:58.126 [main] DEBUG org.hibernate.loader.Loader - Static select for entity org.atomhopper.adapter.jpa.PersistedEntry [PESSIMISTIC_READ]: select persistede0_.EntryID as EntryID15_0_, persistede0_.CreationDate as Creation2_15_0_, persistede0_.DateLastUpdated as DateLast3_15_0_, persistede0_.EntryBody as EntryBody15_0_, persistede0_.Feed as Feed15_0_ from Entries persistede0_ where persistede0_.EntryID=? for update
2025-09-02 14:29:58.126 [main] DEBUG org.hibernate.loader.Loader - Static select for entity org.atomhopper.adapter.jpa.PersistedEntry [PESSIMISTIC_WRITE]: select persistede0_.EntryID as EntryID15_0_, persistede0_.CreationDate as Creation2_15_0_, persistede0_.DateLastUpdated as DateLast3_15_0_, persistede0_.EntryBody as EntryBody15_0_, persistede0_.Feed as Feed15_0_ from Entries persistede0_ where persistede0_.EntryID=? for update
2025-09-02 14:29:58.126 [main] DEBUG org.hibernate.loader.Loader - Static select for entity org.atomhopper.adapter.jpa.PersistedEntry [PESSIMISTIC_FORCE_INCREMENT]: select persistede0_.EntryID as EntryID15_0_, persistede0_.CreationDate as Creation2_15_0_, persistede0_.DateLastUpdated as DateLast3_15_0_, persistede0_.EntryBody as EntryBody15_0_, persistede0_.Feed as Feed15_0_ from Entries persistede0_ where persistede0_.EntryID=? for update
2025-09-02 14:29:58.126 [main] DEBUG org.hibernate.loader.Loader - Static select for entity org.atomhopper.adapter.jpa.PersistedEntry [OPTIMISTIC]: select persistede0_.EntryID as EntryID15_0_, persistede0_.CreationDate as Creation2_15_0_, persistede0_.DateLastUpdated as DateLast3_15_0_, persistede0_.EntryBody as EntryBody15_0_, persistede0_.Feed as Feed15_0_ from Entries persistede0_ where persistede0_.EntryID=?
2025-09-02 14:29:58.126 [main] DEBUG org.hibernate.loader.Loader - Static select for entity org.atomhopper.adapter.jpa.PersistedEntry [OPTIMISTIC_FORCE_INCREMENT]: select persistede0_.EntryID as EntryID15_0_, persistede0_.CreationDate as Creation2_15_0_, persistede0_.DateLastUpdated as DateLast3_15_0_, persistede0_.EntryBody as EntryBody15_0_, persistede0_.Feed as Feed15_0_ from Entries persistede0_ where persistede0_.EntryID=?
2025-09-02 14:29:58.126 [main] DEBUG org.hibernate.loader.Loader - Static select for action ACTION_MERGE on entity org.atomhopper.adapter.jpa.PersistedEntry: select persistede0_.EntryID as EntryID15_1_, persistede0_.CreationDate as Creation2_15_1_, persistede0_.DateLastUpdated as DateLast3_15_1_, persistede0_.EntryBody as EntryBody15_1_, persistede0_.Feed as Feed15_1_, categories1_.entryId as entryId15_3_, persistedc2_.Term as category3_, persistedc2_.Term as Term16_0_ from Entries persistede0_ left outer join CategoryEntryReferences categories1_ on persistede0_.EntryID=categories1_.entryId left outer join Categories persistedc2_ on categories1_.category=persistedc2_.Term where persistede0_.EntryID=?
2025-09-02 14:29:58.126 [main] DEBUG org.hibernate.loader.Loader - Static select for action ACTION_REFRESH on entity org.atomhopper.adapter.jpa.PersistedEntry: select persistede0_.EntryID as EntryID15_1_, persistede0_.CreationDate as Creation2_15_1_, persistede0_.DateLastUpdated as DateLast3_15_1_, persistede0_.EntryBody as EntryBody15_1_, persistede0_.Feed as Feed15_1_, categories1_.entryId as entryId15_3_, persistedc2_.Term as category3_, persistedc2_.Term as Term16_0_ from Entries persistede0_ left outer join CategoryEntryReferences categories1_ on persistede0_.EntryID=categories1_.entryId left outer join Categories persistedc2_ on categories1_.category=persistedc2_.Term where persistede0_.EntryID=?
2025-09-02 14:29:58.126 [main] DEBUG org.hibernate.loader.Loader - Static select for entity org.atomhopper.adapter.jpa.PersistedCategory [NONE]: select persistedc0_.Term as Term16_0_ from Categories persistedc0_ where persistedc0_.Term=?
2025-09-02 14:29:58.126 [main] DEBUG org.hibernate.loader.Loader - Static select for entity org.atomhopper.adapter.jpa.PersistedCategory [READ]: select persistedc0_.Term as Term16_0_ from Categories persistedc0_ where persistedc0_.Term=?
2025-09-02 14:29:58.127 [main] DEBUG org.hibernate.loader.Loader - Static select for entity org.atomhopper.adapter.jpa.PersistedCategory [UPGRADE]: select persistedc0_.Term as Term16_0_ from Categories persistedc0_ where persistedc0_.Term=? for update
2025-09-02 14:29:58.127 [main] DEBUG org.hibernate.loader.Loader - Static select for entity org.atomhopper.adapter.jpa.PersistedCategory [UPGRADE_NOWAIT]: select persistedc0_.Term as Term16_0_ from Categories persistedc0_ where persistedc0_.Term=? for update
2025-09-02 14:29:58.127 [main] DEBUG org.hibernate.loader.Loader - Static select for entity org.atomhopper.adapter.jpa.PersistedCategory [FORCE]: select persistedc0_.Term as Term16_0_ from Categories persistedc0_ where persistedc0_.Term=? for update
2025-09-02 14:29:58.127 [main] DEBUG org.hibernate.loader.Loader - Static select for entity org.atomhopper.adapter.jpa.PersistedCategory [PESSIMISTIC_READ]: select persistedc0_.Term as Term16_0_ from Categories persistedc0_ where persistedc0_.Term=? for update
2025-09-02 14:29:58.127 [main] DEBUG org.hibernate.loader.Loader - Static select for entity org.atomhopper.adapter.jpa.PersistedCategory [PESSIMISTIC_WRITE]: select persistedc0_.Term as Term16_0_ from Categories persistedc0_ where persistedc0_.Term=? for update
2025-09-02 14:29:58.127 [main] DEBUG org.hibernate.loader.Loader - Static select for entity org.atomhopper.adapter.jpa.PersistedCategory [PESSIMISTIC_FORCE_INCREMENT]: select persistedc0_.Term as Term16_0_ from Categories persistedc0_ where persistedc0_.Term=? for update
2025-09-02 14:29:58.127 [main] DEBUG org.hibernate.loader.Loader - Static select for entity org.atomhopper.adapter.jpa.PersistedCategory [OPTIMISTIC]: select persistedc0_.Term as Term16_0_ from Categories persistedc0_ where persistedc0_.Term=?
2025-09-02 14:29:58.127 [main] DEBUG org.hibernate.loader.Loader - Static select for entity org.atomhopper.adapter.jpa.PersistedCategory [OPTIMISTIC_FORCE_INCREMENT]: select persistedc0_.Term as Term16_0_ from Categories persistedc0_ where persistedc0_.Term=?
2025-09-02 14:29:58.127 [main] DEBUG org.hibernate.loader.Loader - Static select for action ACTION_MERGE on entity org.atomhopper.adapter.jpa.PersistedCategory: select persistedc0_.Term as Term16_0_ from Categories persistedc0_ where persistedc0_.Term=?
2025-09-02 14:29:58.127 [main] DEBUG org.hibernate.loader.Loader - Static select for action ACTION_REFRESH on entity org.atomhopper.adapter.jpa.PersistedCategory: select persistedc0_.Term as Term16_0_ from Categories persistedc0_ where persistedc0_.Term=?
2025-09-02 14:29:58.127 [main] DEBUG org.hibernate.loader.Loader - Static select for entity org.atomhopper.adapter.jpa.PersistedFeed [NONE]: select persistedf0_.Name as Name14_0_, persistedf0_.FeedID as FeedID14_0_ from Feeds persistedf0_ where persistedf0_.Name=?
2025-09-02 14:29:58.127 [main] DEBUG org.hibernate.loader.Loader - Static select for entity org.atomhopper.adapter.jpa.PersistedFeed [READ]: select persistedf0_.Name as Name14_0_, persistedf0_.FeedID as FeedID14_0_ from Feeds persistedf0_ where persistedf0_.Name=?
2025-09-02 14:29:58.127 [main] DEBUG org.hibernate.loader.Loader - Static select for entity org.atomhopper.adapter.jpa.PersistedFeed [UPGRADE]: select persistedf0_.Name as Name14_0_, persistedf0_.FeedID as FeedID14_0_ from Feeds persistedf0_ where persistedf0_.Name=? for update
2025-09-02 14:29:58.127 [main] DEBUG org.hibernate.loader.Loader - Static select for entity org.atomhopper.adapter.jpa.PersistedFeed [UPGRADE_NOWAIT]: select persistedf0_.Name as Name14_0_, persistedf0_.FeedID as FeedID14_0_ from Feeds persistedf0_ where persistedf0_.Name=? for update
2025-09-02 14:29:58.127 [main] DEBUG org.hibernate.loader.Loader - Static select for entity org.atomhopper.adapter.jpa.PersistedFeed [FORCE]: select persistedf0_.Name as Name14_0_, persistedf0_.FeedID as FeedID14_0_ from Feeds persistedf0_ where persistedf0_.Name=? for update
2025-09-02 14:29:58.127 [main] DEBUG org.hibernate.loader.Loader - Static select for entity org.atomhopper.adapter.jpa.PersistedFeed [PESSIMISTIC_READ]: select persistedf0_.Name as Name14_0_, persistedf0_.FeedID as FeedID14_0_ from Feeds persistedf0_ where persistedf0_.Name=? for update
2025-09-02 14:29:58.127 [main] DEBUG org.hibernate.loader.Loader - Static select for entity org.atomhopper.adapter.jpa.PersistedFeed [PESSIMISTIC_WRITE]: select persistedf0_.Name as Name14_0_, persistedf0_.FeedID as FeedID14_0_ from Feeds persistedf0_ where persistedf0_.Name=? for update
2025-09-02 14:29:58.127 [main] DEBUG org.hibernate.loader.Loader - Static select for entity org.atomhopper.adapter.jpa.PersistedFeed [PESSIMISTIC_FORCE_INCREMENT]: select persistedf0_.Name as Name14_0_, persistedf0_.FeedID as FeedID14_0_ from Feeds persistedf0_ where persistedf0_.Name=? for update
2025-09-02 14:29:58.127 [main] DEBUG org.hibernate.loader.Loader - Static select for entity org.atomhopper.adapter.jpa.PersistedFeed [OPTIMISTIC]: select persistedf0_.Name as Name14_0_, persistedf0_.FeedID as FeedID14_0_ from Feeds persistedf0_ where persistedf0_.Name=?
2025-09-02 14:29:58.127 [main] DEBUG org.hibernate.loader.Loader - Static select for entity org.atomhopper.adapter.jpa.PersistedFeed [OPTIMISTIC_FORCE_INCREMENT]: select persistedf0_.Name as Name14_0_, persistedf0_.FeedID as FeedID14_0_ from Feeds persistedf0_ where persistedf0_.Name=?
2025-09-02 14:29:58.127 [main] DEBUG org.hibernate.loader.Loader - Static select for action ACTION_MERGE on entity org.atomhopper.adapter.jpa.PersistedFeed: select persistedf0_.Name as Name14_0_, persistedf0_.FeedID as FeedID14_0_ from Feeds persistedf0_ where persistedf0_.Name=?
2025-09-02 14:29:58.127 [main] DEBUG org.hibernate.loader.Loader - Static select for action ACTION_REFRESH on entity org.atomhopper.adapter.jpa.PersistedFeed: select persistedf0_.Name as Name14_0_, persistedf0_.FeedID as FeedID14_0_ from Feeds persistedf0_ where persistedf0_.Name=?
2025-09-02 14:29:58.128 [main] DEBUG o.h.l.c.BasicCollectionLoader - Static select for collection org.atomhopper.adapter.jpa.PersistedCategory.feedEntries: select feedentrie0_.category as category16_1_, feedentrie0_.entryId as entryId1_, persistede1_.EntryID as EntryID15_0_, persistede1_.CreationDate as Creation2_15_0_, persistede1_.DateLastUpdated as DateLast3_15_0_, persistede1_.EntryBody as EntryBody15_0_, persistede1_.Feed as Feed15_0_ from CategoryEntryReferences feedentrie0_ inner join Entries persistede1_ on feedentrie0_.entryId=persistede1_.EntryID where feedentrie0_.category=?
2025-09-02 14:29:58.128 [main] DEBUG o.h.l.c.BasicCollectionLoader - Static select for collection org.atomhopper.adapter.jpa.PersistedEntry.categories: select categories0_.entryId as entryId15_1_, categories0_.category as category1_, persistedc1_.Term as Term16_0_ from CategoryEntryReferences categories0_ inner join Categories persistedc1_ on categories0_.category=persistedc1_.Term where categories0_.entryId=?
2025-09-02 14:29:58.128 [main] DEBUG o.h.l.collection.OneToManyLoader - Static select for one-to-many org.atomhopper.adapter.jpa.PersistedFeed.entries: select entries0_.Feed as Feed14_1_, entries0_.EntryID as EntryID1_, entries0_.EntryID as EntryID15_0_, entries0_.CreationDate as Creation2_15_0_, entries0_.DateLastUpdated as DateLast3_15_0_, entries0_.EntryBody as EntryBody15_0_, entries0_.Feed as Feed15_0_ from Entries entries0_ where entries0_.Feed=?
2025-09-02 14:29:58.128 [main] DEBUG o.h.internal.SessionFactoryRegistry - Registering SessionFactory: f483da91-7bda-40ee-b500-bc2b6457f660 (<unnamed>)
2025-09-02 14:29:58.128 [main] DEBUG o.h.internal.SessionFactoryRegistry - Not binding SessionFactory to JNDI, no JNDI name configured
2025-09-02 14:29:58.128 [main] DEBUG o.h.internal.SessionFactoryImpl - Instantiated session factory
2025-09-02 14:29:58.128 [main] INFO  o.h.tool.hbm2ddl.SchemaUpdate - HHH000228: Running hbm2ddl schema update
2025-09-02 14:29:58.128 [main] INFO  o.h.tool.hbm2ddl.SchemaUpdate - HHH000102: Fetching database metadata
2025-09-02 14:29:58.129 [main] INFO  o.h.tool.hbm2ddl.SchemaUpdate - HHH000396: Updating schema
2025-09-02 14:29:58.129 [main] DEBUG org.hibernate.cfg.Configuration - Processing hbm.xml files
2025-09-02 14:29:58.129 [main] DEBUG org.hibernate.cfg.Configuration - Process annotated classes
2025-09-02 14:29:58.129 [main] DEBUG org.hibernate.cfg.Configuration - Processing fk mappings (*ToOne and JoinedSubclass)
2025-09-02 14:29:58.129 [main] DEBUG org.hibernate.cfg.Configuration - Processing extends queue
2025-09-02 14:29:58.129 [main] DEBUG org.hibernate.cfg.Configuration - Processing extends queue
2025-09-02 14:29:58.129 [main] DEBUG org.hibernate.cfg.Configuration - Processing collection mappings
2025-09-02 14:29:58.129 [main] DEBUG org.hibernate.cfg.Configuration - Processing native query and ResultSetMapping mappings
2025-09-02 14:29:58.129 [main] DEBUG org.hibernate.cfg.Configuration - Processing association property references
2025-09-02 14:29:58.129 [main] DEBUG org.hibernate.cfg.Configuration - Processing foreign key constraints
2025-09-02 14:29:58.129 [main] DEBUG org.hibernate.cfg.Configuration - Resolving reference to class: org.atomhopper.adapter.jpa.PersistedCategory
2025-09-02 14:29:58.129 [main] DEBUG org.hibernate.cfg.Configuration - Resolving reference to class: org.atomhopper.adapter.jpa.PersistedEntry
2025-09-02 14:29:58.129 [main] DEBUG org.hibernate.cfg.Configuration - Resolving reference to class: org.atomhopper.adapter.jpa.PersistedFeed
2025-09-02 14:29:58.129 [main] INFO  java.sql.DatabaseMetaData - HHH000262: Table not found: Categories
2025-09-02 14:29:58.129 [main] DEBUG o.h.i.f.i.DefaultIdentifierGeneratorFactory - Setting dialect [org.hibernate.dialect.H2Dialect]
2025-09-02 14:29:58.129 [main] INFO  java.sql.DatabaseMetaData - HHH000262: Table not found: CategoryEntryReferences
2025-09-02 14:29:58.129 [main] INFO  java.sql.DatabaseMetaData - HHH000262: Table not found: Entries
2025-09-02 14:29:58.129 [main] DEBUG o.h.i.f.i.DefaultIdentifierGeneratorFactory - Setting dialect [org.hibernate.dialect.H2Dialect]
2025-09-02 14:29:58.129 [main] INFO  java.sql.DatabaseMetaData - HHH000262: Table not found: Feeds
2025-09-02 14:29:58.129 [main] DEBUG o.h.i.f.i.DefaultIdentifierGeneratorFactory - Setting dialect [org.hibernate.dialect.H2Dialect]
2025-09-02 14:29:58.129 [main] INFO  java.sql.DatabaseMetaData - HHH000262: Table not found: Categories
2025-09-02 14:29:58.129 [main] INFO  java.sql.DatabaseMetaData - HHH000262: Table not found: CategoryEntryReferences
2025-09-02 14:29:58.129 [main] INFO  java.sql.DatabaseMetaData - HHH000262: Table not found: Entries
2025-09-02 14:29:58.129 [main] INFO  java.sql.DatabaseMetaData - HHH000262: Table not found: Feeds
2025-09-02 14:29:58.129 [main] DEBUG o.h.i.f.i.DefaultIdentifierGeneratorFactory - Setting dialect [org.hibernate.dialect.H2Dialect]
2025-09-02 14:29:58.129 [main] DEBUG o.h.i.f.i.DefaultIdentifierGeneratorFactory - Setting dialect [org.hibernate.dialect.H2Dialect]
2025-09-02 14:29:58.129 [main] DEBUG o.h.i.f.i.DefaultIdentifierGeneratorFactory - Setting dialect [org.hibernate.dialect.H2Dialect]
2025-09-02 14:29:58.129 [main] DEBUG o.h.tool.hbm2ddl.SchemaUpdate - create table Categories (Term varchar(255) not null, primary key (Term))
2025-09-02 14:29:58.130 [main] DEBUG o.h.tool.hbm2ddl.SchemaUpdate - create table CategoryEntryReferences (entryId varchar(255) not null, category varchar(255) not null, primary key (entryId, category))
2025-09-02 14:29:58.130 [main] DEBUG o.h.tool.hbm2ddl.SchemaUpdate - create table Entries (EntryID varchar(255) not null, CreationDate timestamp not null, DateLastUpdated timestamp not null, EntryBody clob, Feed varchar(255), primary key (EntryID))
2025-09-02 14:29:58.131 [main] DEBUG o.h.tool.hbm2ddl.SchemaUpdate - create table Feeds (Name varchar(255) not null, FeedID varchar(255), primary key (Name))
2025-09-02 14:29:58.131 [main] DEBUG o.h.tool.hbm2ddl.SchemaUpdate - alter table CategoryEntryReferences add constraint FKEF969F9CA3D8A01E foreign key (category) references Categories
2025-09-02 14:29:58.132 [main] DEBUG o.h.tool.hbm2ddl.SchemaUpdate - alter table CategoryEntryReferences add constraint FKEF969F9CFBC7269D foreign key (entryId) references Entries
2025-09-02 14:29:58.133 [main] DEBUG o.h.tool.hbm2ddl.SchemaUpdate - alter table Entries add constraint FK45B1C704D6F525E foreign key (Feed) references Feeds
2025-09-02 14:29:58.134 [main] INFO  o.h.tool.hbm2ddl.SchemaUpdate - HHH000232: Schema update complete
2025-09-02 14:29:58.134 [main] DEBUG o.h.internal.SessionFactoryImpl - Checking 0 named HQL queries
2025-09-02 14:29:58.134 [main] DEBUG o.h.internal.SessionFactoryImpl - Checking 0 named SQL queries
2025-09-02 14:29:58.134 [main] DEBUG o.h.s.internal.StatisticsInitiator - Statistics initialized [enabled=false]
2025-09-02 14:29:58.134 [main] DEBUG o.a.h.HibernateFeedRepository - ~!$: Simple Action Session begin: 1756803598134
2025-09-02 14:29:58.134 [main] DEBUG org.hibernate.internal.SessionImpl - Opened session at timestamp: 17568035981
2025-09-02 14:29:58.134 [main] DEBUG o.h.e.t.spi.AbstractTransactionImpl - begin
2025-09-02 14:29:58.134 [main] DEBUG o.h.e.j.i.LogicalConnectionImpl - Obtaining JDBC connection
2025-09-02 14:29:58.134 [main] DEBUG o.h.e.j.i.LogicalConnectionImpl - Obtained JDBC connection
2025-09-02 14:29:58.134 [main] DEBUG o.h.e.t.i.jdbc.JdbcTransaction - initial autocommit status: false
2025-09-02 14:29:58.134 [main] DEBUG org.hibernate.SQL - select this_.Name as Name14_0_, this_.FeedID as FeedID14_0_ from Feeds this_ where this_.Name = ?
2025-09-02 14:29:58.135 [main] DEBUG o.h.e.i.StatefulPersistenceContext - Initializing non-lazy collections
2025-09-02 14:29:58.135 [main] DEBUG org.hibernate.SQL - select persistedf_.Name, persistedf_.FeedID as FeedID14_ from Feeds persistedf_ where persistedf_.Name=?
2025-09-02 14:29:58.136 [main] DEBUG o.h.e.i.AbstractSaveEventListener - Generated identifier: feedName, using strategy: org.hibernate.id.Assigned
2025-09-02 14:29:58.136 [main] DEBUG o.h.e.i.AbstractSaveEventListener - Generated identifier: entryId, using strategy: org.hibernate.id.Assigned
2025-09-02 14:29:58.136 [main] DEBUG org.hibernate.SQL - select persistedc_.Term from Categories persistedc_ where persistedc_.Term=?
2025-09-02 14:29:58.136 [main] DEBUG o.h.e.i.AbstractSaveEventListener - Generated identifier: term, using strategy: org.hibernate.id.Assigned
2025-09-02 14:29:58.136 [main] DEBUG o.h.e.t.spi.AbstractTransactionImpl - committing
2025-09-02 14:29:58.136 [main] DEBUG o.h.e.i.AbstractFlushingEventListener - Processing flush-time cascades
2025-09-02 14:29:58.136 [main] DEBUG o.h.e.i.AbstractFlushingEventListener - Dirty checking collections
2025-09-02 14:29:58.136 [main] DEBUG o.h.engine.internal.Collections - Collection found: [org.atomhopper.adapter.jpa.PersistedFeed.entries#feedName], was: [<unreferenced>] (initialized)
2025-09-02 14:29:58.136 [main] DEBUG o.h.engine.internal.Collections - Collection found: [org.atomhopper.adapter.jpa.PersistedEntry.categories#entryId], was: [<unreferenced>] (initialized)
2025-09-02 14:29:58.136 [main] DEBUG o.h.engine.internal.Collections - Collection found: [org.atomhopper.adapter.jpa.PersistedCategory.feedEntries#term], was: [<unreferenced>] (initialized)
2025-09-02 14:29:58.136 [main] DEBUG o.h.e.i.AbstractFlushingEventListener - Flushed: 3 insertions, 0 updates, 0 deletions to 3 objects
2025-09-02 14:29:58.136 [main] DEBUG o.h.e.i.AbstractFlushingEventListener - Flushed: 3 (re)creations, 0 updates, 0 removals to 3 collections
2025-09-02 14:29:58.136 [main] DEBUG o.h.internal.util.EntityPrinter - Listing entities:
2025-09-02 14:29:58.136 [main] DEBUG o.h.internal.util.EntityPrinter - org.atomhopper.adapter.jpa.PersistedEntry{entryBody=null, feed=org.atomhopper.adapter.jpa.PersistedFeed#feedName, dateLastUpdated=Tue Sep 02 14:29:58 IST 2025, categories=[org.atomhopper.adapter.jpa.PersistedCategory#term], creationDate=Tue Sep 02 14:29:58 IST 2025, entryId=entryId}
2025-09-02 14:29:58.136 [main] DEBUG o.h.internal.util.EntityPrinter - org.atomhopper.adapter.jpa.PersistedFeed{entries=[], feedId=feedId, name=feedName}
2025-09-02 14:29:58.136 [main] DEBUG o.h.internal.util.EntityPrinter - org.atomhopper.adapter.jpa.PersistedCategory{term=term, feedEntries=[]}
2025-09-02 14:29:58.136 [main] DEBUG org.hibernate.SQL - insert into Feeds (FeedID, Name) values (?, ?)
2025-09-02 14:29:58.137 [main] DEBUG org.hibernate.SQL - insert into Entries (CreationDate, DateLastUpdated, EntryBody, Feed, EntryID) values (?, ?, ?, ?, ?)
2025-09-02 14:29:58.137 [main] DEBUG org.hibernate.SQL - insert into Categories (Term) values (?)
2025-09-02 14:29:58.137 [main] DEBUG o.h.p.c.AbstractCollectionPersister - Inserting collection: [org.atomhopper.adapter.jpa.PersistedEntry.categories#entryId]
2025-09-02 14:29:58.137 [main] DEBUG org.hibernate.SQL - insert into CategoryEntryReferences (entryId, category) values (?, ?)
2025-09-02 14:29:58.137 [main] DEBUG o.h.p.c.AbstractCollectionPersister - Done inserting collection: 1 rows inserted
2025-09-02 14:29:58.137 [main] DEBUG o.h.e.t.i.jdbc.JdbcTransaction - committed JDBC Connection
2025-09-02 14:29:58.137 [main] DEBUG o.a.h.HibernateFeedRepository - ~!$: Closing session. Elapsed time: 3
2025-09-02 14:29:58.137 [main] DEBUG o.h.e.j.internal.JdbcCoordinatorImpl - HHH000420: Closing un-released batch
2025-09-02 14:29:58.137 [main] DEBUG o.h.e.j.i.LogicalConnectionImpl - Releasing JDBC connection
2025-09-02 14:29:58.137 [main] DEBUG o.h.e.j.i.LogicalConnectionImpl - Released JDBC connection
2025-09-02 14:29:58.137 [main] DEBUG o.h.e.j.i.p.ConnectionProxyHandler - HHH000163: Logical connection releasing its physical connection
2025-09-02 14:29:58.138 [main] DEBUG o.a.h.HibernateFeedRepository - ~!$: Simple Action Session begin: 1756803598138
2025-09-02 14:29:58.138 [main] DEBUG org.hibernate.internal.SessionImpl - Opened session at timestamp: 17568035981
2025-09-02 14:29:58.138 [main] DEBUG o.h.e.t.spi.AbstractTransactionImpl - begin
2025-09-02 14:29:58.138 [main] DEBUG o.h.e.j.i.LogicalConnectionImpl - Obtaining JDBC connection
2025-09-02 14:29:58.138 [main] DEBUG o.h.e.j.i.LogicalConnectionImpl - Obtained JDBC connection
2025-09-02 14:29:58.138 [main] DEBUG o.h.e.t.i.jdbc.JdbcTransaction - initial autocommit status: false
2025-09-02 14:29:58.138 [main] DEBUG org.hibernate.SQL - select this_.Name as Name14_0_, this_.FeedID as FeedID14_0_ from Feeds this_
2025-09-02 14:29:58.138 [main] DEBUG org.hibernate.loader.Loader - Result set row: 0
2025-09-02 14:29:58.138 [main] DEBUG org.hibernate.loader.Loader - Result row: EntityKey[org.atomhopper.adapter.jpa.PersistedFeed#feedName]
2025-09-02 14:29:58.138 [main] DEBUG o.h.engine.internal.TwoPhaseLoad - Resolving associations for [org.atomhopper.adapter.jpa.PersistedFeed#feedName]
2025-09-02 14:29:58.139 [main] DEBUG o.h.engine.internal.TwoPhaseLoad - Done materializing entity [org.atomhopper.adapter.jpa.PersistedFeed#feedName]
2025-09-02 14:29:58.139 [main] DEBUG o.h.e.i.StatefulPersistenceContext - Initializing non-lazy collections
2025-09-02 14:29:58.139 [main] DEBUG org.hibernate.loader.Loader - Loading collection: [org.atomhopper.adapter.jpa.PersistedFeed.entries#feedName]
2025-09-02 14:29:58.139 [main] DEBUG org.hibernate.SQL - select entries0_.Feed as Feed14_1_, entries0_.EntryID as EntryID1_, entries0_.EntryID as EntryID15_0_, entries0_.CreationDate as Creation2_15_0_, entries0_.DateLastUpdated as DateLast3_15_0_, entries0_.EntryBody as EntryBody15_0_, entries0_.Feed as Feed15_0_ from Entries entries0_ where entries0_.Feed=?
2025-09-02 14:29:58.139 [main] DEBUG org.hibernate.loader.Loader - Result set contains (possibly empty) collection: [org.atomhopper.adapter.jpa.PersistedFeed.entries#feedName]
2025-09-02 14:29:58.139 [main] DEBUG org.hibernate.loader.Loader - Result set row: 0
2025-09-02 14:29:58.139 [main] DEBUG org.hibernate.loader.Loader - Result row: EntityKey[org.atomhopper.adapter.jpa.PersistedEntry#entryId]
2025-09-02 14:29:58.139 [main] DEBUG org.hibernate.loader.Loader - Found row of collection: [org.atomhopper.adapter.jpa.PersistedFeed.entries#feedName]
2025-09-02 14:29:58.139 [main] DEBUG o.h.engine.internal.TwoPhaseLoad - Resolving associations for [org.atomhopper.adapter.jpa.PersistedEntry#entryId]
2025-09-02 14:29:58.139 [main] DEBUG o.h.engine.internal.TwoPhaseLoad - Done materializing entity [org.atomhopper.adapter.jpa.PersistedEntry#entryId]
2025-09-02 14:29:58.139 [main] DEBUG o.h.e.l.i.CollectionLoadContext - 1 collections were found in result set for role: org.atomhopper.adapter.jpa.PersistedFeed.entries
2025-09-02 14:29:58.139 [main] DEBUG o.h.e.l.i.CollectionLoadContext - Collection fully initialized: [org.atomhopper.adapter.jpa.PersistedFeed.entries#feedName]
2025-09-02 14:29:58.139 [main] DEBUG o.h.e.l.i.CollectionLoadContext - 1 collections initialized for role: org.atomhopper.adapter.jpa.PersistedFeed.entries
2025-09-02 14:29:58.139 [main] DEBUG o.h.e.i.StatefulPersistenceContext - Initializing non-lazy collections
2025-09-02 14:29:58.139 [main] DEBUG org.hibernate.loader.Loader - Done loading collection
2025-09-02 14:29:58.139 [main] DEBUG o.h.e.t.spi.AbstractTransactionImpl - committing
2025-09-02 14:29:58.139 [main] DEBUG o.h.e.i.AbstractFlushingEventListener - Processing flush-time cascades
2025-09-02 14:29:58.139 [main] DEBUG o.h.e.i.AbstractFlushingEventListener - Dirty checking collections
2025-09-02 14:29:58.139 [main] DEBUG o.h.engine.internal.Collections - Collection found: [org.atomhopper.adapter.jpa.PersistedFeed.entries#feedName], was: [org.atomhopper.adapter.jpa.PersistedFeed.entries#feedName] (initialized)
2025-09-02 14:29:58.140 [main] DEBUG o.h.engine.internal.Collections - Collection found: [org.atomhopper.adapter.jpa.PersistedEntry.categories#entryId], was: [org.atomhopper.adapter.jpa.PersistedEntry.categories#entryId] (uninitialized)
2025-09-02 14:29:58.140 [main] DEBUG o.h.e.i.AbstractFlushingEventListener - Flushed: 0 insertions, 0 updates, 0 deletions to 2 objects
2025-09-02 14:29:58.140 [main] DEBUG o.h.e.i.AbstractFlushingEventListener - Flushed: 0 (re)creations, 0 updates, 0 removals to 2 collections
2025-09-02 14:29:58.140 [main] DEBUG o.h.internal.util.EntityPrinter - Listing entities:
2025-09-02 14:29:58.140 [main] DEBUG o.h.internal.util.EntityPrinter - org.atomhopper.adapter.jpa.PersistedEntry{entryBody=null, feed=org.atomhopper.adapter.jpa.PersistedFeed#feedName, dateLastUpdated=2025-09-02 14:29:58.134, categories=<uninitialized>, creationDate=2025-09-02 14:29:58.134, entryId=entryId}
2025-09-02 14:29:58.140 [main] DEBUG o.h.internal.util.EntityPrinter - org.atomhopper.adapter.jpa.PersistedFeed{entries=[org.atomhopper.adapter.jpa.PersistedEntry#entryId], feedId=feedId, name=feedName}
2025-09-02 14:29:58.140 [main] DEBUG o.h.e.t.i.jdbc.JdbcTransaction - committed JDBC Connection
2025-09-02 14:29:58.140 [main] DEBUG o.a.h.HibernateFeedRepository - ~!$: Closing session. Elapsed time: 2
2025-09-02 14:29:58.140 [main] DEBUG o.h.e.j.i.LogicalConnectionImpl - Releasing JDBC connection
2025-09-02 14:29:58.140 [main] DEBUG o.h.e.j.i.LogicalConnectionImpl - Released JDBC connection
2025-09-02 14:29:58.140 [main] DEBUG o.h.e.j.i.p.ConnectionProxyHandler - HHH000163: Logical connection releasing its physical connection
2025-09-02 14:29:58.140 [main] DEBUG org.hibernate.internal.SessionImpl - Opened session at timestamp: 17568035981
2025-09-02 14:29:58.140 [main] DEBUG o.h.e.j.i.LogicalConnectionImpl - Obtaining JDBC connection
2025-09-02 14:29:58.140 [main] DEBUG o.h.e.j.i.LogicalConnectionImpl - Obtained JDBC connection
2025-09-02 14:29:58.140 [main] DEBUG org.hibernate.SQL - select this_.Name as Name14_0_, this_.FeedID as FeedID14_0_ from Feeds this_
2025-09-02 14:29:58.140 [main] DEBUG org.hibernate.loader.Loader - Result set row: 0
2025-09-02 14:29:58.140 [main] DEBUG org.hibernate.loader.Loader - Result row: EntityKey[org.atomhopper.adapter.jpa.PersistedFeed#feedName]
2025-09-02 14:29:58.140 [main] DEBUG o.h.engine.internal.TwoPhaseLoad - Resolving associations for [org.atomhopper.adapter.jpa.PersistedFeed#feedName]
2025-09-02 14:29:58.140 [main] DEBUG o.h.engine.internal.TwoPhaseLoad - Done materializing entity [org.atomhopper.adapter.jpa.PersistedFeed#feedName]
2025-09-02 14:29:58.140 [main] DEBUG o.h.e.i.StatefulPersistenceContext - Initializing non-lazy collections
2025-09-02 14:29:58.140 [main] DEBUG o.h.e.j.i.LogicalConnectionImpl - Releasing JDBC connection
2025-09-02 14:29:58.140 [main] DEBUG o.h.e.j.i.LogicalConnectionImpl - Released JDBC connection
2025-09-02 14:29:58.140 [main] DEBUG o.h.e.j.i.p.ConnectionProxyHandler - HHH000163: Logical connection releasing its physical connection
2025-09-02 14:29:58.141 [main] DEBUG org.hibernate.internal.SessionImpl - Opened session at timestamp: 17568035981
2025-09-02 14:29:58.141 [main] DEBUG o.h.e.j.i.LogicalConnectionImpl - Obtaining JDBC connection
2025-09-02 14:29:58.141 [main] DEBUG o.h.e.j.i.LogicalConnectionImpl - Obtained JDBC connection
2025-09-02 14:29:58.141 [main] DEBUG org.hibernate.SQL - select this_.EntryID as EntryID15_0_, this_.CreationDate as Creation2_15_0_, this_.DateLastUpdated as DateLast3_15_0_, this_.EntryBody as EntryBody15_0_, this_.Feed as Feed15_0_ from Entries this_ where this_.EntryID = ? and this_.Feed=?
2025-09-02 14:29:58.141 [main] DEBUG org.hibernate.loader.Loader - Result set row: 0
2025-09-02 14:29:58.141 [main] DEBUG org.hibernate.loader.Loader - Result row: EntityKey[org.atomhopper.adapter.jpa.PersistedEntry#entryId]
2025-09-02 14:29:58.141 [main] DEBUG o.h.engine.internal.TwoPhaseLoad - Resolving associations for [org.atomhopper.adapter.jpa.PersistedEntry#entryId]
2025-09-02 14:29:58.142 [main] DEBUG o.h.engine.internal.TwoPhaseLoad - Done materializing entity [org.atomhopper.adapter.jpa.PersistedEntry#entryId]
2025-09-02 14:29:58.142 [main] DEBUG o.h.e.i.StatefulPersistenceContext - Initializing non-lazy collections
2025-09-02 14:29:58.142 [main] DEBUG o.h.e.j.i.LogicalConnectionImpl - Releasing JDBC connection
2025-09-02 14:29:58.142 [main] DEBUG o.h.e.j.i.LogicalConnectionImpl - Released JDBC connection
2025-09-02 14:29:58.142 [main] DEBUG o.h.e.j.i.p.ConnectionProxyHandler - HHH000163: Logical connection releasing its physical connection
2025-09-02 14:29:58.142 [main] DEBUG o.a.h.HibernateFeedRepository - ~!$: Simple Action Session begin: 1756803598142
2025-09-02 14:29:58.142 [main] DEBUG org.hibernate.internal.SessionImpl - Opened session at timestamp: 17568035981
2025-09-02 14:29:58.142 [main] DEBUG o.h.e.t.spi.AbstractTransactionImpl - begin
2025-09-02 14:29:58.142 [main] DEBUG o.h.e.j.i.LogicalConnectionImpl - Obtaining JDBC connection
2025-09-02 14:29:58.142 [main] DEBUG o.h.e.j.i.LogicalConnectionImpl - Obtained JDBC connection
2025-09-02 14:29:58.142 [main] DEBUG o.h.e.t.i.jdbc.JdbcTransaction - initial autocommit status: false
2025-09-02 14:29:58.142 [main] DEBUG org.hibernate.SQL - select this_.EntryID as EntryID15_0_, this_.CreationDate as Creation2_15_0_, this_.DateLastUpdated as DateLast3_15_0_, this_.EntryBody as EntryBody15_0_, this_.Feed as Feed15_0_ from Entries this_ where this_.EntryID = ? and this_.Feed=?
2025-09-02 14:29:58.142 [main] DEBUG org.hibernate.loader.Loader - Result set row: 0
2025-09-02 14:29:58.142 [main] DEBUG org.hibernate.loader.Loader - Result row: EntityKey[org.atomhopper.adapter.jpa.PersistedEntry#entryId]
2025-09-02 14:29:58.143 [main] DEBUG o.h.engine.internal.TwoPhaseLoad - Resolving associations for [org.atomhopper.adapter.jpa.PersistedEntry#entryId]
2025-09-02 14:29:58.143 [main] DEBUG o.h.engine.internal.TwoPhaseLoad - Done materializing entity [org.atomhopper.adapter.jpa.PersistedEntry#entryId]
2025-09-02 14:29:58.143 [main] DEBUG o.h.e.i.StatefulPersistenceContext - Initializing non-lazy collections
2025-09-02 14:29:58.143 [main] DEBUG org.hibernate.loader.Loader - Loading collection: [org.atomhopper.adapter.jpa.PersistedEntry.categories#entryId]
2025-09-02 14:29:58.143 [main] DEBUG org.hibernate.SQL - select categories0_.entryId as entryId15_1_, categories0_.category as category1_, persistedc1_.Term as Term16_0_ from CategoryEntryReferences categories0_ inner join Categories persistedc1_ on categories0_.category=persistedc1_.Term where categories0_.entryId=?
2025-09-02 14:29:58.143 [main] DEBUG org.hibernate.loader.Loader - Result set contains (possibly empty) collection: [org.atomhopper.adapter.jpa.PersistedEntry.categories#entryId]
2025-09-02 14:29:58.143 [main] DEBUG org.hibernate.loader.Loader - Result set row: 0
2025-09-02 14:29:58.143 [main] DEBUG org.hibernate.loader.Loader - Result row: EntityKey[org.atomhopper.adapter.jpa.PersistedCategory#term]
2025-09-02 14:29:58.143 [main] DEBUG org.hibernate.loader.Loader - Found row of collection: [org.atomhopper.adapter.jpa.PersistedEntry.categories#entryId]
2025-09-02 14:29:58.143 [main] DEBUG o.h.engine.internal.TwoPhaseLoad - Resolving associations for [org.atomhopper.adapter.jpa.PersistedCategory#term]
2025-09-02 14:29:58.143 [main] DEBUG o.h.engine.internal.TwoPhaseLoad - Done materializing entity [org.atomhopper.adapter.jpa.PersistedCategory#term]
2025-09-02 14:29:58.143 [main] DEBUG o.h.e.l.i.CollectionLoadContext - 1 collections were found in result set for role: org.atomhopper.adapter.jpa.PersistedEntry.categories
2025-09-02 14:29:58.143 [main] DEBUG o.h.e.l.i.CollectionLoadContext - Collection fully initialized: [org.atomhopper.adapter.jpa.PersistedEntry.categories#entryId]
2025-09-02 14:29:58.143 [main] DEBUG o.h.e.l.i.CollectionLoadContext - 1 collections initialized for role: org.atomhopper.adapter.jpa.PersistedEntry.categories
2025-09-02 14:29:58.143 [main] DEBUG o.h.e.i.StatefulPersistenceContext - Initializing non-lazy collections
2025-09-02 14:29:58.143 [main] DEBUG org.hibernate.loader.Loader - Done loading collection
2025-09-02 14:29:58.143 [main] DEBUG o.h.e.t.spi.AbstractTransactionImpl - committing
2025-09-02 14:29:58.143 [main] DEBUG o.h.e.i.AbstractFlushingEventListener - Processing flush-time cascades
2025-09-02 14:29:58.143 [main] DEBUG o.h.e.i.AbstractFlushingEventListener - Dirty checking collections
2025-09-02 14:29:58.143 [main] DEBUG o.h.engine.internal.Collections - Collection found: [org.atomhopper.adapter.jpa.PersistedEntry.categories#entryId], was: [org.atomhopper.adapter.jpa.PersistedEntry.categories#entryId] (initialized)
2025-09-02 14:29:58.143 [main] DEBUG o.h.engine.internal.Collections - Collection found: [org.atomhopper.adapter.jpa.PersistedCategory.feedEntries#term], was: [org.atomhopper.adapter.jpa.PersistedCategory.feedEntries#term] (uninitialized)
2025-09-02 14:29:58.143 [main] DEBUG o.h.e.i.AbstractFlushingEventListener - Flushed: 0 insertions, 0 updates, 0 deletions to 2 objects
2025-09-02 14:29:58.143 [main] DEBUG o.h.e.i.AbstractFlushingEventListener - Flushed: 0 (re)creations, 0 updates, 0 removals to 2 collections
2025-09-02 14:29:58.143 [main] DEBUG o.h.internal.util.EntityPrinter - Listing entities:
2025-09-02 14:29:58.143 [main] DEBUG o.h.internal.util.EntityPrinter - org.atomhopper.adapter.jpa.PersistedEntry{entryBody=null, feed=org.atomhopper.adapter.jpa.PersistedFeed#null, dateLastUpdated=2025-09-02 14:29:58.134, categories=[org.atomhopper.adapter.jpa.PersistedCategory#term], creationDate=2025-09-02 14:29:58.134, entryId=entryId}
2025-09-02 14:29:58.143 [main] DEBUG o.h.internal.util.EntityPrinter - org.atomhopper.adapter.jpa.PersistedCategory{term=term, feedEntries=<uninitialized>}
2025-09-02 14:29:58.143 [main] DEBUG o.h.e.t.i.jdbc.JdbcTransaction - committed JDBC Connection
2025-09-02 14:29:58.143 [main] DEBUG o.a.h.HibernateFeedRepository - ~!$: Closing session. Elapsed time: 1
2025-09-02 14:29:58.143 [main] DEBUG o.h.e.j.i.LogicalConnectionImpl - Releasing JDBC connection
2025-09-02 14:29:58.144 [main] DEBUG o.h.e.j.i.LogicalConnectionImpl - Released JDBC connection
2025-09-02 14:29:58.144 [main] DEBUG o.h.e.j.i.p.ConnectionProxyHandler - HHH000163: Logical connection releasing its physical connection
2025-09-02 14:29:58.144 [main] DEBUG org.hibernate.type.BasicTypeRegistry - Adding type registration boolean -> org.hibernate.type.BooleanType@2a40cd94
2025-09-02 14:29:58.144 [main] DEBUG org.hibernate.type.BasicTypeRegistry - Adding type registration boolean -> org.hibernate.type.BooleanType@2a40cd94
2025-09-02 14:29:58.144 [main] DEBUG org.hibernate.type.BasicTypeRegistry - Adding type registration java.lang.Boolean -> org.hibernate.type.BooleanType@2a40cd94
2025-09-02 14:29:58.144 [main] DEBUG org.hibernate.type.BasicTypeRegistry - Adding type registration numeric_boolean -> org.hibernate.type.NumericBooleanType@70a9f84e
2025-09-02 14:29:58.144 [main] DEBUG org.hibernate.type.BasicTypeRegistry - Adding type registration true_false -> org.hibernate.type.TrueFalseType@276438c9
2025-09-02 14:29:58.144 [main] DEBUG org.hibernate.type.BasicTypeRegistry - Adding type registration yes_no -> org.hibernate.type.YesNoType@77a57272
2025-09-02 14:29:58.144 [main] DEBUG org.hibernate.type.BasicTypeRegistry - Adding type registration byte -> org.hibernate.type.ByteType@1efee8e7
2025-09-02 14:29:58.144 [main] DEBUG org.hibernate.type.BasicTypeRegistry - Adding type registration byte -> org.hibernate.type.ByteType@1efee8e7
2025-09-02 14:29:58.144 [main] DEBUG org.hibernate.type.BasicTypeRegistry - Adding type registration java.lang.Byte -> org.hibernate.type.ByteType@1efee8e7
2025-09-02 14:29:58.144 [main] DEBUG org.hibernate.type.BasicTypeRegistry - Adding type registration character -> org.hibernate.type.CharacterType@32cf48b7
2025-09-02 14:29:58.144 [main] DEBUG org.hibernate.type.BasicTypeRegistry - Adding type registration char -> org.hibernate.type.CharacterType@32cf48b7
2025-09-02 14:29:58.144 [main] DEBUG org.hibernate.type.BasicTypeRegistry - Adding type registration java.lang.Character -> org.hibernate.type.CharacterType@32cf48b7
2025-09-02 14:29:58.144 [main] DEBUG org.hibernate.type.BasicTypeRegistry - Adding type registration short -> org.hibernate.type.ShortType@290dbf45
2025-09-02 14:29:58.144 [main] DEBUG org.hibernate.type.BasicTypeRegistry - Adding type registration short -> org.hibernate.type.ShortType@290dbf45
2025-09-02 14:29:58.144 [main] DEBUG org.hibernate.type.BasicTypeRegistry - Adding type registration java.lang.Short -> org.hibernate.type.ShortType@290dbf45
2025-09-02 14:29:58.144 [main] DEBUG org.hibernate.type.BasicTypeRegistry - Adding type registration integer -> org.hibernate.type.IntegerType@70beb599
2025-09-02 14:29:58.144 [main] DEBUG org.hibernate.type.BasicTypeRegistry - Adding type registration int -> org.hibernate.type.IntegerType@70beb599
2025-09-02 14:29:58.144 [main] DEBUG org.hibernate.type.BasicTypeRegistry - Adding type registration java.lang.Integer -> org.hibernate.type.IntegerType@70beb599
2025-09-02 14:29:58.144 [main] DEBUG org.hibernate.type.BasicTypeRegistry - Adding type registration long -> org.hibernate.type.LongType@282003e1
2025-09-02 14:29:58.144 [main] DEBUG org.hibernate.type.BasicTypeRegistry - Adding type registration long -> org.hibernate.type.LongType@282003e1
2025-09-02 14:29:58.144 [main] DEBUG org.hibernate.type.BasicTypeRegistry - Adding type registration java.lang.Long -> org.hibernate.type.LongType@282003e1
2025-09-02 14:29:58.144 [main] DEBUG org.hibernate.type.BasicTypeRegistry - Adding type registration float -> org.hibernate.type.FloatType@1dd02175
2025-09-02 14:29:58.144 [main] DEBUG org.hibernate.type.BasicTypeRegistry - Adding type registration float -> org.hibernate.type.FloatType@1dd02175
2025-09-02 14:29:58.144 [main] DEBUG org.hibernate.type.BasicTypeRegistry - Adding type registration java.lang.Float -> org.hibernate.type.FloatType@1dd02175
2025-09-02 14:29:58.144 [main] DEBUG org.hibernate.type.BasicTypeRegistry - Adding type registration double -> org.hibernate.type.DoubleType@4ba2ca36
2025-09-02 14:29:58.144 [main] DEBUG org.hibernate.type.BasicTypeRegistry - Adding type registration double -> org.hibernate.type.DoubleType@4ba2ca36
2025-09-02 14:29:58.144 [main] DEBUG org.hibernate.type.BasicTypeRegistry - Adding type registration java.lang.Double -> org.hibernate.type.DoubleType@4ba2ca36
2025-09-02 14:29:58.144 [main] DEBUG org.hibernate.type.BasicTypeRegistry - Adding type registration big_decimal -> org.hibernate.type.BigDecimalType@1445d7f
2025-09-02 14:29:58.144 [main] DEBUG org.hibernate.type.BasicTypeRegistry - Adding type registration java.math.BigDecimal -> org.hibernate.type.BigDecimalType@1445d7f
2025-09-02 14:29:58.144 [main] DEBUG org.hibernate.type.BasicTypeRegistry - Adding type registration big_integer -> org.hibernate.type.BigIntegerType@10b48321
2025-09-02 14:29:58.144 [main] DEBUG org.hibernate.type.BasicTypeRegistry - Adding type registration java.math.BigInteger -> org.hibernate.type.BigIntegerType@10b48321
2025-09-02 14:29:58.144 [main] DEBUG org.hibernate.type.BasicTypeRegistry - Adding type registration string -> org.hibernate.type.StringType@442675e1
2025-09-02 14:29:58.144 [main] DEBUG org.hibernate.type.BasicTypeRegistry - Adding type registration java.lang.String -> org.hibernate.type.StringType@442675e1
2025-09-02 14:29:58.144 [main] DEBUG org.hibernate.type.BasicTypeRegistry - Adding type registration url -> org.hibernate.type.UrlType@3d3fcdb0
2025-09-02 14:29:58.144 [main] DEBUG org.hibernate.type.BasicTypeRegistry - Adding type registration java.net.URL -> org.hibernate.type.UrlType@3d3fcdb0
2025-09-02 14:29:58.144 [main] DEBUG org.hibernate.type.BasicTypeRegistry - Adding type registration date -> org.hibernate.type.DateType@59717824
2025-09-02 14:29:58.144 [main] DEBUG org.hibernate.type.BasicTypeRegistry - Adding type registration java.sql.Date -> org.hibernate.type.DateType@59717824
2025-09-02 14:29:58.144 [main] DEBUG org.hibernate.type.BasicTypeRegistry - Adding type registration time -> org.hibernate.type.TimeType@646be2c3
2025-09-02 14:29:58.144 [main] DEBUG org.hibernate.type.BasicTypeRegistry - Adding type registration java.sql.Time -> org.hibernate.type.TimeType@646be2c3
2025-09-02 14:29:58.144 [main] DEBUG org.hibernate.type.BasicTypeRegistry - Adding type registration timestamp -> org.hibernate.type.TimestampType@78a2da20
2025-09-02 14:29:58.144 [main] DEBUG org.hibernate.type.BasicTypeRegistry - Adding type registration java.sql.Timestamp -> org.hibernate.type.TimestampType@78a2da20
2025-09-02 14:29:58.144 [main] DEBUG org.hibernate.type.BasicTypeRegistry - Adding type registration java.util.Date -> org.hibernate.type.TimestampType@78a2da20
2025-09-02 14:29:58.144 [main] DEBUG org.hibernate.type.BasicTypeRegistry - Adding type registration dbtimestamp -> org.hibernate.type.DbTimestampType@58fdd99
2025-09-02 14:29:58.144 [main] DEBUG org.hibernate.type.BasicTypeRegistry - Adding type registration calendar -> org.hibernate.type.CalendarType@7364985f
2025-09-02 14:29:58.144 [main] DEBUG org.hibernate.type.BasicTypeRegistry - Adding type registration java.util.Calendar -> org.hibernate.type.CalendarType@7364985f
2025-09-02 14:29:58.144 [main] DEBUG org.hibernate.type.BasicTypeRegistry - Adding type registration java.util.GregorianCalendar -> org.hibernate.type.CalendarType@7364985f
2025-09-02 14:29:58.144 [main] DEBUG org.hibernate.type.BasicTypeRegistry - Adding type registration calendar_date -> org.hibernate.type.CalendarDateType@3d36e4cd
2025-09-02 14:29:58.144 [main] DEBUG org.hibernate.type.BasicTypeRegistry - Adding type registration locale -> org.hibernate.type.LocaleType@b7f23d9
2025-09-02 14:29:58.144 [main] DEBUG org.hibernate.type.BasicTypeRegistry - Adding type registration java.util.Locale -> org.hibernate.type.LocaleType@b7f23d9
2025-09-02 14:29:58.144 [main] DEBUG org.hibernate.type.BasicTypeRegistry - Adding type registration currency -> org.hibernate.type.CurrencyType@f0f2775
2025-09-02 14:29:58.144 [main] DEBUG org.hibernate.type.BasicTypeRegistry - Adding type registration java.util.Currency -> org.hibernate.type.CurrencyType@f0f2775
2025-09-02 14:29:58.144 [main] DEBUG org.hibernate.type.BasicTypeRegistry - Adding type registration timezone -> org.hibernate.type.TimeZoneType@4d49af10
2025-09-02 14:29:58.144 [main] DEBUG org.hibernate.type.BasicTypeRegistry - Adding type registration java.util.TimeZone -> org.hibernate.type.TimeZoneType@4d49af10
2025-09-02 14:29:58.144 [main] DEBUG org.hibernate.type.BasicTypeRegistry - Adding type registration class -> org.hibernate.type.ClassType@351d0846
2025-09-02 14:29:58.144 [main] DEBUG org.hibernate.type.BasicTypeRegistry - Adding type registration java.lang.Class -> org.hibernate.type.ClassType@351d0846
2025-09-02 14:29:58.144 [main] DEBUG org.hibernate.type.BasicTypeRegistry - Adding type registration uuid-binary -> org.hibernate.type.UUIDBinaryType@64d2d351
2025-09-02 14:29:58.144 [main] DEBUG org.hibernate.type.BasicTypeRegistry - Adding type registration java.util.UUID -> org.hibernate.type.UUIDBinaryType@64d2d351
2025-09-02 14:29:58.144 [main] DEBUG org.hibernate.type.BasicTypeRegistry - Adding type registration uuid-char -> org.hibernate.type.UUIDCharType@3b2c72c2
2025-09-02 14:29:58.144 [main] DEBUG org.hibernate.type.BasicTypeRegistry - Adding type registration pg-uuid -> org.hibernate.type.PostgresUUIDType@2b4a2ec7
2025-09-02 14:29:58.144 [main] DEBUG org.hibernate.type.BasicTypeRegistry - Adding type registration binary -> org.hibernate.type.BinaryType@c8e4bb0
2025-09-02 14:29:58.144 [main] DEBUG org.hibernate.type.BasicTypeRegistry - Adding type registration byte[] -> org.hibernate.type.BinaryType@c8e4bb0
2025-09-02 14:29:58.144 [main] DEBUG org.hibernate.type.BasicTypeRegistry - Adding type registration [B -> org.hibernate.type.BinaryType@c8e4bb0
2025-09-02 14:29:58.144 [main] DEBUG org.hibernate.type.BasicTypeRegistry - Adding type registration wrapper-binary -> org.hibernate.type.WrapperBinaryType@7bb58ca3
2025-09-02 14:29:58.144 [main] DEBUG org.hibernate.type.BasicTypeRegistry - Adding type registration Byte[] -> org.hibernate.type.WrapperBinaryType@7bb58ca3
2025-09-02 14:29:58.144 [main] DEBUG org.hibernate.type.BasicTypeRegistry - Adding type registration [Ljava.lang.Byte; -> org.hibernate.type.WrapperBinaryType@7bb58ca3
2025-09-02 14:29:58.144 [main] DEBUG org.hibernate.type.BasicTypeRegistry - Adding type registration image -> org.hibernate.type.ImageType@61009542
2025-09-02 14:29:58.144 [main] DEBUG org.hibernate.type.BasicTypeRegistry - Adding type registration characters -> org.hibernate.type.CharArrayType@44a664f2
2025-09-02 14:29:58.144 [main] DEBUG org.hibernate.type.BasicTypeRegistry - Adding type registration char[] -> org.hibernate.type.CharArrayType@44a664f2
2025-09-02 14:29:58.144 [main] DEBUG org.hibernate.type.BasicTypeRegistry - Adding type registration [C -> org.hibernate.type.CharArrayType@44a664f2
2025-09-02 14:29:58.144 [main] DEBUG org.hibernate.type.BasicTypeRegistry - Adding type registration wrapper-characters -> org.hibernate.type.CharacterArrayType@15bb6bea
2025-09-02 14:29:58.144 [main] DEBUG org.hibernate.type.BasicTypeRegistry - Adding type registration [Ljava.lang.Character; -> org.hibernate.type.CharacterArrayType@15bb6bea
2025-09-02 14:29:58.144 [main] DEBUG org.hibernate.type.BasicTypeRegistry - Adding type registration Character[] -> org.hibernate.type.CharacterArrayType@15bb6bea
2025-09-02 14:29:58.144 [main] DEBUG org.hibernate.type.BasicTypeRegistry - Adding type registration text -> org.hibernate.type.TextType@41ee392b
2025-09-02 14:29:58.144 [main] DEBUG org.hibernate.type.BasicTypeRegistry - Adding type registration blob -> org.hibernate.type.BlobType@52e677af
2025-09-02 14:29:58.144 [main] DEBUG org.hibernate.type.BasicTypeRegistry - Adding type registration java.sql.Blob -> org.hibernate.type.BlobType@52e677af
2025-09-02 14:29:58.144 [main] DEBUG org.hibernate.type.BasicTypeRegistry - Adding type registration materialized_blob -> org.hibernate.type.MaterializedBlobType@341b80b2
2025-09-02 14:29:58.144 [main] DEBUG org.hibernate.type.BasicTypeRegistry - Adding type registration clob -> org.hibernate.type.ClobType@2c34f934
2025-09-02 14:29:58.144 [main] DEBUG org.hibernate.type.BasicTypeRegistry - Adding type registration java.sql.Clob -> org.hibernate.type.ClobType@2c34f934
2025-09-02 14:29:58.144 [main] DEBUG org.hibernate.type.BasicTypeRegistry - Adding type registration materialized_clob -> org.hibernate.type.MaterializedClobType@25a65b77
2025-09-02 14:29:58.144 [main] DEBUG org.hibernate.type.BasicTypeRegistry - Adding type registration serializable -> org.hibernate.type.SerializableType@2aece37d
2025-09-02 14:29:58.144 [main] DEBUG org.hibernate.type.BasicTypeRegistry - Adding type registration object -> org.hibernate.type.ObjectType@2d9d4f9d
2025-09-02 14:29:58.144 [main] DEBUG org.hibernate.type.BasicTypeRegistry - Adding type registration java.lang.Object -> org.hibernate.type.ObjectType@2d9d4f9d
2025-09-02 14:29:58.144 [main] DEBUG org.hibernate.type.BasicTypeRegistry - Adding type registration imm_date -> org.hibernate.type.AdaptedImmutableType@4baf352a
2025-09-02 14:29:58.144 [main] DEBUG org.hibernate.type.BasicTypeRegistry - Adding type registration imm_time -> org.hibernate.type.AdaptedImmutableType@1bb1fde8
2025-09-02 14:29:58.144 [main] DEBUG org.hibernate.type.BasicTypeRegistry - Adding type registration imm_timestamp -> org.hibernate.type.AdaptedImmutableType@15eebbff
2025-09-02 14:29:58.144 [main] DEBUG org.hibernate.type.BasicTypeRegistry - Adding type registration imm_dbtimestamp -> org.hibernate.type.AdaptedImmutableType@22d6f11
2025-09-02 14:29:58.144 [main] DEBUG org.hibernate.type.BasicTypeRegistry - Adding type registration imm_calendar -> org.hibernate.type.AdaptedImmutableType@30990c1b
2025-09-02 14:29:58.144 [main] DEBUG org.hibernate.type.BasicTypeRegistry - Adding type registration imm_calendar_date -> org.hibernate.type.AdaptedImmutableType@2453f95d
2025-09-02 14:29:58.144 [main] DEBUG org.hibernate.type.BasicTypeRegistry - Adding type registration imm_binary -> org.hibernate.type.AdaptedImmutableType@44828f6b
2025-09-02 14:29:58.144 [main] DEBUG org.hibernate.type.BasicTypeRegistry - Adding type registration imm_serializable -> org.hibernate.type.AdaptedImmutableType@2dbe250d
2025-09-02 14:29:58.144 [main] DEBUG o.h.i.f.i.DefaultIdentifierGeneratorFactory - Registering IdentifierGenerator strategy [uuid2] -> [org.hibernate.id.UUIDGenerator]
2025-09-02 14:29:58.144 [main] DEBUG o.h.i.f.i.DefaultIdentifierGeneratorFactory - Registering IdentifierGenerator strategy [guid] -> [org.hibernate.id.GUIDGenerator]
2025-09-02 14:29:58.144 [main] DEBUG o.h.i.f.i.DefaultIdentifierGeneratorFactory - Registering IdentifierGenerator strategy [uuid] -> [org.hibernate.id.UUIDHexGenerator]
2025-09-02 14:29:58.144 [main] DEBUG o.h.i.f.i.DefaultIdentifierGeneratorFactory - Registering IdentifierGenerator strategy [uuid.hex] -> [org.hibernate.id.UUIDHexGenerator]
2025-09-02 14:29:58.144 [main] DEBUG o.h.i.f.i.DefaultIdentifierGeneratorFactory - Registering IdentifierGenerator strategy [hilo] -> [org.hibernate.id.TableHiLoGenerator]
2025-09-02 14:29:58.144 [main] DEBUG o.h.i.f.i.DefaultIdentifierGeneratorFactory - Registering IdentifierGenerator strategy [assigned] -> [org.hibernate.id.Assigned]
2025-09-02 14:29:58.144 [main] DEBUG o.h.i.f.i.DefaultIdentifierGeneratorFactory - Registering IdentifierGenerator strategy [identity] -> [org.hibernate.id.IdentityGenerator]
2025-09-02 14:29:58.144 [main] DEBUG o.h.i.f.i.DefaultIdentifierGeneratorFactory - Registering IdentifierGenerator strategy [select] -> [org.hibernate.id.SelectGenerator]
2025-09-02 14:29:58.144 [main] DEBUG o.h.i.f.i.DefaultIdentifierGeneratorFactory - Registering IdentifierGenerator strategy [sequence] -> [org.hibernate.id.SequenceGenerator]
2025-09-02 14:29:58.144 [main] DEBUG o.h.i.f.i.DefaultIdentifierGeneratorFactory - Registering IdentifierGenerator strategy [seqhilo] -> [org.hibernate.id.SequenceHiLoGenerator]
2025-09-02 14:29:58.144 [main] DEBUG o.h.i.f.i.DefaultIdentifierGeneratorFactory - Registering IdentifierGenerator strategy [increment] -> [org.hibernate.id.IncrementGenerator]
2025-09-02 14:29:58.145 [main] DEBUG o.h.i.f.i.DefaultIdentifierGeneratorFactory - Registering IdentifierGenerator strategy [foreign] -> [org.hibernate.id.ForeignGenerator]
2025-09-02 14:29:58.145 [main] DEBUG o.h.i.f.i.DefaultIdentifierGeneratorFactory - Registering IdentifierGenerator strategy [sequence-identity] -> [org.hibernate.id.SequenceIdentityGenerator]
2025-09-02 14:29:58.145 [main] DEBUG o.h.i.f.i.DefaultIdentifierGeneratorFactory - Registering IdentifierGenerator strategy [enhanced-sequence] -> [org.hibernate.id.enhanced.SequenceStyleGenerator]
2025-09-02 14:29:58.145 [main] DEBUG o.h.i.f.i.DefaultIdentifierGeneratorFactory - Registering IdentifierGenerator strategy [enhanced-table] -> [org.hibernate.id.enhanced.TableGenerator]
2025-09-02 14:29:58.145 [main] DEBUG o.h.i.internal.IntegratorServiceImpl - Adding Integrator [org.hibernate.cfg.beanvalidation.BeanValidationIntegrator].
2025-09-02 14:29:58.145 [main] DEBUG org.hibernate.cfg.Configuration - Preparing to build session factory with filters : {}
2025-09-02 14:29:58.145 [main] DEBUG org.hibernate.cfg.Configuration - Processing hbm.xml files
2025-09-02 14:29:58.145 [main] DEBUG org.hibernate.cfg.Configuration - Process annotated classes
2025-09-02 14:29:58.145 [main] DEBUG org.hibernate.cfg.AnnotationBinder - Binding entity from annotated class: org.atomhopper.adapter.jpa.PersistedFeed
2025-09-02 14:29:58.145 [main] DEBUG org.hibernate.cfg.Ejb3Column - Binding column: Ejb3DiscriminatorColumn{logicalColumnName'DTYPE', discriminatorTypeName='string'}
2025-09-02 14:29:58.145 [main] DEBUG org.hibernate.cfg.AnnotationBinder - No value specified for 'javax.persistence.sharedCache.mode'; using UNSPECIFIED
2025-09-02 14:29:58.145 [main] DEBUG o.h.cfg.annotations.EntityBinder - Import with entity name PersistedFeed
2025-09-02 14:29:58.145 [main] DEBUG o.h.cfg.annotations.EntityBinder - Bind entity org.atomhopper.adapter.jpa.PersistedFeed on table Feeds
2025-09-02 14:29:58.145 [main] DEBUG org.hibernate.cfg.Ejb3Column - Binding column: Ejb3Column{table=org.hibernate.mapping.Table(Feeds), mappingColumn=Name, insertable=true, updatable=true, unique=false}
2025-09-02 14:29:58.146 [main] DEBUG o.h.cfg.annotations.PropertyBinder - MetadataSourceProcessor property name with lazy=false
2025-09-02 14:29:58.146 [main] DEBUG o.h.c.annotations.SimpleValueBinder - building SimpleValue for name
2025-09-02 14:29:58.146 [main] DEBUG o.h.cfg.annotations.PropertyBinder - Building property name
2025-09-02 14:29:58.146 [main] DEBUG org.hibernate.cfg.Ejb3Column - Binding column: Ejb3JoinColumn{logicalColumnName='null', referencedColumn='null', mappedBy='feed'}
2025-09-02 14:29:58.146 [main] DEBUG org.hibernate.cfg.Ejb3Column - Binding column: Ejb3Column{table=org.hibernate.mapping.Table(Feeds), mappingColumn=entries, insertable=true, updatable=true, unique=false}
2025-09-02 14:29:58.146 [main] DEBUG org.hibernate.cfg.Ejb3Column - Binding column: Ejb3Column{table=org.hibernate.mapping.Table(Feeds), mappingColumn=null, insertable=true, updatable=true, unique=false}
2025-09-02 14:29:58.146 [main] DEBUG org.hibernate.cfg.Ejb3Column - Binding column: Ejb3Column{table=org.hibernate.mapping.Table(Feeds), mappingColumn=element, insertable=true, updatable=true, unique=false}
2025-09-02 14:29:58.146 [main] DEBUG org.hibernate.cfg.Ejb3Column - Binding column: Ejb3Column{table=org.hibernate.mapping.Table(Feeds), mappingColumn=entries_KEY, insertable=true, updatable=true, unique=false}
2025-09-02 14:29:58.146 [main] DEBUG org.hibernate.cfg.Ejb3Column - Binding column: Ejb3JoinColumn{logicalColumnName='entries_KEY', referencedColumn='null', mappedBy='null'}
2025-09-02 14:29:58.146 [main] DEBUG org.hibernate.cfg.Ejb3Column - Binding column: Ejb3JoinColumn{logicalColumnName='null', referencedColumn='null', mappedBy='feed'}
2025-09-02 14:29:58.146 [main] DEBUG org.hibernate.cfg.Ejb3Column - Binding column: Ejb3JoinColumn{logicalColumnName='null', referencedColumn='null', mappedBy='feed'}
2025-09-02 14:29:58.146 [main] DEBUG o.h.cfg.annotations.CollectionBinder - Collection role: org.atomhopper.adapter.jpa.PersistedFeed.entries
2025-09-02 14:29:58.146 [main] DEBUG o.h.cfg.annotations.PropertyBinder - Building property entries
2025-09-02 14:29:58.146 [main] DEBUG org.hibernate.cfg.Ejb3Column - Binding column: Ejb3Column{table=org.hibernate.mapping.Table(Feeds), mappingColumn=FeedID, insertable=true, updatable=true, unique=false}
2025-09-02 14:29:58.146 [main] DEBUG o.h.cfg.annotations.PropertyBinder - MetadataSourceProcessor property feedId with lazy=false
2025-09-02 14:29:58.146 [main] DEBUG o.h.c.annotations.SimpleValueBinder - building SimpleValue for feedId
2025-09-02 14:29:58.146 [main] DEBUG o.h.cfg.annotations.PropertyBinder - Building property feedId
2025-09-02 14:29:58.146 [main] DEBUG org.hibernate.cfg.AnnotationBinder - Binding entity from annotated class: org.atomhopper.adapter.jpa.PersistedEntry
2025-09-02 14:29:58.146 [main] DEBUG org.hibernate.cfg.Ejb3Column - Binding column: Ejb3DiscriminatorColumn{logicalColumnName'DTYPE', discriminatorTypeName='string'}
2025-09-02 14:29:58.146 [main] DEBUG org.hibernate.cfg.AnnotationBinder - No value specified for 'javax.persistence.sharedCache.mode'; using UNSPECIFIED
2025-09-02 14:29:58.146 [main] DEBUG o.h.cfg.annotations.EntityBinder - Import with entity name PersistedEntry
2025-09-02 14:29:58.146 [main] DEBUG o.h.cfg.annotations.EntityBinder - Bind entity org.atomhopper.adapter.jpa.PersistedEntry on table Entries
2025-09-02 14:29:58.147 [main] DEBUG org.hibernate.cfg.Ejb3Column - Binding column: Ejb3Column{table=org.hibernate.mapping.Table(Entries), mappingColumn=EntryID, insertable=true, updatable=true, unique=false}
2025-09-02 14:29:58.147 [main] DEBUG o.h.cfg.annotations.PropertyBinder - MetadataSourceProcessor property entryId with lazy=false
2025-09-02 14:29:58.147 [main] DEBUG o.h.c.annotations.SimpleValueBinder - building SimpleValue for entryId
2025-09-02 14:29:58.147 [main] DEBUG o.h.cfg.annotations.PropertyBinder - Building property entryId
2025-09-02 14:29:58.147 [main] DEBUG org.hibernate.cfg.Ejb3Column - Binding column: Ejb3Column{table=org.hibernate.mapping.Table(Entries), mappingColumn=null, insertable=true, updatable=true, unique=false}
2025-09-02 14:29:58.147 [main] DEBUG org.hibernate.cfg.Ejb3Column - Binding column: Ejb3Column{table=org.hibernate.mapping.Table(Entries), mappingColumn=element, insertable=true, updatable=true, unique=false}
2025-09-02 14:29:58.147 [main] DEBUG org.hibernate.cfg.Ejb3Column - Binding column: Ejb3Column{table=org.hibernate.mapping.Table(Entries), mappingColumn=categories_KEY, insertable=true, updatable=true, unique=false}
2025-09-02 14:29:58.147 [main] DEBUG org.hibernate.cfg.Ejb3Column - Binding column: Ejb3JoinColumn{logicalColumnName='categories_KEY', referencedColumn='null', mappedBy='null'}
2025-09-02 14:29:58.147 [main] DEBUG org.hibernate.cfg.Ejb3Column - Binding column: Ejb3JoinColumn{logicalColumnName='entryId', referencedColumn='EntryID', mappedBy=''}
2025-09-02 14:29:58.147 [main] DEBUG org.hibernate.cfg.Ejb3Column - Binding column: Ejb3JoinColumn{logicalColumnName='category', referencedColumn='Term', mappedBy=''}
2025-09-02 14:29:58.147 [main] DEBUG o.h.cfg.annotations.CollectionBinder - Collection role: org.atomhopper.adapter.jpa.PersistedEntry.categories
2025-09-02 14:29:58.147 [main] DEBUG o.h.cfg.annotations.PropertyBinder - Building property categories
2025-09-02 14:29:58.147 [main] DEBUG org.hibernate.cfg.Ejb3Column - Binding column: Ejb3Column{table=org.hibernate.mapping.Table(Entries), mappingColumn=CreationDate, insertable=true, updatable=true, unique=false}
2025-09-02 14:29:58.147 [main] DEBUG o.h.cfg.annotations.PropertyBinder - MetadataSourceProcessor property creationDate with lazy=false
2025-09-02 14:29:58.147 [main] DEBUG o.h.c.annotations.SimpleValueBinder - building SimpleValue for creationDate
2025-09-02 14:29:58.147 [main] DEBUG o.h.cfg.annotations.PropertyBinder - Building property creationDate
2025-09-02 14:29:58.147 [main] DEBUG org.hibernate.cfg.Ejb3Column - Binding column: Ejb3Column{table=org.hibernate.mapping.Table(Entries), mappingColumn=DateLastUpdated, insertable=true, updatable=true, unique=false}
2025-09-02 14:29:58.147 [main] DEBUG o.h.cfg.annotations.PropertyBinder - MetadataSourceProcessor property dateLastUpdated with lazy=false
2025-09-02 14:29:58.147 [main] DEBUG o.h.c.annotations.SimpleValueBinder - building SimpleValue for dateLastUpdated
2025-09-02 14:29:58.147 [main] DEBUG o.h.cfg.annotations.PropertyBinder - Building property dateLastUpdated
2025-09-02 14:29:58.147 [main] DEBUG org.hibernate.cfg.Ejb3Column - Binding column: Ejb3Column{table=org.hibernate.mapping.Table(Entries), mappingColumn=EntryBody, insertable=true, updatable=true, unique=false}
2025-09-02 14:29:58.147 [main] DEBUG o.h.cfg.annotations.PropertyBinder - MetadataSourceProcessor property entryBody with lazy=false
2025-09-02 14:29:58.147 [main] DEBUG o.h.c.annotations.SimpleValueBinder - building SimpleValue for entryBody
2025-09-02 14:29:58.147 [main] DEBUG o.h.cfg.annotations.PropertyBinder - Building property entryBody
2025-09-02 14:29:58.147 [main] DEBUG org.hibernate.cfg.Ejb3Column - Binding column: Ejb3JoinColumn{logicalColumnName='Feed', referencedColumn='', mappedBy=''}
2025-09-02 14:29:58.147 [main] DEBUG org.hibernate.cfg.Ejb3Column - Binding column: Ejb3Column{table=org.hibernate.mapping.Table(Entries), mappingColumn=feed, insertable=true, updatable=true, unique=false}
2025-09-02 14:29:58.147 [main] DEBUG o.h.cfg.annotations.PropertyBinder - Building property feed
2025-09-02 14:29:58.147 [main] DEBUG org.hibernate.cfg.AnnotationBinder - Binding entity from annotated class: org.atomhopper.adapter.jpa.PersistedCategory
2025-09-02 14:29:58.147 [main] DEBUG org.hibernate.cfg.Ejb3Column - Binding column: Ejb3DiscriminatorColumn{logicalColumnName'DTYPE', discriminatorTypeName='string'}
2025-09-02 14:29:58.147 [main] DEBUG org.hibernate.cfg.AnnotationBinder - No value specified for 'javax.persistence.sharedCache.mode'; using UNSPECIFIED
2025-09-02 14:29:58.147 [main] DEBUG o.h.cfg.annotations.EntityBinder - Import with entity name PersistedCategory
2025-09-02 14:29:58.147 [main] DEBUG o.h.cfg.annotations.EntityBinder - Bind entity org.atomhopper.adapter.jpa.PersistedCategory on table Categories
2025-09-02 14:29:58.148 [main] DEBUG org.hibernate.cfg.Ejb3Column - Binding column: Ejb3Column{table=org.hibernate.mapping.Table(Categories), mappingColumn=Term, insertable=true, updatable=true, unique=false}
2025-09-02 14:29:58.148 [main] DEBUG o.h.cfg.annotations.PropertyBinder - MetadataSourceProcessor property term with lazy=false
2025-09-02 14:29:58.148 [main] DEBUG o.h.c.annotations.SimpleValueBinder - building SimpleValue for term
2025-09-02 14:29:58.148 [main] DEBUG o.h.cfg.annotations.PropertyBinder - Building property term
2025-09-02 14:29:58.148 [main] DEBUG org.hibernate.cfg.Ejb3Column - Binding column: Ejb3Column{table=org.hibernate.mapping.Table(Categories), mappingColumn=null, insertable=true, updatable=true, unique=false}
2025-09-02 14:29:58.148 [main] DEBUG org.hibernate.cfg.Ejb3Column - Binding column: Ejb3Column{table=org.hibernate.mapping.Table(Categories), mappingColumn=element, insertable=true, updatable=true, unique=false}
2025-09-02 14:29:58.148 [main] DEBUG org.hibernate.cfg.Ejb3Column - Binding column: Ejb3Column{table=org.hibernate.mapping.Table(Categories), mappingColumn=feedEntries_KEY, insertable=true, updatable=true, unique=false}
2025-09-02 14:29:58.148 [main] DEBUG org.hibernate.cfg.Ejb3Column - Binding column: Ejb3JoinColumn{logicalColumnName='feedEntries_KEY', referencedColumn='null', mappedBy='null'}
2025-09-02 14:29:58.148 [main] DEBUG org.hibernate.cfg.Ejb3Column - Binding column: Ejb3JoinColumn{logicalColumnName='null', referencedColumn='null', mappedBy='categories'}
2025-09-02 14:29:58.148 [main] DEBUG org.hibernate.cfg.Ejb3Column - Binding column: Ejb3JoinColumn{logicalColumnName='null', referencedColumn='null', mappedBy='categories'}
2025-09-02 14:29:58.148 [main] DEBUG o.h.cfg.annotations.CollectionBinder - Collection role: org.atomhopper.adapter.jpa.PersistedCategory.feedEntries
2025-09-02 14:29:58.148 [main] DEBUG o.h.cfg.annotations.PropertyBinder - Building property feedEntries
2025-09-02 14:29:58.148 [main] DEBUG o.h.c.annotations.SimpleValueBinder - Setting SimpleValue typeName for name
2025-09-02 14:29:58.148 [main] DEBUG o.h.c.annotations.SimpleValueBinder - Setting SimpleValue typeName for feedId
2025-09-02 14:29:58.148 [main] DEBUG o.h.c.annotations.SimpleValueBinder - Setting SimpleValue typeName for entryId
2025-09-02 14:29:58.148 [main] DEBUG o.h.c.annotations.SimpleValueBinder - Setting SimpleValue typeName for creationDate
2025-09-02 14:29:58.148 [main] DEBUG o.h.c.annotations.SimpleValueBinder - Setting SimpleValue typeName for dateLastUpdated
2025-09-02 14:29:58.148 [main] DEBUG o.h.c.annotations.SimpleValueBinder - Setting SimpleValue typeName for entryBody
2025-09-02 14:29:58.148 [main] DEBUG o.h.c.annotations.SimpleValueBinder - Setting SimpleValue typeName for term
2025-09-02 14:29:58.148 [main] DEBUG org.hibernate.cfg.Configuration - Processing fk mappings (*ToOne and JoinedSubclass)
2025-09-02 14:29:58.148 [main] DEBUG org.hibernate.cfg.Configuration - Processing extends queue
2025-09-02 14:29:58.148 [main] DEBUG org.hibernate.cfg.Configuration - Processing extends queue
2025-09-02 14:29:58.148 [main] DEBUG org.hibernate.cfg.Configuration - Processing collection mappings
2025-09-02 14:29:58.148 [main] DEBUG o.hibernate.cfg.CollectionSecondPass - Second pass for collection: org.atomhopper.adapter.jpa.PersistedEntry.categories
2025-09-02 14:29:58.148 [main] DEBUG o.h.cfg.annotations.CollectionBinder - Binding as ManyToMany: org.atomhopper.adapter.jpa.PersistedEntry.categories
2025-09-02 14:29:58.148 [main] DEBUG o.hibernate.cfg.CollectionSecondPass - Mapped collection key: entryId, element: category
2025-09-02 14:29:58.148 [main] DEBUG o.hibernate.cfg.CollectionSecondPass - Second pass for collection: org.atomhopper.adapter.jpa.PersistedFeed.entries
2025-09-02 14:29:58.148 [main] DEBUG o.h.cfg.annotations.CollectionBinder - Binding a OneToMany: org.atomhopper.adapter.jpa.PersistedFeed.entries through a foreign key
2025-09-02 14:29:58.148 [main] DEBUG o.h.cfg.annotations.CollectionBinder - Mapping collection: org.atomhopper.adapter.jpa.PersistedFeed.entries -> Entries
2025-09-02 14:29:58.148 [main] DEBUG o.h.cfg.annotations.TableBinder - Retrieving property org.atomhopper.adapter.jpa.PersistedEntry.feed
2025-09-02 14:29:58.148 [main] DEBUG o.hibernate.cfg.CollectionSecondPass - Mapped collection key: Feed, one-to-many: org.atomhopper.adapter.jpa.PersistedEntry
2025-09-02 14:29:58.148 [main] DEBUG o.hibernate.cfg.CollectionSecondPass - Second pass for collection: org.atomhopper.adapter.jpa.PersistedCategory.feedEntries
2025-09-02 14:29:58.148 [main] DEBUG o.h.cfg.annotations.CollectionBinder - Binding as ManyToMany: org.atomhopper.adapter.jpa.PersistedCategory.feedEntries
2025-09-02 14:29:58.148 [main] DEBUG o.h.cfg.annotations.TableBinder - Retrieving property org.atomhopper.adapter.jpa.PersistedEntry.categories
2025-09-02 14:29:58.148 [main] DEBUG o.hibernate.cfg.CollectionSecondPass - Mapped collection key: category, element: entryId
2025-09-02 14:29:58.148 [main] DEBUG org.hibernate.cfg.Configuration - Processing native query and ResultSetMapping mappings
2025-09-02 14:29:58.148 [main] DEBUG org.hibernate.cfg.Configuration - Processing association property references
2025-09-02 14:29:58.148 [main] DEBUG org.hibernate.cfg.Configuration - Processing foreign key constraints
2025-09-02 14:29:58.148 [main] DEBUG org.hibernate.cfg.Configuration - Resolving reference to class: org.atomhopper.adapter.jpa.PersistedCategory
2025-09-02 14:29:58.148 [main] DEBUG org.hibernate.cfg.Configuration - Resolving reference to class: org.atomhopper.adapter.jpa.PersistedEntry
2025-09-02 14:29:58.148 [main] DEBUG org.hibernate.cfg.Configuration - Resolving reference to class: org.atomhopper.adapter.jpa.PersistedFeed
2025-09-02 14:29:58.148 [main] WARN  o.h.s.j.c.i.ConnectionProviderInitiator - HHH000181: No appropriate connection provider encountered, assuming application will be supplying connections
2025-09-02 14:29:58.149 [main] INFO  org.hibernate.dialect.Dialect - HHH000400: Using dialect: org.hibernate.dialect.H2Dialect
2025-09-02 14:29:58.149 [main] INFO  o.h.e.j.internal.LobCreatorBuilder - HHH000422: Disabling contextual LOB creation as connection was null
2025-09-02 14:29:58.149 [main] DEBUG org.hibernate.cfg.SettingsFactory - Automatic flush during beforeCompletion(): disabled
2025-09-02 14:29:58.149 [main] DEBUG org.hibernate.cfg.SettingsFactory - Automatic session close at end of transaction: disabled
2025-09-02 14:29:58.149 [main] DEBUG org.hibernate.cfg.SettingsFactory - Scrollable result sets: disabled
2025-09-02 14:29:58.149 [main] DEBUG org.hibernate.cfg.SettingsFactory - Wrap result sets: disabled
2025-09-02 14:29:58.149 [main] DEBUG org.hibernate.cfg.SettingsFactory - JDBC3 getGeneratedKeys(): disabled
2025-09-02 14:29:58.149 [main] DEBUG org.hibernate.cfg.SettingsFactory - Connection release mode: auto
2025-09-02 14:29:58.149 [main] INFO  o.h.e.t.i.TransactionFactoryInitiator - HHH000399: Using default transaction strategy (direct JDBC transactions)
2025-09-02 14:29:58.149 [main] DEBUG org.hibernate.cfg.SettingsFactory - Default batch fetch size: 1
2025-09-02 14:29:58.149 [main] DEBUG org.hibernate.cfg.SettingsFactory - Generate SQL with comments: disabled
2025-09-02 14:29:58.149 [main] DEBUG org.hibernate.cfg.SettingsFactory - Order SQL updates by primary key: disabled
2025-09-02 14:29:58.149 [main] DEBUG org.hibernate.cfg.SettingsFactory - Order SQL inserts for batching: disabled
2025-09-02 14:29:58.149 [main] DEBUG org.hibernate.cfg.SettingsFactory - Query translator: org.hibernate.hql.internal.ast.ASTQueryTranslatorFactory
2025-09-02 14:29:58.149 [main] INFO  o.h.h.i.a.ASTQueryTranslatorFactory - HHH000397: Using ASTQueryTranslatorFactory
2025-09-02 14:29:58.149 [main] DEBUG org.hibernate.cfg.SettingsFactory - Query language substitutions: {}
2025-09-02 14:29:58.149 [main] DEBUG org.hibernate.cfg.SettingsFactory - JPA-QL strict compliance: disabled
2025-09-02 14:29:58.149 [main] DEBUG org.hibernate.cfg.SettingsFactory - Second-level cache: enabled
2025-09-02 14:29:58.149 [main] DEBUG org.hibernate.cfg.SettingsFactory - Query cache: disabled
2025-09-02 14:29:58.149 [main] DEBUG org.hibernate.cfg.SettingsFactory - Cache region factory : org.hibernate.cache.internal.NoCachingRegionFactory
2025-09-02 14:29:58.149 [main] DEBUG org.hibernate.cfg.SettingsFactory - org.hibernate.cache.internal.NoCachingRegionFactory did not provide constructor accepting java.util.Properties; attempting no-arg constructor.
2025-09-02 14:29:58.149 [main] DEBUG org.hibernate.cfg.SettingsFactory - Optimize cache for minimal puts: disabled
2025-09-02 14:29:58.149 [main] DEBUG org.hibernate.cfg.SettingsFactory - Structured second-level cache entries: disabled
2025-09-02 14:29:58.149 [main] DEBUG org.hibernate.cfg.SettingsFactory - Statistics: disabled
2025-09-02 14:29:58.149 [main] DEBUG org.hibernate.cfg.SettingsFactory - Deleted entity synthetic identifier rollback: disabled
2025-09-02 14:29:58.149 [main] DEBUG org.hibernate.cfg.SettingsFactory - Default entity-mode: pojo
2025-09-02 14:29:58.149 [main] DEBUG org.hibernate.cfg.SettingsFactory - Named query checking : enabled
2025-09-02 14:29:58.149 [main] DEBUG org.hibernate.cfg.SettingsFactory - Check Nullability in Core (should be disabled when Bean Validation is on): enabled
2025-09-02 14:29:58.149 [main] DEBUG org.hibernate.cfg.SettingsFactory - multi-tenancy strategy : NONE
2025-09-02 14:29:58.149 [main] DEBUG o.h.internal.SessionFactoryImpl - Building session factory
2025-09-02 14:29:58.149 [main] DEBUG o.h.internal.SessionFactoryImpl - Session factory constructed with filter configurations : {}
2025-09-02 14:29:58.149 [main] DEBUG o.h.internal.SessionFactoryImpl - Instantiating session factory with properties: {java.runtime.name=OpenJDK Runtime Environment, hibernate.connection.password=, sun.boot.library.path=/Users/srihari.kalthireddy/.sdkman/candidates/java/8.0.462-amzn/jre/lib, java.vm.version=25.462-b08, hibernate.connection.username=sa, gopherProxySet=false, java.vm.vendor=Amazon.com Inc., java.vendor.url=https://aws.amazon.com/corretto/, path.separator=:, java.vm.name=OpenJDK 64-Bit Server VM, file.encoding.pkg=sun.io, user.country=IN, sun.java.launcher=SUN_STANDARD, sun.os.patch.level=unknown, java.vm.specification.name=Java Virtual Machine Specification, user.dir=/Users/srihari.kalthireddy/projects/atom-hopper/adapters/hibernate, java.runtime.version=1.8.0_462-b08, java.awt.graphicsenv=sun.awt.CGraphicsEnvironment, basedir=/Users/srihari.kalthireddy/projects/atom-hopper/adapters/hibernate, java.endorsed.dirs=/Users/srihari.kalthireddy/.sdkman/candidates/java/8.0.462-amzn/jre/lib/endorsed, os.arch=aarch64, surefire.real.class.path=/Users/srihari.kalthireddy/projects/atom-hopper/adapters/hibernate/target/surefire/surefirebooter7093617471829027574.jar, java.io.tmpdir=/var/folders/dt/wtf24ks508b73xsrhxp8vh_80000gp/T/, line.separator=
, java.vm.specification.vendor=Oracle Corporation, os.name=Mac OS X, sun.jnu.encoding=UTF-8, java.library.path=/Users/srihari.kalthireddy/Library/Java/Extensions:/Library/Java/Extensions:/Network/Library/Java/Extensions:/System/Library/Java/Extensions:/usr/lib/java:., surefire.test.class.path=/Users/srihari.kalthireddy/projects/atom-hopper/adapters/hibernate/target/test-classes:/Users/srihari.kalthireddy/projects/atom-hopper/adapters/hibernate/target/classes:/Users/srihari.kalthireddy/projects/atom-hopper/hopper/target/core-1.2.35.jar:/Users/srihari.kalthireddy/.m2/repository/org/apache/abdera/abdera-server/1.1.2/abdera-server-1.1.2.jar:/Users/srihari.kalthireddy/.m2/repository/org/apache/abdera/abdera-parser/1.1.2/abdera-parser-1.1.2.jar:/Users/srihari.kalthireddy/.m2/repository/org/apache/ws/commons/axiom/axiom-impl/1.2.10/axiom-impl-1.2.10.jar:/Users/srihari.kalthireddy/.m2/repository/org/apache/ws/commons/axiom/axiom-api/1.2.10/axiom-api-1.2.10.jar:/Users/srihari.kalthireddy/.m2/repository/org/apache/geronimo/specs/geronimo-activation_1.1_spec/1.0.2/geronimo-activation_1.1_spec-1.0.2.jar:/Users/srihari.kalthireddy/.m2/repository/org/apache/geronimo/specs/geronimo-javamail_1.4_spec/1.6/geronimo-javamail_1.4_spec-1.6.jar:/Users/srihari.kalthireddy/.m2/repository/org/codehaus/woodstox/wstx-asl/3.2.6/wstx-asl-3.2.6.jar:/Users/srihari.kalthireddy/.m2/repository/jaxen/jaxen/1.1.1/jaxen-1.1.1.jar:/Users/srihari.kalthireddy/.m2/repository/xml-apis/xml-apis/1.4.01/xml-apis-1.4.01.jar:/Users/srihari.kalthireddy/.m2/repository/xerces/xercesImpl/2.12.2/xercesImpl-2.12.2.jar:/Users/srihari.kalthireddy/.m2/repository/javax/servlet/servlet-api/2.5/servlet-api-2.5.jar:/Users/srihari.kalthireddy/.m2/repository/javax/mail/mail/1.4/mail-1.4.jar:/Users/srihari.kalthireddy/.m2/repository/javax/activation/activation/1.1/activation-1.1.jar:/Users/srihari.kalthireddy/.m2/repository/org/apache/abdera/abdera-extensions-json/1.1.2/abdera-extensions-json-1.1.2.jar:/Users/srihari.kalthireddy/.m2/repository/org/apache/abdera/abdera-extensions-main/1.1.2/abdera-extensions-main-1.1.2.jar:/Users/srihari.kalthireddy/.m2/repository/org/apache/abdera/abdera-client/1.1.2/abdera-client-1.1.2.jar:/Users/srihari.kalthireddy/.m2/repository/commons-httpclient/commons-httpclient/3.1/commons-httpclient-3.1.jar:/Users/srihari.kalthireddy/.m2/repository/org/apache/abdera/abdera-extensions-html/1.1.2/abdera-extensions-html-1.1.2.jar:/Users/srihari.kalthireddy/.m2/repository/nu/validator/htmlparser/htmlparser/1.0.5/htmlparser-1.0.5.jar:/Users/srihari.kalthireddy/.m2/repository/org/springframework/spring-core/5.2.25.RELEASE/spring-core-5.2.25.RELEASE.jar:/Users/srihari.kalthireddy/.m2/repository/org/springframework/spring-jcl/5.2.25.RELEASE/spring-jcl-5.2.25.RELEASE.jar:/Users/srihari.kalthireddy/.m2/repository/org/springframework/spring-beans/5.2.25.RELEASE/spring-beans-5.2.25.RELEASE.jar:/Users/srihari.kalthireddy/.m2/repository/org/springframework/spring-context/5.2.25.RELEASE/spring-context-5.2.25.RELEASE.jar:/Users/srihari.kalthireddy/.m2/repository/org/springframework/spring-aop/5.2.25.RELEASE/spring-aop-5.2.25.RELEASE.jar:/Users/srihari.kalthireddy/.m2/repository/org/springframework/spring-expression/4.2.5.RELEASE/spring-expression-4.2.5.RELEASE.jar:/Users/srihari.kalthireddy/.m2/repository/org/springframework/spring-web/5.2.25.RELEASE/spring-web-5.2.25.RELEASE.jar:/Users/srihari.kalthireddy/.m2/repository/commons-lang/commons-lang/2.6/commons-lang-2.6.jar:/Users/srihari.kalthireddy/.m2/repository/com/google/code/gson/gson/2.8.9/gson-2.8.9.jar:/Users/srihari.kalthireddy/.m2/repository/ch/qos/logback/logback-classic/1.2.0/logback-classic-1.2.0.jar:/Users/srihari.kalthireddy/.m2/repository/ch/qos/logback/logback-core/1.2.9/logback-core-1.2.9.jar:/Users/srihari.kalthireddy/.m2/repository/me/moocar/logback-gelf/0.9.6/logback-gelf-0.9.6.jar:/Users/srihari.kalthireddy/.m2/repository/com/codahale/metrics/metrics-core/3.0.1/metrics-core-3.0.1.jar:/Users/srihari.kalthireddy/.m2/repository/com/codahale/metrics/metrics-graphite/3.0.1/metrics-graphite-3.0.1.jar:/Users/srihari.kalthireddy/.m2/repository/org/apache/tomcat/tomcat-jdbc/7.0.27/tomcat-jdbc-7.0.27.jar:/Users/srihari.kalthireddy/.m2/repository/org/apache/tomcat/tomcat-juli/7.0.27/tomcat-juli-7.0.27.jar:/Users/srihari.kalthireddy/.m2/repository/com/fasterxml/jackson/core/jackson-annotations/2.12.7/jackson-annotations-2.12.7.jar:/Users/srihari.kalthireddy/.m2/repository/com/fasterxml/jackson/core/jackson-databind/2.12.7.1/jackson-databind-2.12.7.1.jar:/Users/srihari.kalthireddy/.m2/repository/com/fasterxml/jackson/core/jackson-core/2.12.7/jackson-core-2.12.7.jar:/Users/srihari.kalthireddy/.m2/repository/org/hibernate/hibernate-core/4.1.3.Final/hibernate-core-4.1.3.Final.jar:/Users/srihari.kalthireddy/.m2/repository/antlr/antlr/2.7.7/antlr-2.7.7.jar:/Users/srihari.kalthireddy/.m2/repository/org/jboss/logging/jboss-logging/3.1.0.GA/jboss-logging-3.1.0.GA.jar:/Users/srihari.kalthireddy/.m2/repository/org/jboss/spec/javax/transaction/jboss-transaction-api_1.1_spec/1.0.0.Final/jboss-transaction-api_1.1_spec-1.0.0.Final.jar:/Users/srihari.kalthireddy/.m2/repository/dom4j/dom4j/1.6.1/dom4j-1.6.1.jar:/Users/srihari.kalthireddy/.m2/repository/org/hibernate/javax/persistence/hibernate-jpa-2.0-api/1.0.1.Final/hibernate-jpa-2.0-api-1.0.1.Final.jar:/Users/srihari.kalthireddy/.m2/repository/org/hibernate/common/hibernate-commons-annotations/4.0.1.Final/hibernate-commons-annotations-4.0.1.Final.jar:/Users/srihari.kalthireddy/.m2/repository/org/javassist/javassist/3.16.1-GA/javassist-3.16.1-GA.jar:/Users/srihari.kalthireddy/.m2/repository/com/h2database/h2/2.1.210/h2-2.1.210.jar:/Users/srihari.kalthireddy/.m2/repository/org/hibernate/hibernate-c3p0/4.1.3.Final/hibernate-c3p0-4.1.3.Final.jar:/Users/srihari.kalthireddy/.m2/repository/c3p0/c3p0/0.9.1/c3p0-0.9.1.jar:/Users/srihari.kalthireddy/.m2/repository/org/apache/abdera/abdera-core/1.1.2/abdera-core-1.1.2.jar:/Users/srihari.kalthireddy/.m2/repository/org/apache/abdera/abdera-i18n/1.1.2/abdera-i18n-1.1.2.jar:/Users/srihari.kalthireddy/.m2/repository/org/apache/geronimo/specs/geronimo-activation_1.0.2_spec/1.1/geronimo-activation_1.0.2_spec-1.1.jar:/Users/srihari.kalthireddy/.m2/repository/org/apache/geronimo/specs/geronimo-stax-api_1.0_spec/1.0.1/geronimo-stax-api_1.0_spec-1.0.1.jar:/Users/srihari.kalthireddy/.m2/repository/commons-codec/commons-codec/1.4/commons-codec-1.4.jar:/Users/srihari.kalthireddy/.m2/repository/commons-logging/commons-logging/1.0.4/commons-logging-1.0.4.jar:/Users/srihari.kalthireddy/.m2/repository/org/slf4j/slf4j-api/1.7.16/slf4j-api-1.7.16.jar:/Users/srihari.kalthireddy/.m2/repository/org/mockito/mockito-all/1.8.5/mockito-all-1.8.5.jar:/Users/srihari.kalthireddy/.m2/repository/junit/junit/4.13.1/junit-4.13.1.jar:/Users/srihari.kalthireddy/.m2/repository/org/hamcrest/hamcrest-core/1.3/hamcrest-core-1.3.jar:/Users/srihari.kalthireddy/.m2/repository/com/yammer/metrics/metrics-core/2.2.0/metrics-core-2.2.0.jar:, java.specification.name=Java Platform API Specification, java.class.version=52.0, sun.management.compiler=HotSpot 64-Bit Tiered Compilers, os.version=15.6, http.nonProxyHosts=local|*.local|169.254/16|*.169.254/16, user.home=/Users/srihari.kalthireddy, user.timezone=Asia/Kolkata, java.awt.printerjob=sun.lwawt.macosx.CPrinterJob, java.specification.version=1.8, file.encoding=UTF-8, hibernate.connection.driver_class=org.h2.Driver, user.name=srihari.kalthireddy, java.class.path=/Users/srihari.kalthireddy/projects/atom-hopper/adapters/hibernate/target/test-classes:/Users/srihari.kalthireddy/projects/atom-hopper/adapters/hibernate/target/classes:/Users/srihari.kalthireddy/projects/atom-hopper/hopper/target/core-1.2.35.jar:/Users/srihari.kalthireddy/.m2/repository/org/apache/abdera/abdera-server/1.1.2/abdera-server-1.1.2.jar:/Users/srihari.kalthireddy/.m2/repository/org/apache/abdera/abdera-parser/1.1.2/abdera-parser-1.1.2.jar:/Users/srihari.kalthireddy/.m2/repository/org/apache/ws/commons/axiom/axiom-impl/1.2.10/axiom-impl-1.2.10.jar:/Users/srihari.kalthireddy/.m2/repository/org/apache/ws/commons/axiom/axiom-api/1.2.10/axiom-api-1.2.10.jar:/Users/srihari.kalthireddy/.m2/repository/org/apache/geronimo/specs/geronimo-activation_1.1_spec/1.0.2/geronimo-activation_1.1_spec-1.0.2.jar:/Users/srihari.kalthireddy/.m2/repository/org/apache/geronimo/specs/geronimo-javamail_1.4_spec/1.6/geronimo-javamail_1.4_spec-1.6.jar:/Users/srihari.kalthireddy/.m2/repository/org/codehaus/woodstox/wstx-asl/3.2.6/wstx-asl-3.2.6.jar:/Users/srihari.kalthireddy/.m2/repository/jaxen/jaxen/1.1.1/jaxen-1.1.1.jar:/Users/srihari.kalthireddy/.m2/repository/xml-apis/xml-apis/1.4.01/xml-apis-1.4.01.jar:/Users/srihari.kalthireddy/.m2/repository/xerces/xercesImpl/2.12.2/xercesImpl-2.12.2.jar:/Users/srihari.kalthireddy/.m2/repository/javax/servlet/servlet-api/2.5/servlet-api-2.5.jar:/Users/srihari.kalthireddy/.m2/repository/javax/mail/mail/1.4/mail-1.4.jar:/Users/srihari.kalthireddy/.m2/repository/javax/activation/activation/1.1/activation-1.1.jar:/Users/srihari.kalthireddy/.m2/repository/org/apache/abdera/abdera-extensions-json/1.1.2/abdera-extensions-json-1.1.2.jar:/Users/srihari.kalthireddy/.m2/repository/org/apache/abdera/abdera-extensions-main/1.1.2/abdera-extensions-main-1.1.2.jar:/Users/srihari.kalthireddy/.m2/repository/org/apache/abdera/abdera-client/1.1.2/abdera-client-1.1.2.jar:/Users/srihari.kalthireddy/.m2/repository/commons-httpclient/commons-httpclient/3.1/commons-httpclient-3.1.jar:/Users/srihari.kalthireddy/.m2/repository/org/apache/abdera/abdera-extensions-html/1.1.2/abdera-extensions-html-1.1.2.jar:/Users/srihari.kalthireddy/.m2/repository/nu/validator/htmlparser/htmlparser/1.0.5/htmlparser-1.0.5.jar:/Users/srihari.kalthireddy/.m2/repository/org/springframework/spring-core/5.2.25.RELEASE/spring-core-5.2.25.RELEASE.jar:/Users/srihari.kalthireddy/.m2/repository/org/springframework/spring-jcl/5.2.25.RELEASE/spring-jcl-5.2.25.RELEASE.jar:/Users/srihari.kalthireddy/.m2/repository/org/springframework/spring-beans/5.2.25.RELEASE/spring-beans-5.2.25.RELEASE.jar:/Users/srihari.kalthireddy/.m2/repository/org/springframework/spring-context/5.2.25.RELEASE/spring-context-5.2.25.RELEASE.jar:/Users/srihari.kalthireddy/.m2/repository/org/springframework/spring-aop/5.2.25.RELEASE/spring-aop-5.2.25.RELEASE.jar:/Users/srihari.kalthireddy/.m2/repository/org/springframework/spring-expression/4.2.5.RELEASE/spring-expression-4.2.5.RELEASE.jar:/Users/srihari.kalthireddy/.m2/repository/org/springframework/spring-web/5.2.25.RELEASE/spring-web-5.2.25.RELEASE.jar:/Users/srihari.kalthireddy/.m2/repository/commons-lang/commons-lang/2.6/commons-lang-2.6.jar:/Users/srihari.kalthireddy/.m2/repository/com/google/code/gson/gson/2.8.9/gson-2.8.9.jar:/Users/srihari.kalthireddy/.m2/repository/ch/qos/logback/logback-classic/1.2.0/logback-classic-1.2.0.jar:/Users/srihari.kalthireddy/.m2/repository/ch/qos/logback/logback-core/1.2.9/logback-core-1.2.9.jar:/Users/srihari.kalthireddy/.m2/repository/me/moocar/logback-gelf/0.9.6/logback-gelf-0.9.6.jar:/Users/srihari.kalthireddy/.m2/repository/com/codahale/metrics/metrics-core/3.0.1/metrics-core-3.0.1.jar:/Users/srihari.kalthireddy/.m2/repository/com/codahale/metrics/metrics-graphite/3.0.1/metrics-graphite-3.0.1.jar:/Users/srihari.kalthireddy/.m2/repository/org/apache/tomcat/tomcat-jdbc/7.0.27/tomcat-jdbc-7.0.27.jar:/Users/srihari.kalthireddy/.m2/repository/org/apache/tomcat/tomcat-juli/7.0.27/tomcat-juli-7.0.27.jar:/Users/srihari.kalthireddy/.m2/repository/com/fasterxml/jackson/core/jackson-annotations/2.12.7/jackson-annotations-2.12.7.jar:/Users/srihari.kalthireddy/.m2/repository/com/fasterxml/jackson/core/jackson-databind/2.12.7.1/jackson-databind-2.12.7.1.jar:/Users/srihari.kalthireddy/.m2/repository/com/fasterxml/jackson/core/jackson-core/2.12.7/jackson-core-2.12.7.jar:/Users/srihari.kalthireddy/.m2/repository/org/hibernate/hibernate-core/4.1.3.Final/hibernate-core-4.1.3.Final.jar:/Users/srihari.kalthireddy/.m2/repository/antlr/antlr/2.7.7/antlr-2.7.7.jar:/Users/srihari.kalthireddy/.m2/repository/org/jboss/logging/jboss-logging/3.1.0.GA/jboss-logging-3.1.0.GA.jar:/Users/srihari.kalthireddy/.m2/repository/org/jboss/spec/javax/transaction/jboss-transaction-api_1.1_spec/1.0.0.Final/jboss-transaction-api_1.1_spec-1.0.0.Final.jar:/Users/srihari.kalthireddy/.m2/repository/dom4j/dom4j/1.6.1/dom4j-1.6.1.jar:/Users/srihari.kalthireddy/.m2/repository/org/hibernate/javax/persistence/hibernate-jpa-2.0-api/1.0.1.Final/hibernate-jpa-2.0-api-1.0.1.Final.jar:/Users/srihari.kalthireddy/.m2/repository/org/hibernate/common/hibernate-commons-annotations/4.0.1.Final/hibernate-commons-annotations-4.0.1.Final.jar:/Users/srihari.kalthireddy/.m2/repository/org/javassist/javassist/3.16.1-GA/javassist-3.16.1-GA.jar:/Users/srihari.kalthireddy/.m2/repository/com/h2database/h2/2.1.210/h2-2.1.210.jar:/Users/srihari.kalthireddy/.m2/repository/org/hibernate/hibernate-c3p0/4.1.3.Final/hibernate-c3p0-4.1.3.Final.jar:/Users/srihari.kalthireddy/.m2/repository/c3p0/c3p0/0.9.1/c3p0-0.9.1.jar:/Users/srihari.kalthireddy/.m2/repository/org/apache/abdera/abdera-core/1.1.2/abdera-core-1.1.2.jar:/Users/srihari.kalthireddy/.m2/repository/org/apache/abdera/abdera-i18n/1.1.2/abdera-i18n-1.1.2.jar:/Users/srihari.kalthireddy/.m2/repository/org/apache/geronimo/specs/geronimo-activation_1.0.2_spec/1.1/geronimo-activation_1.0.2_spec-1.1.jar:/Users/srihari.kalthireddy/.m2/repository/org/apache/geronimo/specs/geronimo-stax-api_1.0_spec/1.0.1/geronimo-stax-api_1.0_spec-1.0.1.jar:/Users/srihari.kalthireddy/.m2/repository/commons-codec/commons-codec/1.4/commons-codec-1.4.jar:/Users/srihari.kalthireddy/.m2/repository/commons-logging/commons-logging/1.0.4/commons-logging-1.0.4.jar:/Users/srihari.kalthireddy/.m2/repository/org/slf4j/slf4j-api/1.7.16/slf4j-api-1.7.16.jar:/Users/srihari.kalthireddy/.m2/repository/org/mockito/mockito-all/1.8.5/mockito-all-1.8.5.jar:/Users/srihari.kalthireddy/.m2/repository/junit/junit/4.13.1/junit-4.13.1.jar:/Users/srihari.kalthireddy/.m2/repository/org/hamcrest/hamcrest-core/1.3/hamcrest-core-1.3.jar:/Users/srihari.kalthireddy/.m2/repository/com/yammer/metrics/metrics-core/2.2.0/metrics-core-2.2.0.jar:, hibernate.bytecode.use_reflection_optimizer=false, java.vm.specification.version=1.8, sun.arch.data.model=64, java.home=/Users/srihari.kalthireddy/.sdkman/candidates/java/8.0.462-amzn/jre, sun.java.command=/Users/srihari.kalthireddy/projects/atom-hopper/adapters/hibernate/target/surefire/surefirebooter7093617471829027574.jar /Users/srihari.kalthireddy/projects/atom-hopper/adapters/hibernate/target/surefire/surefire7473032124132446789tmp /Users/srihari.kalthireddy/projects/atom-hopper/adapters/hibernate/target/surefire/surefire948785358173371727tmp, hibernate.dialect=org.hibernate.dialect.H2Dialect, java.specification.vendor=Oracle Corporation, user.language=en, awt.toolkit=sun.lwawt.macosx.LWCToolkit, java.vm.info=mixed mode, java.version=1.8.0_462, java.ext.dirs=/Users/srihari.kalthireddy/Library/Java/Extensions:/Users/srihari.kalthireddy/.sdkman/candidates/java/8.0.462-amzn/jre/lib/ext:/Library/Java/Extensions:/Network/Library/Java/Extensions:/System/Library/Java/Extensions:/usr/lib/java, sun.boot.class.path=/Users/srihari.kalthireddy/.sdkman/candidates/java/8.0.462-amzn/jre/lib/resources.jar:/Users/srihari.kalthireddy/.sdkman/candidates/java/8.0.462-amzn/jre/lib/rt.jar:/Users/srihari.kalthireddy/.sdkman/candidates/java/8.0.462-amzn/jre/lib/sunrsasign.jar:/Users/srihari.kalthireddy/.sdkman/candidates/java/8.0.462-amzn/jre/lib/jsse.jar:/Users/srihari.kalthireddy/.sdkman/candidates/java/8.0.462-amzn/jre/lib/jce.jar:/Users/srihari.kalthireddy/.sdkman/candidates/java/8.0.462-amzn/jre/lib/charsets.jar:/Users/srihari.kalthireddy/.sdkman/candidates/java/8.0.462-amzn/jre/lib/jfr.jar:/Users/srihari.kalthireddy/.sdkman/candidates/java/8.0.462-amzn/jre/classes, java.vendor=Amazon.com Inc., java.specification.maintenance.version=6, localRepository=/Users/srihari.kalthireddy/.m2/repository, file.separator=/, java.vendor.url.bug=https://github.com/corretto/corretto-8/issues/, hibernate.hbm2ddl.auto=update, sun.cpu.endian=little, sun.io.unicode.encoding=UnicodeBig, socksNonProxyHosts=local|*.local|169.254/16|*.169.254/16, ftp.nonProxyHosts=local|*.local|169.254/16|*.169.254/16, sun.cpu.isalist=}
2025-09-02 14:29:58.149 [main] DEBUG o.h.i.f.i.DefaultIdentifierGeneratorFactory - Setting dialect [org.hibernate.dialect.H2Dialect]
2025-09-02 14:29:58.149 [main] DEBUG o.h.i.f.i.DefaultIdentifierGeneratorFactory - Setting dialect [org.hibernate.dialect.H2Dialect]
2025-09-02 14:29:58.149 [main] DEBUG o.h.i.f.i.DefaultIdentifierGeneratorFactory - Setting dialect [org.hibernate.dialect.H2Dialect]
2025-09-02 14:29:58.150 [main] DEBUG o.h.p.entity.AbstractEntityPersister - Static SQL for entity: org.atomhopper.adapter.jpa.PersistedEntry
2025-09-02 14:29:58.150 [main] DEBUG o.h.p.entity.AbstractEntityPersister -  Version select: select EntryID from Entries where EntryID =?
2025-09-02 14:29:58.150 [main] DEBUG o.h.p.entity.AbstractEntityPersister -  Snapshot select: select persistede_.EntryID, persistede_.CreationDate as Creation2_22_, persistede_.DateLastUpdated as DateLast3_22_, persistede_.EntryBody as EntryBody22_, persistede_.Feed as Feed22_ from Entries persistede_ where persistede_.EntryID=?
2025-09-02 14:29:58.150 [main] DEBUG o.h.p.entity.AbstractEntityPersister -  Insert 0: insert into Entries (CreationDate, DateLastUpdated, EntryBody, Feed, EntryID) values (?, ?, ?, ?, ?)
2025-09-02 14:29:58.150 [main] DEBUG o.h.p.entity.AbstractEntityPersister -  Update 0: update Entries set CreationDate=?, DateLastUpdated=?, EntryBody=?, Feed=? where EntryID=?
2025-09-02 14:29:58.150 [main] DEBUG o.h.p.entity.AbstractEntityPersister -  Delete 0: delete from Entries where EntryID=?
2025-09-02 14:29:58.150 [main] DEBUG o.h.p.entity.AbstractEntityPersister - Static SQL for entity: org.atomhopper.adapter.jpa.PersistedCategory
2025-09-02 14:29:58.150 [main] DEBUG o.h.p.entity.AbstractEntityPersister -  Version select: select Term from Categories where Term =?
2025-09-02 14:29:58.150 [main] DEBUG o.h.p.entity.AbstractEntityPersister -  Snapshot select: select persistedc_.Term from Categories persistedc_ where persistedc_.Term=?
2025-09-02 14:29:58.151 [main] DEBUG o.h.p.entity.AbstractEntityPersister -  Insert 0: insert into Categories (Term) values (?)
2025-09-02 14:29:58.151 [main] DEBUG o.h.p.entity.AbstractEntityPersister -  Update 0: null
2025-09-02 14:29:58.151 [main] DEBUG o.h.p.entity.AbstractEntityPersister -  Delete 0: delete from Categories where Term=?
2025-09-02 14:29:58.151 [main] DEBUG o.h.p.entity.AbstractEntityPersister - Static SQL for entity: org.atomhopper.adapter.jpa.PersistedFeed
2025-09-02 14:29:58.151 [main] DEBUG o.h.p.entity.AbstractEntityPersister -  Version select: select Name from Feeds where Name =?
2025-09-02 14:29:58.151 [main] DEBUG o.h.p.entity.AbstractEntityPersister -  Snapshot select: select persistedf_.Name, persistedf_.FeedID as FeedID21_ from Feeds persistedf_ where persistedf_.Name=?
2025-09-02 14:29:58.151 [main] DEBUG o.h.p.entity.AbstractEntityPersister -  Insert 0: insert into Feeds (FeedID, Name) values (?, ?)
2025-09-02 14:29:58.151 [main] DEBUG o.h.p.entity.AbstractEntityPersister -  Update 0: update Feeds set FeedID=? where Name=?
2025-09-02 14:29:58.151 [main] DEBUG o.h.p.entity.AbstractEntityPersister -  Delete 0: delete from Feeds where Name=?
2025-09-02 14:29:58.151 [main] DEBUG o.h.p.c.AbstractCollectionPersister - Static SQL for collection: org.atomhopper.adapter.jpa.PersistedCategory.feedEntries
2025-09-02 14:29:58.151 [main] DEBUG o.h.p.c.AbstractCollectionPersister -  Row insert: insert into CategoryEntryReferences (category, entryId) values (?, ?)
2025-09-02 14:29:58.151 [main] DEBUG o.h.p.c.AbstractCollectionPersister -  Row update: update CategoryEntryReferences set entryId=? where category=? and entryId=?
2025-09-02 14:29:58.151 [main] DEBUG o.h.p.c.AbstractCollectionPersister -  Row delete: delete from CategoryEntryReferences where category=? and entryId=?
2025-09-02 14:29:58.151 [main] DEBUG o.h.p.c.AbstractCollectionPersister -  One-shot delete: delete from CategoryEntryReferences where category=?
2025-09-02 14:29:58.151 [main] DEBUG o.h.p.c.AbstractCollectionPersister - Static SQL for collection: org.atomhopper.adapter.jpa.PersistedEntry.categories
2025-09-02 14:29:58.151 [main] DEBUG o.h.p.c.AbstractCollectionPersister -  Row insert: insert into CategoryEntryReferences (entryId, category) values (?, ?)
2025-09-02 14:29:58.151 [main] DEBUG o.h.p.c.AbstractCollectionPersister -  Row update: update CategoryEntryReferences set category=? where entryId=? and category=?
2025-09-02 14:29:58.151 [main] DEBUG o.h.p.c.AbstractCollectionPersister -  Row delete: delete from CategoryEntryReferences where entryId=? and category=?
2025-09-02 14:29:58.151 [main] DEBUG o.h.p.c.AbstractCollectionPersister -  One-shot delete: delete from CategoryEntryReferences where entryId=?
2025-09-02 14:29:58.151 [main] DEBUG o.h.p.c.AbstractCollectionPersister - Static SQL for collection: org.atomhopper.adapter.jpa.PersistedFeed.entries
2025-09-02 14:29:58.151 [main] DEBUG o.h.p.c.AbstractCollectionPersister -  Row insert: update Entries set Feed=? where EntryID=?
2025-09-02 14:29:58.151 [main] DEBUG o.h.p.c.AbstractCollectionPersister -  Row delete: update Entries set Feed=null where Feed=? and EntryID=?
2025-09-02 14:29:58.151 [main] DEBUG o.h.p.c.AbstractCollectionPersister -  One-shot delete: update Entries set Feed=null where Feed=?
2025-09-02 14:29:58.151 [main] DEBUG org.hibernate.loader.Loader - Static select for entity org.atomhopper.adapter.jpa.PersistedEntry [NONE]: select persistede0_.EntryID as EntryID22_0_, persistede0_.CreationDate as Creation2_22_0_, persistede0_.DateLastUpdated as DateLast3_22_0_, persistede0_.EntryBody as EntryBody22_0_, persistede0_.Feed as Feed22_0_ from Entries persistede0_ where persistede0_.EntryID=?
2025-09-02 14:29:58.151 [main] DEBUG org.hibernate.loader.Loader - Static select for entity org.atomhopper.adapter.jpa.PersistedEntry [READ]: select persistede0_.EntryID as EntryID22_0_, persistede0_.CreationDate as Creation2_22_0_, persistede0_.DateLastUpdated as DateLast3_22_0_, persistede0_.EntryBody as EntryBody22_0_, persistede0_.Feed as Feed22_0_ from Entries persistede0_ where persistede0_.EntryID=?
2025-09-02 14:29:58.151 [main] DEBUG org.hibernate.loader.Loader - Static select for entity org.atomhopper.adapter.jpa.PersistedEntry [UPGRADE]: select persistede0_.EntryID as EntryID22_0_, persistede0_.CreationDate as Creation2_22_0_, persistede0_.DateLastUpdated as DateLast3_22_0_, persistede0_.EntryBody as EntryBody22_0_, persistede0_.Feed as Feed22_0_ from Entries persistede0_ where persistede0_.EntryID=? for update
2025-09-02 14:29:58.151 [main] DEBUG org.hibernate.loader.Loader - Static select for entity org.atomhopper.adapter.jpa.PersistedEntry [UPGRADE_NOWAIT]: select persistede0_.EntryID as EntryID22_0_, persistede0_.CreationDate as Creation2_22_0_, persistede0_.DateLastUpdated as DateLast3_22_0_, persistede0_.EntryBody as EntryBody22_0_, persistede0_.Feed as Feed22_0_ from Entries persistede0_ where persistede0_.EntryID=? for update
2025-09-02 14:29:58.151 [main] DEBUG org.hibernate.loader.Loader - Static select for entity org.atomhopper.adapter.jpa.PersistedEntry [FORCE]: select persistede0_.EntryID as EntryID22_0_, persistede0_.CreationDate as Creation2_22_0_, persistede0_.DateLastUpdated as DateLast3_22_0_, persistede0_.EntryBody as EntryBody22_0_, persistede0_.Feed as Feed22_0_ from Entries persistede0_ where persistede0_.EntryID=? for update
2025-09-02 14:29:58.151 [main] DEBUG org.hibernate.loader.Loader - Static select for entity org.atomhopper.adapter.jpa.PersistedEntry [PESSIMISTIC_READ]: select persistede0_.EntryID as EntryID22_0_, persistede0_.CreationDate as Creation2_22_0_, persistede0_.DateLastUpdated as DateLast3_22_0_, persistede0_.EntryBody as EntryBody22_0_, persistede0_.Feed as Feed22_0_ from Entries persistede0_ where persistede0_.EntryID=? for update
2025-09-02 14:29:58.151 [main] DEBUG org.hibernate.loader.Loader - Static select for entity org.atomhopper.adapter.jpa.PersistedEntry [PESSIMISTIC_WRITE]: select persistede0_.EntryID as EntryID22_0_, persistede0_.CreationDate as Creation2_22_0_, persistede0_.DateLastUpdated as DateLast3_22_0_, persistede0_.EntryBody as EntryBody22_0_, persistede0_.Feed as Feed22_0_ from Entries persistede0_ where persistede0_.EntryID=? for update
2025-09-02 14:29:58.152 [main] DEBUG org.hibernate.loader.Loader - Static select for entity org.atomhopper.adapter.jpa.PersistedEntry [PESSIMISTIC_FORCE_INCREMENT]: select persistede0_.EntryID as EntryID22_0_, persistede0_.CreationDate as Creation2_22_0_, persistede0_.DateLastUpdated as DateLast3_22_0_, persistede0_.EntryBody as EntryBody22_0_, persistede0_.Feed as Feed22_0_ from Entries persistede0_ where persistede0_.EntryID=? for update
2025-09-02 14:29:58.152 [main] DEBUG org.hibernate.loader.Loader - Static select for entity org.atomhopper.adapter.jpa.PersistedEntry [OPTIMISTIC]: select persistede0_.EntryID as EntryID22_0_, persistede0_.CreationDate as Creation2_22_0_, persistede0_.DateLastUpdated as DateLast3_22_0_, persistede0_.EntryBody as EntryBody22_0_, persistede0_.Feed as Feed22_0_ from Entries persistede0_ where persistede0_.EntryID=?
2025-09-02 14:29:58.152 [main] DEBUG org.hibernate.loader.Loader - Static select for entity org.atomhopper.adapter.jpa.PersistedEntry [OPTIMISTIC_FORCE_INCREMENT]: select persistede0_.EntryID as EntryID22_0_, persistede0_.CreationDate as Creation2_22_0_, persistede0_.DateLastUpdated as DateLast3_22_0_, persistede0_.EntryBody as EntryBody22_0_, persistede0_.Feed as Feed22_0_ from Entries persistede0_ where persistede0_.EntryID=?
2025-09-02 14:29:58.152 [main] DEBUG org.hibernate.loader.Loader - Static select for action ACTION_MERGE on entity org.atomhopper.adapter.jpa.PersistedEntry: select persistede0_.EntryID as EntryID22_1_, persistede0_.CreationDate as Creation2_22_1_, persistede0_.DateLastUpdated as DateLast3_22_1_, persistede0_.EntryBody as EntryBody22_1_, persistede0_.Feed as Feed22_1_, categories1_.entryId as entryId22_3_, persistedc2_.Term as category3_, persistedc2_.Term as Term23_0_ from Entries persistede0_ left outer join CategoryEntryReferences categories1_ on persistede0_.EntryID=categories1_.entryId left outer join Categories persistedc2_ on categories1_.category=persistedc2_.Term where persistede0_.EntryID=?
2025-09-02 14:29:58.152 [main] DEBUG org.hibernate.loader.Loader - Static select for action ACTION_REFRESH on entity org.atomhopper.adapter.jpa.PersistedEntry: select persistede0_.EntryID as EntryID22_1_, persistede0_.CreationDate as Creation2_22_1_, persistede0_.DateLastUpdated as DateLast3_22_1_, persistede0_.EntryBody as EntryBody22_1_, persistede0_.Feed as Feed22_1_, categories1_.entryId as entryId22_3_, persistedc2_.Term as category3_, persistedc2_.Term as Term23_0_ from Entries persistede0_ left outer join CategoryEntryReferences categories1_ on persistede0_.EntryID=categories1_.entryId left outer join Categories persistedc2_ on categories1_.category=persistedc2_.Term where persistede0_.EntryID=?
2025-09-02 14:29:58.152 [main] DEBUG org.hibernate.loader.Loader - Static select for entity org.atomhopper.adapter.jpa.PersistedCategory [NONE]: select persistedc0_.Term as Term23_0_ from Categories persistedc0_ where persistedc0_.Term=?
2025-09-02 14:29:58.152 [main] DEBUG org.hibernate.loader.Loader - Static select for entity org.atomhopper.adapter.jpa.PersistedCategory [READ]: select persistedc0_.Term as Term23_0_ from Categories persistedc0_ where persistedc0_.Term=?
2025-09-02 14:29:58.152 [main] DEBUG org.hibernate.loader.Loader - Static select for entity org.atomhopper.adapter.jpa.PersistedCategory [UPGRADE]: select persistedc0_.Term as Term23_0_ from Categories persistedc0_ where persistedc0_.Term=? for update
2025-09-02 14:29:58.152 [main] DEBUG org.hibernate.loader.Loader - Static select for entity org.atomhopper.adapter.jpa.PersistedCategory [UPGRADE_NOWAIT]: select persistedc0_.Term as Term23_0_ from Categories persistedc0_ where persistedc0_.Term=? for update
2025-09-02 14:29:58.152 [main] DEBUG org.hibernate.loader.Loader - Static select for entity org.atomhopper.adapter.jpa.PersistedCategory [FORCE]: select persistedc0_.Term as Term23_0_ from Categories persistedc0_ where persistedc0_.Term=? for update
2025-09-02 14:29:58.152 [main] DEBUG org.hibernate.loader.Loader - Static select for entity org.atomhopper.adapter.jpa.PersistedCategory [PESSIMISTIC_READ]: select persistedc0_.Term as Term23_0_ from Categories persistedc0_ where persistedc0_.Term=? for update
2025-09-02 14:29:58.152 [main] DEBUG org.hibernate.loader.Loader - Static select for entity org.atomhopper.adapter.jpa.PersistedCategory [PESSIMISTIC_WRITE]: select persistedc0_.Term as Term23_0_ from Categories persistedc0_ where persistedc0_.Term=? for update
2025-09-02 14:29:58.152 [main] DEBUG org.hibernate.loader.Loader - Static select for entity org.atomhopper.adapter.jpa.PersistedCategory [PESSIMISTIC_FORCE_INCREMENT]: select persistedc0_.Term as Term23_0_ from Categories persistedc0_ where persistedc0_.Term=? for update
2025-09-02 14:29:58.152 [main] DEBUG org.hibernate.loader.Loader - Static select for entity org.atomhopper.adapter.jpa.PersistedCategory [OPTIMISTIC]: select persistedc0_.Term as Term23_0_ from Categories persistedc0_ where persistedc0_.Term=?
2025-09-02 14:29:58.152 [main] DEBUG org.hibernate.loader.Loader - Static select for entity org.atomhopper.adapter.jpa.PersistedCategory [OPTIMISTIC_FORCE_INCREMENT]: select persistedc0_.Term as Term23_0_ from Categories persistedc0_ where persistedc0_.Term=?
2025-09-02 14:29:58.152 [main] DEBUG org.hibernate.loader.Loader - Static select for action ACTION_MERGE on entity org.atomhopper.adapter.jpa.PersistedCategory: select persistedc0_.Term as Term23_0_ from Categories persistedc0_ where persistedc0_.Term=?
2025-09-02 14:29:58.152 [main] DEBUG org.hibernate.loader.Loader - Static select for action ACTION_REFRESH on entity org.atomhopper.adapter.jpa.PersistedCategory: select persistedc0_.Term as Term23_0_ from Categories persistedc0_ where persistedc0_.Term=?
2025-09-02 14:29:58.152 [main] DEBUG org.hibernate.loader.Loader - Static select for entity org.atomhopper.adapter.jpa.PersistedFeed [NONE]: select persistedf0_.Name as Name21_0_, persistedf0_.FeedID as FeedID21_0_ from Feeds persistedf0_ where persistedf0_.Name=?
2025-09-02 14:29:58.152 [main] DEBUG org.hibernate.loader.Loader - Static select for entity org.atomhopper.adapter.jpa.PersistedFeed [READ]: select persistedf0_.Name as Name21_0_, persistedf0_.FeedID as FeedID21_0_ from Feeds persistedf0_ where persistedf0_.Name=?
2025-09-02 14:29:58.152 [main] DEBUG org.hibernate.loader.Loader - Static select for entity org.atomhopper.adapter.jpa.PersistedFeed [UPGRADE]: select persistedf0_.Name as Name21_0_, persistedf0_.FeedID as FeedID21_0_ from Feeds persistedf0_ where persistedf0_.Name=? for update
2025-09-02 14:29:58.152 [main] DEBUG org.hibernate.loader.Loader - Static select for entity org.atomhopper.adapter.jpa.PersistedFeed [UPGRADE_NOWAIT]: select persistedf0_.Name as Name21_0_, persistedf0_.FeedID as FeedID21_0_ from Feeds persistedf0_ where persistedf0_.Name=? for update
2025-09-02 14:29:58.152 [main] DEBUG org.hibernate.loader.Loader - Static select for entity org.atomhopper.adapter.jpa.PersistedFeed [FORCE]: select persistedf0_.Name as Name21_0_, persistedf0_.FeedID as FeedID21_0_ from Feeds persistedf0_ where persistedf0_.Name=? for update
2025-09-02 14:29:58.152 [main] DEBUG org.hibernate.loader.Loader - Static select for entity org.atomhopper.adapter.jpa.PersistedFeed [PESSIMISTIC_READ]: select persistedf0_.Name as Name21_0_, persistedf0_.FeedID as FeedID21_0_ from Feeds persistedf0_ where persistedf0_.Name=? for update
2025-09-02 14:29:58.153 [main] DEBUG org.hibernate.loader.Loader - Static select for entity org.atomhopper.adapter.jpa.PersistedFeed [PESSIMISTIC_WRITE]: select persistedf0_.Name as Name21_0_, persistedf0_.FeedID as FeedID21_0_ from Feeds persistedf0_ where persistedf0_.Name=? for update
2025-09-02 14:29:58.153 [main] DEBUG org.hibernate.loader.Loader - Static select for entity org.atomhopper.adapter.jpa.PersistedFeed [PESSIMISTIC_FORCE_INCREMENT]: select persistedf0_.Name as Name21_0_, persistedf0_.FeedID as FeedID21_0_ from Feeds persistedf0_ where persistedf0_.Name=? for update
2025-09-02 14:29:58.153 [main] DEBUG org.hibernate.loader.Loader - Static select for entity org.atomhopper.adapter.jpa.PersistedFeed [OPTIMISTIC]: select persistedf0_.Name as Name21_0_, persistedf0_.FeedID as FeedID21_0_ from Feeds persistedf0_ where persistedf0_.Name=?
2025-09-02 14:29:58.153 [main] DEBUG org.hibernate.loader.Loader - Static select for entity org.atomhopper.adapter.jpa.PersistedFeed [OPTIMISTIC_FORCE_INCREMENT]: select persistedf0_.Name as Name21_0_, persistedf0_.FeedID as FeedID21_0_ from Feeds persistedf0_ where persistedf0_.Name=?
2025-09-02 14:29:58.153 [main] DEBUG org.hibernate.loader.Loader - Static select for action ACTION_MERGE on entity org.atomhopper.adapter.jpa.PersistedFeed: select persistedf0_.Name as Name21_0_, persistedf0_.FeedID as FeedID21_0_ from Feeds persistedf0_ where persistedf0_.Name=?
2025-09-02 14:29:58.153 [main] DEBUG org.hibernate.loader.Loader - Static select for action ACTION_REFRESH on entity org.atomhopper.adapter.jpa.PersistedFeed: select persistedf0_.Name as Name21_0_, persistedf0_.FeedID as FeedID21_0_ from Feeds persistedf0_ where persistedf0_.Name=?
2025-09-02 14:29:58.153 [main] DEBUG o.h.l.c.BasicCollectionLoader - Static select for collection org.atomhopper.adapter.jpa.PersistedCategory.feedEntries: select feedentrie0_.category as category23_1_, feedentrie0_.entryId as entryId1_, persistede1_.EntryID as EntryID22_0_, persistede1_.CreationDate as Creation2_22_0_, persistede1_.DateLastUpdated as DateLast3_22_0_, persistede1_.EntryBody as EntryBody22_0_, persistede1_.Feed as Feed22_0_ from CategoryEntryReferences feedentrie0_ inner join Entries persistede1_ on feedentrie0_.entryId=persistede1_.EntryID where feedentrie0_.category=?
2025-09-02 14:29:58.153 [main] DEBUG o.h.l.c.BasicCollectionLoader - Static select for collection org.atomhopper.adapter.jpa.PersistedEntry.categories: select categories0_.entryId as entryId22_1_, categories0_.category as category1_, persistedc1_.Term as Term23_0_ from CategoryEntryReferences categories0_ inner join Categories persistedc1_ on categories0_.category=persistedc1_.Term where categories0_.entryId=?
2025-09-02 14:29:58.153 [main] DEBUG o.h.l.collection.OneToManyLoader - Static select for one-to-many org.atomhopper.adapter.jpa.PersistedFeed.entries: select entries0_.Feed as Feed21_1_, entries0_.EntryID as EntryID1_, entries0_.EntryID as EntryID22_0_, entries0_.CreationDate as Creation2_22_0_, entries0_.DateLastUpdated as DateLast3_22_0_, entries0_.EntryBody as EntryBody22_0_, entries0_.Feed as Feed22_0_ from Entries entries0_ where entries0_.Feed=?
2025-09-02 14:29:58.153 [main] DEBUG o.h.internal.SessionFactoryRegistry - Registering SessionFactory: 0879371f-67da-4c37-928d-162fb11b8dfb (<unnamed>)
2025-09-02 14:29:58.153 [main] DEBUG o.h.internal.SessionFactoryRegistry - Not binding SessionFactory to JNDI, no JNDI name configured
2025-09-02 14:29:58.153 [main] DEBUG o.h.internal.SessionFactoryImpl - Instantiated session factory
2025-09-02 14:29:58.153 [main] INFO  o.h.tool.hbm2ddl.SchemaUpdate - HHH000228: Running hbm2ddl schema update
2025-09-02 14:29:58.153 [main] INFO  o.h.tool.hbm2ddl.SchemaUpdate - HHH000102: Fetching database metadata
2025-09-02 14:29:58.153 [main] ERROR o.h.tool.hbm2ddl.SchemaUpdate - HHH000299: Could not complete schema update
java.lang.UnsupportedOperationException: The application must supply JDBC connections
	at org.hibernate.service.jdbc.connections.internal.UserSuppliedConnectionProviderImpl.getConnection(UserSuppliedConnectionProviderImpl.java:62)
	at org.hibernate.tool.hbm2ddl.SuppliedConnectionProviderConnectionHelper.prepare(SuppliedConnectionProviderConnectionHelper.java:51)
	at org.hibernate.tool.hbm2ddl.SchemaUpdate.execute(SchemaUpdate.java:194)
	at org.hibernate.tool.hbm2ddl.SchemaUpdate.execute(SchemaUpdate.java:178)
	at org.hibernate.internal.SessionFactoryImpl.<init>(SessionFactoryImpl.java:497)
	at org.hibernate.cfg.Configuration.buildSessionFactory(Configuration.java:1744)
	at org.hibernate.cfg.Configuration.buildSessionFactory(Configuration.java:1782)
	at org.atomhopper.hibernate.HibernateSessionManager.buildSessionFactory(HibernateSessionManager.java:29)
	at org.atomhopper.hibernate.HibernateSessionManager.<init>(HibernateSessionManager.java:16)
	at org.atomhopper.hibernate.HibernateFeedRepository.<init>(HibernateFeedRepository.java:36)
	at org.atomhopper.hibernate.HibernateFeedRepositoryTest$WhenPerformingComplexAction.setup(HibernateFeedRepositoryTest.java:83)
	at sun.reflect.NativeMethodAccessorImpl.invoke0(Native Method)
	at sun.reflect.NativeMethodAccessorImpl.invoke(NativeMethodAccessorImpl.java:62)
	at sun.reflect.DelegatingMethodAccessorImpl.invoke(DelegatingMethodAccessorImpl.java:43)
	at java.lang.reflect.Method.invoke(Method.java:498)
	at org.junit.runners.model.FrameworkMethod$1.runReflectiveCall(FrameworkMethod.java:59)
	at org.junit.internal.runners.model.ReflectiveCallable.run(ReflectiveCallable.java:12)
	at org.junit.runners.model.FrameworkMethod.invokeExplosively(FrameworkMethod.java:56)
	at org.junit.internal.runners.statements.RunBefores.invokeMethod(RunBefores.java:33)
	at org.junit.internal.runners.statements.RunBefores.evaluate(RunBefores.java:24)
	at org.junit.runners.ParentRunner$3.evaluate(ParentRunner.java:306)
	at org.junit.runners.BlockJUnit4ClassRunner$1.evaluate(BlockJUnit4ClassRunner.java:100)
	at org.junit.runners.ParentRunner.runLeaf(ParentRunner.java:366)
	at org.junit.runners.BlockJUnit4ClassRunner.runChild(BlockJUnit4ClassRunner.java:103)
	at org.junit.runners.BlockJUnit4ClassRunner.runChild(BlockJUnit4ClassRunner.java:63)
	at org.junit.runners.ParentRunner$4.run(ParentRunner.java:331)
	at org.junit.runners.ParentRunner$1.schedule(ParentRunner.java:79)
	at org.junit.runners.ParentRunner.runChildren(ParentRunner.java:329)
	at org.junit.runners.ParentRunner.access$100(ParentRunner.java:66)
	at org.junit.runners.ParentRunner$2.evaluate(ParentRunner.java:293)
	at org.junit.runners.ParentRunner$3.evaluate(ParentRunner.java:306)
	at org.junit.runners.ParentRunner.run(ParentRunner.java:413)
	at org.junit.runners.Suite.runChild(Suite.java:128)
	at org.junit.runners.Suite.runChild(Suite.java:27)
	at org.junit.runners.ParentRunner$4.run(ParentRunner.java:331)
	at org.junit.runners.ParentRunner$1.schedule(ParentRunner.java:79)
	at org.junit.runners.ParentRunner.runChildren(ParentRunner.java:329)
	at org.junit.runners.ParentRunner.access$100(ParentRunner.java:66)
	at org.junit.runners.ParentRunner$2.evaluate(ParentRunner.java:293)
	at org.junit.runners.ParentRunner$3.evaluate(ParentRunner.java:306)
	at org.junit.runners.ParentRunner.run(ParentRunner.java:413)
	at org.apache.maven.surefire.junit4.JUnit4TestSet.execute(JUnit4TestSet.java:35)
	at org.apache.maven.surefire.junit4.JUnit4Provider.executeTestSet(JUnit4Provider.java:115)
	at org.apache.maven.surefire.junit4.JUnit4Provider.invoke(JUnit4Provider.java:97)
	at sun.reflect.NativeMethodAccessorImpl.invoke0(Native Method)
	at sun.reflect.NativeMethodAccessorImpl.invoke(NativeMethodAccessorImpl.java:62)
	at sun.reflect.DelegatingMethodAccessorImpl.invoke(DelegatingMethodAccessorImpl.java:43)
	at java.lang.reflect.Method.invoke(Method.java:498)
	at org.apache.maven.surefire.booter.ProviderFactory$ClassLoaderProxy.invoke(ProviderFactory.java:103)
	at com.sun.proxy.$Proxy0.invoke(Unknown Source)
	at org.apache.maven.surefire.booter.SurefireStarter.invokeProvider(SurefireStarter.java:150)
	at org.apache.maven.surefire.booter.SurefireStarter.runSuitesInProcess(SurefireStarter.java:91)
	at org.apache.maven.surefire.booter.ForkedBooter.main(ForkedBooter.java:69)
2025-09-02 14:29:58.153 [main] DEBUG o.h.internal.SessionFactoryImpl - Checking 0 named HQL queries
2025-09-02 14:29:58.153 [main] DEBUG o.h.internal.SessionFactoryImpl - Checking 0 named SQL queries
2025-09-02 14:29:58.153 [main] DEBUG o.h.s.internal.StatisticsInitiator - Statistics initialized [enabled=false]
2025-09-02 14:29:58.193 [main] DEBUG o.a.h.HibernateFeedRepository - ~!$: Complex Action Session begin: 1756803598193
2025-09-02 14:29:58.194 [main] DEBUG org.hibernate.internal.SessionImpl - Opened session at timestamp: 17568035981
2025-09-02 14:29:58.194 [main] DEBUG o.h.e.t.spi.AbstractTransactionImpl - begin
2025-09-02 14:29:58.194 [main] DEBUG o.h.e.j.i.LogicalConnectionImpl - Obtaining JDBC connection
2025-09-02 14:29:58.196 [main] DEBUG o.a.h.HibernateFeedRepository - ~!$: Closing session. Elapsed time: 3
2025-09-02 14:29:58.196 [main] DEBUG org.hibernate.type.BasicTypeRegistry - Adding type registration boolean -> org.hibernate.type.BooleanType@2a40cd94
2025-09-02 14:29:58.196 [main] DEBUG org.hibernate.type.BasicTypeRegistry - Adding type registration boolean -> org.hibernate.type.BooleanType@2a40cd94
2025-09-02 14:29:58.196 [main] DEBUG org.hibernate.type.BasicTypeRegistry - Adding type registration java.lang.Boolean -> org.hibernate.type.BooleanType@2a40cd94
2025-09-02 14:29:58.196 [main] DEBUG org.hibernate.type.BasicTypeRegistry - Adding type registration numeric_boolean -> org.hibernate.type.NumericBooleanType@70a9f84e
2025-09-02 14:29:58.196 [main] DEBUG org.hibernate.type.BasicTypeRegistry - Adding type registration true_false -> org.hibernate.type.TrueFalseType@276438c9
2025-09-02 14:29:58.196 [main] DEBUG org.hibernate.type.BasicTypeRegistry - Adding type registration yes_no -> org.hibernate.type.YesNoType@77a57272
2025-09-02 14:29:58.196 [main] DEBUG org.hibernate.type.BasicTypeRegistry - Adding type registration byte -> org.hibernate.type.ByteType@1efee8e7
2025-09-02 14:29:58.196 [main] DEBUG org.hibernate.type.BasicTypeRegistry - Adding type registration byte -> org.hibernate.type.ByteType@1efee8e7
2025-09-02 14:29:58.196 [main] DEBUG org.hibernate.type.BasicTypeRegistry - Adding type registration java.lang.Byte -> org.hibernate.type.ByteType@1efee8e7
2025-09-02 14:29:58.196 [main] DEBUG org.hibernate.type.BasicTypeRegistry - Adding type registration character -> org.hibernate.type.CharacterType@32cf48b7
2025-09-02 14:29:58.196 [main] DEBUG org.hibernate.type.BasicTypeRegistry - Adding type registration char -> org.hibernate.type.CharacterType@32cf48b7
2025-09-02 14:29:58.196 [main] DEBUG org.hibernate.type.BasicTypeRegistry - Adding type registration java.lang.Character -> org.hibernate.type.CharacterType@32cf48b7
2025-09-02 14:29:58.196 [main] DEBUG org.hibernate.type.BasicTypeRegistry - Adding type registration short -> org.hibernate.type.ShortType@290dbf45
2025-09-02 14:29:58.196 [main] DEBUG org.hibernate.type.BasicTypeRegistry - Adding type registration short -> org.hibernate.type.ShortType@290dbf45
2025-09-02 14:29:58.196 [main] DEBUG org.hibernate.type.BasicTypeRegistry - Adding type registration java.lang.Short -> org.hibernate.type.ShortType@290dbf45
2025-09-02 14:29:58.196 [main] DEBUG org.hibernate.type.BasicTypeRegistry - Adding type registration integer -> org.hibernate.type.IntegerType@70beb599
2025-09-02 14:29:58.196 [main] DEBUG org.hibernate.type.BasicTypeRegistry - Adding type registration int -> org.hibernate.type.IntegerType@70beb599
2025-09-02 14:29:58.196 [main] DEBUG org.hibernate.type.BasicTypeRegistry - Adding type registration java.lang.Integer -> org.hibernate.type.IntegerType@70beb599
2025-09-02 14:29:58.196 [main] DEBUG org.hibernate.type.BasicTypeRegistry - Adding type registration long -> org.hibernate.type.LongType@282003e1
2025-09-02 14:29:58.196 [main] DEBUG org.hibernate.type.BasicTypeRegistry - Adding type registration long -> org.hibernate.type.LongType@282003e1
2025-09-02 14:29:58.196 [main] DEBUG org.hibernate.type.BasicTypeRegistry - Adding type registration java.lang.Long -> org.hibernate.type.LongType@282003e1
2025-09-02 14:29:58.196 [main] DEBUG org.hibernate.type.BasicTypeRegistry - Adding type registration float -> org.hibernate.type.FloatType@1dd02175
2025-09-02 14:29:58.196 [main] DEBUG org.hibernate.type.BasicTypeRegistry - Adding type registration float -> org.hibernate.type.FloatType@1dd02175
2025-09-02 14:29:58.196 [main] DEBUG org.hibernate.type.BasicTypeRegistry - Adding type registration java.lang.Float -> org.hibernate.type.FloatType@1dd02175
2025-09-02 14:29:58.196 [main] DEBUG org.hibernate.type.BasicTypeRegistry - Adding type registration double -> org.hibernate.type.DoubleType@4ba2ca36
2025-09-02 14:29:58.196 [main] DEBUG org.hibernate.type.BasicTypeRegistry - Adding type registration double -> org.hibernate.type.DoubleType@4ba2ca36
2025-09-02 14:29:58.196 [main] DEBUG org.hibernate.type.BasicTypeRegistry - Adding type registration java.lang.Double -> org.hibernate.type.DoubleType@4ba2ca36
2025-09-02 14:29:58.196 [main] DEBUG org.hibernate.type.BasicTypeRegistry - Adding type registration big_decimal -> org.hibernate.type.BigDecimalType@1445d7f
2025-09-02 14:29:58.196 [main] DEBUG org.hibernate.type.BasicTypeRegistry - Adding type registration java.math.BigDecimal -> org.hibernate.type.BigDecimalType@1445d7f
2025-09-02 14:29:58.196 [main] DEBUG org.hibernate.type.BasicTypeRegistry - Adding type registration big_integer -> org.hibernate.type.BigIntegerType@10b48321
2025-09-02 14:29:58.196 [main] DEBUG org.hibernate.type.BasicTypeRegistry - Adding type registration java.math.BigInteger -> org.hibernate.type.BigIntegerType@10b48321
2025-09-02 14:29:58.196 [main] DEBUG org.hibernate.type.BasicTypeRegistry - Adding type registration string -> org.hibernate.type.StringType@442675e1
2025-09-02 14:29:58.196 [main] DEBUG org.hibernate.type.BasicTypeRegistry - Adding type registration java.lang.String -> org.hibernate.type.StringType@442675e1
2025-09-02 14:29:58.196 [main] DEBUG org.hibernate.type.BasicTypeRegistry - Adding type registration url -> org.hibernate.type.UrlType@3d3fcdb0
2025-09-02 14:29:58.196 [main] DEBUG org.hibernate.type.BasicTypeRegistry - Adding type registration java.net.URL -> org.hibernate.type.UrlType@3d3fcdb0
2025-09-02 14:29:58.196 [main] DEBUG org.hibernate.type.BasicTypeRegistry - Adding type registration date -> org.hibernate.type.DateType@59717824
2025-09-02 14:29:58.196 [main] DEBUG org.hibernate.type.BasicTypeRegistry - Adding type registration java.sql.Date -> org.hibernate.type.DateType@59717824
2025-09-02 14:29:58.196 [main] DEBUG org.hibernate.type.BasicTypeRegistry - Adding type registration time -> org.hibernate.type.TimeType@646be2c3
2025-09-02 14:29:58.196 [main] DEBUG org.hibernate.type.BasicTypeRegistry - Adding type registration java.sql.Time -> org.hibernate.type.TimeType@646be2c3
2025-09-02 14:29:58.196 [main] DEBUG org.hibernate.type.BasicTypeRegistry - Adding type registration timestamp -> org.hibernate.type.TimestampType@78a2da20
2025-09-02 14:29:58.196 [main] DEBUG org.hibernate.type.BasicTypeRegistry - Adding type registration java.sql.Timestamp -> org.hibernate.type.TimestampType@78a2da20
2025-09-02 14:29:58.196 [main] DEBUG org.hibernate.type.BasicTypeRegistry - Adding type registration java.util.Date -> org.hibernate.type.TimestampType@78a2da20
2025-09-02 14:29:58.196 [main] DEBUG org.hibernate.type.BasicTypeRegistry - Adding type registration dbtimestamp -> org.hibernate.type.DbTimestampType@58fdd99
2025-09-02 14:29:58.196 [main] DEBUG org.hibernate.type.BasicTypeRegistry - Adding type registration calendar -> org.hibernate.type.CalendarType@7364985f
2025-09-02 14:29:58.196 [main] DEBUG org.hibernate.type.BasicTypeRegistry - Adding type registration java.util.Calendar -> org.hibernate.type.CalendarType@7364985f
2025-09-02 14:29:58.196 [main] DEBUG org.hibernate.type.BasicTypeRegistry - Adding type registration java.util.GregorianCalendar -> org.hibernate.type.CalendarType@7364985f
2025-09-02 14:29:58.196 [main] DEBUG org.hibernate.type.BasicTypeRegistry - Adding type registration calendar_date -> org.hibernate.type.CalendarDateType@3d36e4cd
2025-09-02 14:29:58.196 [main] DEBUG org.hibernate.type.BasicTypeRegistry - Adding type registration locale -> org.hibernate.type.LocaleType@b7f23d9
2025-09-02 14:29:58.196 [main] DEBUG org.hibernate.type.BasicTypeRegistry - Adding type registration java.util.Locale -> org.hibernate.type.LocaleType@b7f23d9
2025-09-02 14:29:58.196 [main] DEBUG org.hibernate.type.BasicTypeRegistry - Adding type registration currency -> org.hibernate.type.CurrencyType@f0f2775
2025-09-02 14:29:58.196 [main] DEBUG org.hibernate.type.BasicTypeRegistry - Adding type registration java.util.Currency -> org.hibernate.type.CurrencyType@f0f2775
2025-09-02 14:29:58.196 [main] DEBUG org.hibernate.type.BasicTypeRegistry - Adding type registration timezone -> org.hibernate.type.TimeZoneType@4d49af10
2025-09-02 14:29:58.196 [main] DEBUG org.hibernate.type.BasicTypeRegistry - Adding type registration java.util.TimeZone -> org.hibernate.type.TimeZoneType@4d49af10
2025-09-02 14:29:58.196 [main] DEBUG org.hibernate.type.BasicTypeRegistry - Adding type registration class -> org.hibernate.type.ClassType@351d0846
2025-09-02 14:29:58.196 [main] DEBUG org.hibernate.type.BasicTypeRegistry - Adding type registration java.lang.Class -> org.hibernate.type.ClassType@351d0846
2025-09-02 14:29:58.196 [main] DEBUG org.hibernate.type.BasicTypeRegistry - Adding type registration uuid-binary -> org.hibernate.type.UUIDBinaryType@64d2d351
2025-09-02 14:29:58.196 [main] DEBUG org.hibernate.type.BasicTypeRegistry - Adding type registration java.util.UUID -> org.hibernate.type.UUIDBinaryType@64d2d351
2025-09-02 14:29:58.196 [main] DEBUG org.hibernate.type.BasicTypeRegistry - Adding type registration uuid-char -> org.hibernate.type.UUIDCharType@3b2c72c2
2025-09-02 14:29:58.196 [main] DEBUG org.hibernate.type.BasicTypeRegistry - Adding type registration pg-uuid -> org.hibernate.type.PostgresUUIDType@2b4a2ec7
2025-09-02 14:29:58.196 [main] DEBUG org.hibernate.type.BasicTypeRegistry - Adding type registration binary -> org.hibernate.type.BinaryType@c8e4bb0
2025-09-02 14:29:58.196 [main] DEBUG org.hibernate.type.BasicTypeRegistry - Adding type registration byte[] -> org.hibernate.type.BinaryType@c8e4bb0
2025-09-02 14:29:58.197 [main] DEBUG org.hibernate.type.BasicTypeRegistry - Adding type registration [B -> org.hibernate.type.BinaryType@c8e4bb0
2025-09-02 14:29:58.197 [main] DEBUG org.hibernate.type.BasicTypeRegistry - Adding type registration wrapper-binary -> org.hibernate.type.WrapperBinaryType@7bb58ca3
2025-09-02 14:29:58.197 [main] DEBUG org.hibernate.type.BasicTypeRegistry - Adding type registration Byte[] -> org.hibernate.type.WrapperBinaryType@7bb58ca3
2025-09-02 14:29:58.197 [main] DEBUG org.hibernate.type.BasicTypeRegistry - Adding type registration [Ljava.lang.Byte; -> org.hibernate.type.WrapperBinaryType@7bb58ca3
2025-09-02 14:29:58.197 [main] DEBUG org.hibernate.type.BasicTypeRegistry - Adding type registration image -> org.hibernate.type.ImageType@61009542
2025-09-02 14:29:58.197 [main] DEBUG org.hibernate.type.BasicTypeRegistry - Adding type registration characters -> org.hibernate.type.CharArrayType@44a664f2
2025-09-02 14:29:58.197 [main] DEBUG org.hibernate.type.BasicTypeRegistry - Adding type registration char[] -> org.hibernate.type.CharArrayType@44a664f2
2025-09-02 14:29:58.197 [main] DEBUG org.hibernate.type.BasicTypeRegistry - Adding type registration [C -> org.hibernate.type.CharArrayType@44a664f2
2025-09-02 14:29:58.197 [main] DEBUG org.hibernate.type.BasicTypeRegistry - Adding type registration wrapper-characters -> org.hibernate.type.CharacterArrayType@15bb6bea
2025-09-02 14:29:58.197 [main] DEBUG org.hibernate.type.BasicTypeRegistry - Adding type registration [Ljava.lang.Character; -> org.hibernate.type.CharacterArrayType@15bb6bea
2025-09-02 14:29:58.197 [main] DEBUG org.hibernate.type.BasicTypeRegistry - Adding type registration Character[] -> org.hibernate.type.CharacterArrayType@15bb6bea
2025-09-02 14:29:58.197 [main] DEBUG org.hibernate.type.BasicTypeRegistry - Adding type registration text -> org.hibernate.type.TextType@41ee392b
2025-09-02 14:29:58.197 [main] DEBUG org.hibernate.type.BasicTypeRegistry - Adding type registration blob -> org.hibernate.type.BlobType@52e677af
2025-09-02 14:29:58.197 [main] DEBUG org.hibernate.type.BasicTypeRegistry - Adding type registration java.sql.Blob -> org.hibernate.type.BlobType@52e677af
2025-09-02 14:29:58.197 [main] DEBUG org.hibernate.type.BasicTypeRegistry - Adding type registration materialized_blob -> org.hibernate.type.MaterializedBlobType@341b80b2
2025-09-02 14:29:58.197 [main] DEBUG org.hibernate.type.BasicTypeRegistry - Adding type registration clob -> org.hibernate.type.ClobType@2c34f934
2025-09-02 14:29:58.197 [main] DEBUG org.hibernate.type.BasicTypeRegistry - Adding type registration java.sql.Clob -> org.hibernate.type.ClobType@2c34f934
2025-09-02 14:29:58.197 [main] DEBUG org.hibernate.type.BasicTypeRegistry - Adding type registration materialized_clob -> org.hibernate.type.MaterializedClobType@25a65b77
2025-09-02 14:29:58.197 [main] DEBUG org.hibernate.type.BasicTypeRegistry - Adding type registration serializable -> org.hibernate.type.SerializableType@2aece37d
2025-09-02 14:29:58.197 [main] DEBUG org.hibernate.type.BasicTypeRegistry - Adding type registration object -> org.hibernate.type.ObjectType@2d9d4f9d
2025-09-02 14:29:58.197 [main] DEBUG org.hibernate.type.BasicTypeRegistry - Adding type registration java.lang.Object -> org.hibernate.type.ObjectType@2d9d4f9d
2025-09-02 14:29:58.197 [main] DEBUG org.hibernate.type.BasicTypeRegistry - Adding type registration imm_date -> org.hibernate.type.AdaptedImmutableType@314b8f2d
2025-09-02 14:29:58.197 [main] DEBUG org.hibernate.type.BasicTypeRegistry - Adding type registration imm_time -> org.hibernate.type.AdaptedImmutableType@664a9613
2025-09-02 14:29:58.197 [main] DEBUG org.hibernate.type.BasicTypeRegistry - Adding type registration imm_timestamp -> org.hibernate.type.AdaptedImmutableType@5118388b
2025-09-02 14:29:58.197 [main] DEBUG org.hibernate.type.BasicTypeRegistry - Adding type registration imm_dbtimestamp -> org.hibernate.type.AdaptedImmutableType@15a902e7
2025-09-02 14:29:58.197 [main] DEBUG org.hibernate.type.BasicTypeRegistry - Adding type registration imm_calendar -> org.hibernate.type.AdaptedImmutableType@7876d598
2025-09-02 14:29:58.197 [main] DEBUG org.hibernate.type.BasicTypeRegistry - Adding type registration imm_calendar_date -> org.hibernate.type.AdaptedImmutableType@4a3e3e8b
2025-09-02 14:29:58.197 [main] DEBUG org.hibernate.type.BasicTypeRegistry - Adding type registration imm_binary -> org.hibernate.type.AdaptedImmutableType@5af28b27
2025-09-02 14:29:58.197 [main] DEBUG org.hibernate.type.BasicTypeRegistry - Adding type registration imm_serializable -> org.hibernate.type.AdaptedImmutableType@71104a4
2025-09-02 14:29:58.197 [main] DEBUG o.h.i.f.i.DefaultIdentifierGeneratorFactory - Registering IdentifierGenerator strategy [uuid2] -> [org.hibernate.id.UUIDGenerator]
2025-09-02 14:29:58.197 [main] DEBUG o.h.i.f.i.DefaultIdentifierGeneratorFactory - Registering IdentifierGenerator strategy [guid] -> [org.hibernate.id.GUIDGenerator]
2025-09-02 14:29:58.197 [main] DEBUG o.h.i.f.i.DefaultIdentifierGeneratorFactory - Registering IdentifierGenerator strategy [uuid] -> [org.hibernate.id.UUIDHexGenerator]
2025-09-02 14:29:58.197 [main] DEBUG o.h.i.f.i.DefaultIdentifierGeneratorFactory - Registering IdentifierGenerator strategy [uuid.hex] -> [org.hibernate.id.UUIDHexGenerator]
2025-09-02 14:29:58.197 [main] DEBUG o.h.i.f.i.DefaultIdentifierGeneratorFactory - Registering IdentifierGenerator strategy [hilo] -> [org.hibernate.id.TableHiLoGenerator]
2025-09-02 14:29:58.197 [main] DEBUG o.h.i.f.i.DefaultIdentifierGeneratorFactory - Registering IdentifierGenerator strategy [assigned] -> [org.hibernate.id.Assigned]
2025-09-02 14:29:58.197 [main] DEBUG o.h.i.f.i.DefaultIdentifierGeneratorFactory - Registering IdentifierGenerator strategy [identity] -> [org.hibernate.id.IdentityGenerator]
2025-09-02 14:29:58.197 [main] DEBUG o.h.i.f.i.DefaultIdentifierGeneratorFactory - Registering IdentifierGenerator strategy [select] -> [org.hibernate.id.SelectGenerator]
2025-09-02 14:29:58.197 [main] DEBUG o.h.i.f.i.DefaultIdentifierGeneratorFactory - Registering IdentifierGenerator strategy [sequence] -> [org.hibernate.id.SequenceGenerator]
2025-09-02 14:29:58.197 [main] DEBUG o.h.i.f.i.DefaultIdentifierGeneratorFactory - Registering IdentifierGenerator strategy [seqhilo] -> [org.hibernate.id.SequenceHiLoGenerator]
2025-09-02 14:29:58.197 [main] DEBUG o.h.i.f.i.DefaultIdentifierGeneratorFactory - Registering IdentifierGenerator strategy [increment] -> [org.hibernate.id.IncrementGenerator]
2025-09-02 14:29:58.197 [main] DEBUG o.h.i.f.i.DefaultIdentifierGeneratorFactory - Registering IdentifierGenerator strategy [foreign] -> [org.hibernate.id.ForeignGenerator]
2025-09-02 14:29:58.197 [main] DEBUG o.h.i.f.i.DefaultIdentifierGeneratorFactory - Registering IdentifierGenerator strategy [sequence-identity] -> [org.hibernate.id.SequenceIdentityGenerator]
2025-09-02 14:29:58.197 [main] DEBUG o.h.i.f.i.DefaultIdentifierGeneratorFactory - Registering IdentifierGenerator strategy [enhanced-sequence] -> [org.hibernate.id.enhanced.SequenceStyleGenerator]
2025-09-02 14:29:58.197 [main] DEBUG o.h.i.f.i.DefaultIdentifierGeneratorFactory - Registering IdentifierGenerator strategy [enhanced-table] -> [org.hibernate.id.enhanced.TableGenerator]
2025-09-02 14:29:58.197 [main] DEBUG o.h.i.internal.IntegratorServiceImpl - Adding Integrator [org.hibernate.cfg.beanvalidation.BeanValidationIntegrator].
2025-09-02 14:29:58.197 [main] DEBUG org.hibernate.cfg.Configuration - Preparing to build session factory with filters : {}
2025-09-02 14:29:58.197 [main] DEBUG org.hibernate.cfg.Configuration - Processing hbm.xml files
2025-09-02 14:29:58.197 [main] DEBUG org.hibernate.cfg.Configuration - Process annotated classes
2025-09-02 14:29:58.197 [main] DEBUG org.hibernate.cfg.AnnotationBinder - Binding entity from annotated class: org.atomhopper.adapter.jpa.PersistedFeed
2025-09-02 14:29:58.197 [main] DEBUG org.hibernate.cfg.Ejb3Column - Binding column: Ejb3DiscriminatorColumn{logicalColumnName'DTYPE', discriminatorTypeName='string'}
2025-09-02 14:29:58.197 [main] DEBUG org.hibernate.cfg.AnnotationBinder - No value specified for 'javax.persistence.sharedCache.mode'; using UNSPECIFIED
2025-09-02 14:29:58.197 [main] DEBUG o.h.cfg.annotations.EntityBinder - Import with entity name PersistedFeed
2025-09-02 14:29:58.197 [main] DEBUG o.h.cfg.annotations.EntityBinder - Bind entity org.atomhopper.adapter.jpa.PersistedFeed on table Feeds
2025-09-02 14:29:58.198 [main] DEBUG org.hibernate.cfg.Ejb3Column - Binding column: Ejb3Column{table=org.hibernate.mapping.Table(Feeds), mappingColumn=Name, insertable=true, updatable=true, unique=false}
2025-09-02 14:29:58.198 [main] DEBUG o.h.cfg.annotations.PropertyBinder - MetadataSourceProcessor property name with lazy=false
2025-09-02 14:29:58.198 [main] DEBUG o.h.c.annotations.SimpleValueBinder - building SimpleValue for name
2025-09-02 14:29:58.198 [main] DEBUG o.h.cfg.annotations.PropertyBinder - Building property name
2025-09-02 14:29:58.198 [main] DEBUG org.hibernate.cfg.Ejb3Column - Binding column: Ejb3JoinColumn{logicalColumnName='null', referencedColumn='null', mappedBy='feed'}
2025-09-02 14:29:58.198 [main] DEBUG org.hibernate.cfg.Ejb3Column - Binding column: Ejb3Column{table=org.hibernate.mapping.Table(Feeds), mappingColumn=entries, insertable=true, updatable=true, unique=false}
2025-09-02 14:29:58.198 [main] DEBUG org.hibernate.cfg.Ejb3Column - Binding column: Ejb3Column{table=org.hibernate.mapping.Table(Feeds), mappingColumn=null, insertable=true, updatable=true, unique=false}
2025-09-02 14:29:58.198 [main] DEBUG org.hibernate.cfg.Ejb3Column - Binding column: Ejb3Column{table=org.hibernate.mapping.Table(Feeds), mappingColumn=element, insertable=true, updatable=true, unique=false}
2025-09-02 14:29:58.198 [main] DEBUG org.hibernate.cfg.Ejb3Column - Binding column: Ejb3Column{table=org.hibernate.mapping.Table(Feeds), mappingColumn=entries_KEY, insertable=true, updatable=true, unique=false}
2025-09-02 14:29:58.198 [main] DEBUG org.hibernate.cfg.Ejb3Column - Binding column: Ejb3JoinColumn{logicalColumnName='entries_KEY', referencedColumn='null', mappedBy='null'}
2025-09-02 14:29:58.198 [main] DEBUG org.hibernate.cfg.Ejb3Column - Binding column: Ejb3JoinColumn{logicalColumnName='null', referencedColumn='null', mappedBy='feed'}
2025-09-02 14:29:58.198 [main] DEBUG org.hibernate.cfg.Ejb3Column - Binding column: Ejb3JoinColumn{logicalColumnName='null', referencedColumn='null', mappedBy='feed'}
2025-09-02 14:29:58.198 [main] DEBUG o.h.cfg.annotations.CollectionBinder - Collection role: org.atomhopper.adapter.jpa.PersistedFeed.entries
2025-09-02 14:29:58.198 [main] DEBUG o.h.cfg.annotations.PropertyBinder - Building property entries
2025-09-02 14:29:58.198 [main] DEBUG org.hibernate.cfg.Ejb3Column - Binding column: Ejb3Column{table=org.hibernate.mapping.Table(Feeds), mappingColumn=FeedID, insertable=true, updatable=true, unique=false}
2025-09-02 14:29:58.198 [main] DEBUG o.h.cfg.annotations.PropertyBinder - MetadataSourceProcessor property feedId with lazy=false
2025-09-02 14:29:58.198 [main] DEBUG o.h.c.annotations.SimpleValueBinder - building SimpleValue for feedId
2025-09-02 14:29:58.198 [main] DEBUG o.h.cfg.annotations.PropertyBinder - Building property feedId
2025-09-02 14:29:58.198 [main] DEBUG org.hibernate.cfg.AnnotationBinder - Binding entity from annotated class: org.atomhopper.adapter.jpa.PersistedEntry
2025-09-02 14:29:58.198 [main] DEBUG org.hibernate.cfg.Ejb3Column - Binding column: Ejb3DiscriminatorColumn{logicalColumnName'DTYPE', discriminatorTypeName='string'}
2025-09-02 14:29:58.198 [main] DEBUG org.hibernate.cfg.AnnotationBinder - No value specified for 'javax.persistence.sharedCache.mode'; using UNSPECIFIED
2025-09-02 14:29:58.198 [main] DEBUG o.h.cfg.annotations.EntityBinder - Import with entity name PersistedEntry
2025-09-02 14:29:58.198 [main] DEBUG o.h.cfg.annotations.EntityBinder - Bind entity org.atomhopper.adapter.jpa.PersistedEntry on table Entries
2025-09-02 14:29:58.199 [main] DEBUG org.hibernate.cfg.Ejb3Column - Binding column: Ejb3Column{table=org.hibernate.mapping.Table(Entries), mappingColumn=EntryID, insertable=true, updatable=true, unique=false}
2025-09-02 14:29:58.199 [main] DEBUG o.h.cfg.annotations.PropertyBinder - MetadataSourceProcessor property entryId with lazy=false
2025-09-02 14:29:58.199 [main] DEBUG o.h.c.annotations.SimpleValueBinder - building SimpleValue for entryId
2025-09-02 14:29:58.199 [main] DEBUG o.h.cfg.annotations.PropertyBinder - Building property entryId
2025-09-02 14:29:58.199 [main] DEBUG org.hibernate.cfg.Ejb3Column - Binding column: Ejb3Column{table=org.hibernate.mapping.Table(Entries), mappingColumn=null, insertable=true, updatable=true, unique=false}
2025-09-02 14:29:58.199 [main] DEBUG org.hibernate.cfg.Ejb3Column - Binding column: Ejb3Column{table=org.hibernate.mapping.Table(Entries), mappingColumn=element, insertable=true, updatable=true, unique=false}
2025-09-02 14:29:58.199 [main] DEBUG org.hibernate.cfg.Ejb3Column - Binding column: Ejb3Column{table=org.hibernate.mapping.Table(Entries), mappingColumn=categories_KEY, insertable=true, updatable=true, unique=false}
2025-09-02 14:29:58.199 [main] DEBUG org.hibernate.cfg.Ejb3Column - Binding column: Ejb3JoinColumn{logicalColumnName='categories_KEY', referencedColumn='null', mappedBy='null'}
2025-09-02 14:29:58.199 [main] DEBUG org.hibernate.cfg.Ejb3Column - Binding column: Ejb3JoinColumn{logicalColumnName='entryId', referencedColumn='EntryID', mappedBy=''}
2025-09-02 14:29:58.199 [main] DEBUG org.hibernate.cfg.Ejb3Column - Binding column: Ejb3JoinColumn{logicalColumnName='category', referencedColumn='Term', mappedBy=''}
2025-09-02 14:29:58.199 [main] DEBUG o.h.cfg.annotations.CollectionBinder - Collection role: org.atomhopper.adapter.jpa.PersistedEntry.categories
2025-09-02 14:29:58.199 [main] DEBUG o.h.cfg.annotations.PropertyBinder - Building property categories
2025-09-02 14:29:58.199 [main] DEBUG org.hibernate.cfg.Ejb3Column - Binding column: Ejb3Column{table=org.hibernate.mapping.Table(Entries), mappingColumn=CreationDate, insertable=true, updatable=true, unique=false}
2025-09-02 14:29:58.199 [main] DEBUG o.h.cfg.annotations.PropertyBinder - MetadataSourceProcessor property creationDate with lazy=false
2025-09-02 14:29:58.199 [main] DEBUG o.h.c.annotations.SimpleValueBinder - building SimpleValue for creationDate
2025-09-02 14:29:58.199 [main] DEBUG o.h.cfg.annotations.PropertyBinder - Building property creationDate
2025-09-02 14:29:58.199 [main] DEBUG org.hibernate.cfg.Ejb3Column - Binding column: Ejb3Column{table=org.hibernate.mapping.Table(Entries), mappingColumn=DateLastUpdated, insertable=true, updatable=true, unique=false}
2025-09-02 14:29:58.199 [main] DEBUG o.h.cfg.annotations.PropertyBinder - MetadataSourceProcessor property dateLastUpdated with lazy=false
2025-09-02 14:29:58.199 [main] DEBUG o.h.c.annotations.SimpleValueBinder - building SimpleValue for dateLastUpdated
2025-09-02 14:29:58.199 [main] DEBUG o.h.cfg.annotations.PropertyBinder - Building property dateLastUpdated
2025-09-02 14:29:58.199 [main] DEBUG org.hibernate.cfg.Ejb3Column - Binding column: Ejb3Column{table=org.hibernate.mapping.Table(Entries), mappingColumn=EntryBody, insertable=true, updatable=true, unique=false}
2025-09-02 14:29:58.199 [main] DEBUG o.h.cfg.annotations.PropertyBinder - MetadataSourceProcessor property entryBody with lazy=false
2025-09-02 14:29:58.199 [main] DEBUG o.h.c.annotations.SimpleValueBinder - building SimpleValue for entryBody
2025-09-02 14:29:58.199 [main] DEBUG o.h.cfg.annotations.PropertyBinder - Building property entryBody
2025-09-02 14:29:58.199 [main] DEBUG org.hibernate.cfg.Ejb3Column - Binding column: Ejb3JoinColumn{logicalColumnName='Feed', referencedColumn='', mappedBy=''}
2025-09-02 14:29:58.199 [main] DEBUG org.hibernate.cfg.Ejb3Column - Binding column: Ejb3Column{table=org.hibernate.mapping.Table(Entries), mappingColumn=feed, insertable=true, updatable=true, unique=false}
2025-09-02 14:29:58.199 [main] DEBUG o.h.cfg.annotations.PropertyBinder - Building property feed
2025-09-02 14:29:58.199 [main] DEBUG org.hibernate.cfg.AnnotationBinder - Binding entity from annotated class: org.atomhopper.adapter.jpa.PersistedCategory
2025-09-02 14:29:58.199 [main] DEBUG org.hibernate.cfg.Ejb3Column - Binding column: Ejb3DiscriminatorColumn{logicalColumnName'DTYPE', discriminatorTypeName='string'}
2025-09-02 14:29:58.199 [main] DEBUG org.hibernate.cfg.AnnotationBinder - No value specified for 'javax.persistence.sharedCache.mode'; using UNSPECIFIED
2025-09-02 14:29:58.199 [main] DEBUG o.h.cfg.annotations.EntityBinder - Import with entity name PersistedCategory
2025-09-02 14:29:58.199 [main] DEBUG o.h.cfg.annotations.EntityBinder - Bind entity org.atomhopper.adapter.jpa.PersistedCategory on table Categories
2025-09-02 14:29:58.200 [main] DEBUG org.hibernate.cfg.Ejb3Column - Binding column: Ejb3Column{table=org.hibernate.mapping.Table(Categories), mappingColumn=Term, insertable=true, updatable=true, unique=false}
2025-09-02 14:29:58.200 [main] DEBUG o.h.cfg.annotations.PropertyBinder - MetadataSourceProcessor property term with lazy=false
2025-09-02 14:29:58.200 [main] DEBUG o.h.c.annotations.SimpleValueBinder - building SimpleValue for term
2025-09-02 14:29:58.200 [main] DEBUG o.h.cfg.annotations.PropertyBinder - Building property term
2025-09-02 14:29:58.200 [main] DEBUG org.hibernate.cfg.Ejb3Column - Binding column: Ejb3Column{table=org.hibernate.mapping.Table(Categories), mappingColumn=null, insertable=true, updatable=true, unique=false}
2025-09-02 14:29:58.200 [main] DEBUG org.hibernate.cfg.Ejb3Column - Binding column: Ejb3Column{table=org.hibernate.mapping.Table(Categories), mappingColumn=element, insertable=true, updatable=true, unique=false}
2025-09-02 14:29:58.200 [main] DEBUG org.hibernate.cfg.Ejb3Column - Binding column: Ejb3Column{table=org.hibernate.mapping.Table(Categories), mappingColumn=feedEntries_KEY, insertable=true, updatable=true, unique=false}
2025-09-02 14:29:58.200 [main] DEBUG org.hibernate.cfg.Ejb3Column - Binding column: Ejb3JoinColumn{logicalColumnName='feedEntries_KEY', referencedColumn='null', mappedBy='null'}
2025-09-02 14:29:58.200 [main] DEBUG org.hibernate.cfg.Ejb3Column - Binding column: Ejb3JoinColumn{logicalColumnName='null', referencedColumn='null', mappedBy='categories'}
2025-09-02 14:29:58.200 [main] DEBUG org.hibernate.cfg.Ejb3Column - Binding column: Ejb3JoinColumn{logicalColumnName='null', referencedColumn='null', mappedBy='categories'}
2025-09-02 14:29:58.200 [main] DEBUG o.h.cfg.annotations.CollectionBinder - Collection role: org.atomhopper.adapter.jpa.PersistedCategory.feedEntries
2025-09-02 14:29:58.200 [main] DEBUG o.h.cfg.annotations.PropertyBinder - Building property feedEntries
2025-09-02 14:29:58.200 [main] DEBUG o.h.c.annotations.SimpleValueBinder - Setting SimpleValue typeName for name
2025-09-02 14:29:58.200 [main] DEBUG o.h.c.annotations.SimpleValueBinder - Setting SimpleValue typeName for feedId
2025-09-02 14:29:58.200 [main] DEBUG o.h.c.annotations.SimpleValueBinder - Setting SimpleValue typeName for entryId
2025-09-02 14:29:58.200 [main] DEBUG o.h.c.annotations.SimpleValueBinder - Setting SimpleValue typeName for creationDate
2025-09-02 14:29:58.200 [main] DEBUG o.h.c.annotations.SimpleValueBinder - Setting SimpleValue typeName for dateLastUpdated
2025-09-02 14:29:58.200 [main] DEBUG o.h.c.annotations.SimpleValueBinder - Setting SimpleValue typeName for entryBody
2025-09-02 14:29:58.200 [main] DEBUG o.h.c.annotations.SimpleValueBinder - Setting SimpleValue typeName for term
2025-09-02 14:29:58.200 [main] DEBUG org.hibernate.cfg.Configuration - Processing fk mappings (*ToOne and JoinedSubclass)
2025-09-02 14:29:58.200 [main] DEBUG org.hibernate.cfg.Configuration - Processing extends queue
2025-09-02 14:29:58.200 [main] DEBUG org.hibernate.cfg.Configuration - Processing extends queue
2025-09-02 14:29:58.200 [main] DEBUG org.hibernate.cfg.Configuration - Processing collection mappings
2025-09-02 14:29:58.200 [main] DEBUG o.hibernate.cfg.CollectionSecondPass - Second pass for collection: org.atomhopper.adapter.jpa.PersistedEntry.categories
2025-09-02 14:29:58.200 [main] DEBUG o.h.cfg.annotations.CollectionBinder - Binding as ManyToMany: org.atomhopper.adapter.jpa.PersistedEntry.categories
2025-09-02 14:29:58.200 [main] DEBUG o.hibernate.cfg.CollectionSecondPass - Mapped collection key: entryId, element: category
2025-09-02 14:29:58.200 [main] DEBUG o.hibernate.cfg.CollectionSecondPass - Second pass for collection: org.atomhopper.adapter.jpa.PersistedFeed.entries
2025-09-02 14:29:58.200 [main] DEBUG o.h.cfg.annotations.CollectionBinder - Binding a OneToMany: org.atomhopper.adapter.jpa.PersistedFeed.entries through a foreign key
2025-09-02 14:29:58.200 [main] DEBUG o.h.cfg.annotations.CollectionBinder - Mapping collection: org.atomhopper.adapter.jpa.PersistedFeed.entries -> Entries
2025-09-02 14:29:58.200 [main] DEBUG o.h.cfg.annotations.TableBinder - Retrieving property org.atomhopper.adapter.jpa.PersistedEntry.feed
2025-09-02 14:29:58.200 [main] DEBUG o.hibernate.cfg.CollectionSecondPass - Mapped collection key: Feed, one-to-many: org.atomhopper.adapter.jpa.PersistedEntry
2025-09-02 14:29:58.200 [main] DEBUG o.hibernate.cfg.CollectionSecondPass - Second pass for collection: org.atomhopper.adapter.jpa.PersistedCategory.feedEntries
2025-09-02 14:29:58.200 [main] DEBUG o.h.cfg.annotations.CollectionBinder - Binding as ManyToMany: org.atomhopper.adapter.jpa.PersistedCategory.feedEntries
2025-09-02 14:29:58.200 [main] DEBUG o.h.cfg.annotations.TableBinder - Retrieving property org.atomhopper.adapter.jpa.PersistedEntry.categories
2025-09-02 14:29:58.200 [main] DEBUG o.hibernate.cfg.CollectionSecondPass - Mapped collection key: category, element: entryId
2025-09-02 14:29:58.200 [main] DEBUG org.hibernate.cfg.Configuration - Processing native query and ResultSetMapping mappings
2025-09-02 14:29:58.200 [main] DEBUG org.hibernate.cfg.Configuration - Processing association property references
2025-09-02 14:29:58.200 [main] DEBUG org.hibernate.cfg.Configuration - Processing foreign key constraints
2025-09-02 14:29:58.200 [main] DEBUG org.hibernate.cfg.Configuration - Resolving reference to class: org.atomhopper.adapter.jpa.PersistedCategory
2025-09-02 14:29:58.200 [main] DEBUG org.hibernate.cfg.Configuration - Resolving reference to class: org.atomhopper.adapter.jpa.PersistedEntry
2025-09-02 14:29:58.200 [main] DEBUG org.hibernate.cfg.Configuration - Resolving reference to class: org.atomhopper.adapter.jpa.PersistedFeed
2025-09-02 14:29:58.200 [main] WARN  o.h.s.j.c.i.ConnectionProviderInitiator - HHH000181: No appropriate connection provider encountered, assuming application will be supplying connections
2025-09-02 14:29:58.200 [main] INFO  org.hibernate.dialect.Dialect - HHH000400: Using dialect: org.hibernate.dialect.H2Dialect
2025-09-02 14:29:58.200 [main] INFO  o.h.e.j.internal.LobCreatorBuilder - HHH000422: Disabling contextual LOB creation as connection was null
2025-09-02 14:29:58.201 [main] DEBUG org.hibernate.cfg.SettingsFactory - Automatic flush during beforeCompletion(): disabled
2025-09-02 14:29:58.201 [main] DEBUG org.hibernate.cfg.SettingsFactory - Automatic session close at end of transaction: disabled
2025-09-02 14:29:58.201 [main] DEBUG org.hibernate.cfg.SettingsFactory - Scrollable result sets: disabled
2025-09-02 14:29:58.201 [main] DEBUG org.hibernate.cfg.SettingsFactory - Wrap result sets: disabled
2025-09-02 14:29:58.201 [main] DEBUG org.hibernate.cfg.SettingsFactory - JDBC3 getGeneratedKeys(): disabled
2025-09-02 14:29:58.201 [main] DEBUG org.hibernate.cfg.SettingsFactory - Connection release mode: auto
2025-09-02 14:29:58.201 [main] INFO  o.h.e.t.i.TransactionFactoryInitiator - HHH000399: Using default transaction strategy (direct JDBC transactions)
2025-09-02 14:29:58.201 [main] DEBUG org.hibernate.cfg.SettingsFactory - Default batch fetch size: 1
2025-09-02 14:29:58.201 [main] DEBUG org.hibernate.cfg.SettingsFactory - Generate SQL with comments: disabled
2025-09-02 14:29:58.201 [main] DEBUG org.hibernate.cfg.SettingsFactory - Order SQL updates by primary key: disabled
2025-09-02 14:29:58.201 [main] DEBUG org.hibernate.cfg.SettingsFactory - Order SQL inserts for batching: disabled
2025-09-02 14:29:58.201 [main] DEBUG org.hibernate.cfg.SettingsFactory - Query translator: org.hibernate.hql.internal.ast.ASTQueryTranslatorFactory
2025-09-02 14:29:58.201 [main] INFO  o.h.h.i.a.ASTQueryTranslatorFactory - HHH000397: Using ASTQueryTranslatorFactory
2025-09-02 14:29:58.201 [main] DEBUG org.hibernate.cfg.SettingsFactory - Query language substitutions: {}
2025-09-02 14:29:58.201 [main] DEBUG org.hibernate.cfg.SettingsFactory - JPA-QL strict compliance: disabled
2025-09-02 14:29:58.201 [main] DEBUG org.hibernate.cfg.SettingsFactory - Second-level cache: enabled
2025-09-02 14:29:58.201 [main] DEBUG org.hibernate.cfg.SettingsFactory - Query cache: disabled
2025-09-02 14:29:58.201 [main] DEBUG org.hibernate.cfg.SettingsFactory - Cache region factory : org.hibernate.cache.internal.NoCachingRegionFactory
2025-09-02 14:29:58.201 [main] DEBUG org.hibernate.cfg.SettingsFactory - org.hibernate.cache.internal.NoCachingRegionFactory did not provide constructor accepting java.util.Properties; attempting no-arg constructor.
2025-09-02 14:29:58.201 [main] DEBUG org.hibernate.cfg.SettingsFactory - Optimize cache for minimal puts: disabled
2025-09-02 14:29:58.201 [main] DEBUG org.hibernate.cfg.SettingsFactory - Structured second-level cache entries: disabled
2025-09-02 14:29:58.201 [main] DEBUG org.hibernate.cfg.SettingsFactory - Statistics: disabled
2025-09-02 14:29:58.201 [main] DEBUG org.hibernate.cfg.SettingsFactory - Deleted entity synthetic identifier rollback: disabled
2025-09-02 14:29:58.201 [main] DEBUG org.hibernate.cfg.SettingsFactory - Default entity-mode: pojo
2025-09-02 14:29:58.201 [main] DEBUG org.hibernate.cfg.SettingsFactory - Named query checking : enabled
2025-09-02 14:29:58.201 [main] DEBUG org.hibernate.cfg.SettingsFactory - Check Nullability in Core (should be disabled when Bean Validation is on): enabled
2025-09-02 14:29:58.201 [main] DEBUG org.hibernate.cfg.SettingsFactory - multi-tenancy strategy : NONE
2025-09-02 14:29:58.201 [main] DEBUG o.h.internal.SessionFactoryImpl - Building session factory
2025-09-02 14:29:58.201 [main] DEBUG o.h.internal.SessionFactoryImpl - Session factory constructed with filter configurations : {}
2025-09-02 14:29:58.201 [main] DEBUG o.h.internal.SessionFactoryImpl - Instantiating session factory with properties: {java.runtime.name=OpenJDK Runtime Environment, hibernate.connection.password=, sun.boot.library.path=/Users/srihari.kalthireddy/.sdkman/candidates/java/8.0.462-amzn/jre/lib, java.vm.version=25.462-b08, hibernate.connection.username=sa, gopherProxySet=false, java.vm.vendor=Amazon.com Inc., java.vendor.url=https://aws.amazon.com/corretto/, path.separator=:, java.vm.name=OpenJDK 64-Bit Server VM, file.encoding.pkg=sun.io, user.country=IN, sun.java.launcher=SUN_STANDARD, sun.os.patch.level=unknown, java.vm.specification.name=Java Virtual Machine Specification, user.dir=/Users/srihari.kalthireddy/projects/atom-hopper/adapters/hibernate, java.runtime.version=1.8.0_462-b08, java.awt.graphicsenv=sun.awt.CGraphicsEnvironment, basedir=/Users/srihari.kalthireddy/projects/atom-hopper/adapters/hibernate, java.endorsed.dirs=/Users/srihari.kalthireddy/.sdkman/candidates/java/8.0.462-amzn/jre/lib/endorsed, os.arch=aarch64, surefire.real.class.path=/Users/srihari.kalthireddy/projects/atom-hopper/adapters/hibernate/target/surefire/surefirebooter7093617471829027574.jar, java.io.tmpdir=/var/folders/dt/wtf24ks508b73xsrhxp8vh_80000gp/T/, line.separator=
, java.vm.specification.vendor=Oracle Corporation, os.name=Mac OS X, sun.jnu.encoding=UTF-8, java.library.path=/Users/srihari.kalthireddy/Library/Java/Extensions:/Library/Java/Extensions:/Network/Library/Java/Extensions:/System/Library/Java/Extensions:/usr/lib/java:., surefire.test.class.path=/Users/srihari.kalthireddy/projects/atom-hopper/adapters/hibernate/target/test-classes:/Users/srihari.kalthireddy/projects/atom-hopper/adapters/hibernate/target/classes:/Users/srihari.kalthireddy/projects/atom-hopper/hopper/target/core-1.2.35.jar:/Users/srihari.kalthireddy/.m2/repository/org/apache/abdera/abdera-server/1.1.2/abdera-server-1.1.2.jar:/Users/srihari.kalthireddy/.m2/repository/org/apache/abdera/abdera-parser/1.1.2/abdera-parser-1.1.2.jar:/Users/srihari.kalthireddy/.m2/repository/org/apache/ws/commons/axiom/axiom-impl/1.2.10/axiom-impl-1.2.10.jar:/Users/srihari.kalthireddy/.m2/repository/org/apache/ws/commons/axiom/axiom-api/1.2.10/axiom-api-1.2.10.jar:/Users/srihari.kalthireddy/.m2/repository/org/apache/geronimo/specs/geronimo-activation_1.1_spec/1.0.2/geronimo-activation_1.1_spec-1.0.2.jar:/Users/srihari.kalthireddy/.m2/repository/org/apache/geronimo/specs/geronimo-javamail_1.4_spec/1.6/geronimo-javamail_1.4_spec-1.6.jar:/Users/srihari.kalthireddy/.m2/repository/org/codehaus/woodstox/wstx-asl/3.2.6/wstx-asl-3.2.6.jar:/Users/srihari.kalthireddy/.m2/repository/jaxen/jaxen/1.1.1/jaxen-1.1.1.jar:/Users/srihari.kalthireddy/.m2/repository/xml-apis/xml-apis/1.4.01/xml-apis-1.4.01.jar:/Users/srihari.kalthireddy/.m2/repository/xerces/xercesImpl/2.12.2/xercesImpl-2.12.2.jar:/Users/srihari.kalthireddy/.m2/repository/javax/servlet/servlet-api/2.5/servlet-api-2.5.jar:/Users/srihari.kalthireddy/.m2/repository/javax/mail/mail/1.4/mail-1.4.jar:/Users/srihari.kalthireddy/.m2/repository/javax/activation/activation/1.1/activation-1.1.jar:/Users/srihari.kalthireddy/.m2/repository/org/apache/abdera/abdera-extensions-json/1.1.2/abdera-extensions-json-1.1.2.jar:/Users/srihari.kalthireddy/.m2/repository/org/apache/abdera/abdera-extensions-main/1.1.2/abdera-extensions-main-1.1.2.jar:/Users/srihari.kalthireddy/.m2/repository/org/apache/abdera/abdera-client/1.1.2/abdera-client-1.1.2.jar:/Users/srihari.kalthireddy/.m2/repository/commons-httpclient/commons-httpclient/3.1/commons-httpclient-3.1.jar:/Users/srihari.kalthireddy/.m2/repository/org/apache/abdera/abdera-extensions-html/1.1.2/abdera-extensions-html-1.1.2.jar:/Users/srihari.kalthireddy/.m2/repository/nu/validator/htmlparser/htmlparser/1.0.5/htmlparser-1.0.5.jar:/Users/srihari.kalthireddy/.m2/repository/org/springframework/spring-core/5.2.25.RELEASE/spring-core-5.2.25.RELEASE.jar:/Users/srihari.kalthireddy/.m2/repository/org/springframework/spring-jcl/5.2.25.RELEASE/spring-jcl-5.2.25.RELEASE.jar:/Users/srihari.kalthireddy/.m2/repository/org/springframework/spring-beans/5.2.25.RELEASE/spring-beans-5.2.25.RELEASE.jar:/Users/srihari.kalthireddy/.m2/repository/org/springframework/spring-context/5.2.25.RELEASE/spring-context-5.2.25.RELEASE.jar:/Users/srihari.kalthireddy/.m2/repository/org/springframework/spring-aop/5.2.25.RELEASE/spring-aop-5.2.25.RELEASE.jar:/Users/srihari.kalthireddy/.m2/repository/org/springframework/spring-expression/4.2.5.RELEASE/spring-expression-4.2.5.RELEASE.jar:/Users/srihari.kalthireddy/.m2/repository/org/springframework/spring-web/5.2.25.RELEASE/spring-web-5.2.25.RELEASE.jar:/Users/srihari.kalthireddy/.m2/repository/commons-lang/commons-lang/2.6/commons-lang-2.6.jar:/Users/srihari.kalthireddy/.m2/repository/com/google/code/gson/gson/2.8.9/gson-2.8.9.jar:/Users/srihari.kalthireddy/.m2/repository/ch/qos/logback/logback-classic/1.2.0/logback-classic-1.2.0.jar:/Users/srihari.kalthireddy/.m2/repository/ch/qos/logback/logback-core/1.2.9/logback-core-1.2.9.jar:/Users/srihari.kalthireddy/.m2/repository/me/moocar/logback-gelf/0.9.6/logback-gelf-0.9.6.jar:/Users/srihari.kalthireddy/.m2/repository/com/codahale/metrics/metrics-core/3.0.1/metrics-core-3.0.1.jar:/Users/srihari.kalthireddy/.m2/repository/com/codahale/metrics/metrics-graphite/3.0.1/metrics-graphite-3.0.1.jar:/Users/srihari.kalthireddy/.m2/repository/org/apache/tomcat/tomcat-jdbc/7.0.27/tomcat-jdbc-7.0.27.jar:/Users/srihari.kalthireddy/.m2/repository/org/apache/tomcat/tomcat-juli/7.0.27/tomcat-juli-7.0.27.jar:/Users/srihari.kalthireddy/.m2/repository/com/fasterxml/jackson/core/jackson-annotations/2.12.7/jackson-annotations-2.12.7.jar:/Users/srihari.kalthireddy/.m2/repository/com/fasterxml/jackson/core/jackson-databind/2.12.7.1/jackson-databind-2.12.7.1.jar:/Users/srihari.kalthireddy/.m2/repository/com/fasterxml/jackson/core/jackson-core/2.12.7/jackson-core-2.12.7.jar:/Users/srihari.kalthireddy/.m2/repository/org/hibernate/hibernate-core/4.1.3.Final/hibernate-core-4.1.3.Final.jar:/Users/srihari.kalthireddy/.m2/repository/antlr/antlr/2.7.7/antlr-2.7.7.jar:/Users/srihari.kalthireddy/.m2/repository/org/jboss/logging/jboss-logging/3.1.0.GA/jboss-logging-3.1.0.GA.jar:/Users/srihari.kalthireddy/.m2/repository/org/jboss/spec/javax/transaction/jboss-transaction-api_1.1_spec/1.0.0.Final/jboss-transaction-api_1.1_spec-1.0.0.Final.jar:/Users/srihari.kalthireddy/.m2/repository/dom4j/dom4j/1.6.1/dom4j-1.6.1.jar:/Users/srihari.kalthireddy/.m2/repository/org/hibernate/javax/persistence/hibernate-jpa-2.0-api/1.0.1.Final/hibernate-jpa-2.0-api-1.0.1.Final.jar:/Users/srihari.kalthireddy/.m2/repository/org/hibernate/common/hibernate-commons-annotations/4.0.1.Final/hibernate-commons-annotations-4.0.1.Final.jar:/Users/srihari.kalthireddy/.m2/repository/org/javassist/javassist/3.16.1-GA/javassist-3.16.1-GA.jar:/Users/srihari.kalthireddy/.m2/repository/com/h2database/h2/2.1.210/h2-2.1.210.jar:/Users/srihari.kalthireddy/.m2/repository/org/hibernate/hibernate-c3p0/4.1.3.Final/hibernate-c3p0-4.1.3.Final.jar:/Users/srihari.kalthireddy/.m2/repository/c3p0/c3p0/0.9.1/c3p0-0.9.1.jar:/Users/srihari.kalthireddy/.m2/repository/org/apache/abdera/abdera-core/1.1.2/abdera-core-1.1.2.jar:/Users/srihari.kalthireddy/.m2/repository/org/apache/abdera/abdera-i18n/1.1.2/abdera-i18n-1.1.2.jar:/Users/srihari.kalthireddy/.m2/repository/org/apache/geronimo/specs/geronimo-activation_1.0.2_spec/1.1/geronimo-activation_1.0.2_spec-1.1.jar:/Users/srihari.kalthireddy/.m2/repository/org/apache/geronimo/specs/geronimo-stax-api_1.0_spec/1.0.1/geronimo-stax-api_1.0_spec-1.0.1.jar:/Users/srihari.kalthireddy/.m2/repository/commons-codec/commons-codec/1.4/commons-codec-1.4.jar:/Users/srihari.kalthireddy/.m2/repository/commons-logging/commons-logging/1.0.4/commons-logging-1.0.4.jar:/Users/srihari.kalthireddy/.m2/repository/org/slf4j/slf4j-api/1.7.16/slf4j-api-1.7.16.jar:/Users/srihari.kalthireddy/.m2/repository/org/mockito/mockito-all/1.8.5/mockito-all-1.8.5.jar:/Users/srihari.kalthireddy/.m2/repository/junit/junit/4.13.1/junit-4.13.1.jar:/Users/srihari.kalthireddy/.m2/repository/org/hamcrest/hamcrest-core/1.3/hamcrest-core-1.3.jar:/Users/srihari.kalthireddy/.m2/repository/com/yammer/metrics/metrics-core/2.2.0/metrics-core-2.2.0.jar:, java.specification.name=Java Platform API Specification, java.class.version=52.0, sun.management.compiler=HotSpot 64-Bit Tiered Compilers, os.version=15.6, http.nonProxyHosts=local|*.local|169.254/16|*.169.254/16, user.home=/Users/srihari.kalthireddy, user.timezone=Asia/Kolkata, java.awt.printerjob=sun.lwawt.macosx.CPrinterJob, java.specification.version=1.8, file.encoding=UTF-8, hibernate.connection.driver_class=org.h2.Driver, user.name=srihari.kalthireddy, java.class.path=/Users/srihari.kalthireddy/projects/atom-hopper/adapters/hibernate/target/test-classes:/Users/srihari.kalthireddy/projects/atom-hopper/adapters/hibernate/target/classes:/Users/srihari.kalthireddy/projects/atom-hopper/hopper/target/core-1.2.35.jar:/Users/srihari.kalthireddy/.m2/repository/org/apache/abdera/abdera-server/1.1.2/abdera-server-1.1.2.jar:/Users/srihari.kalthireddy/.m2/repository/org/apache/abdera/abdera-parser/1.1.2/abdera-parser-1.1.2.jar:/Users/srihari.kalthireddy/.m2/repository/org/apache/ws/commons/axiom/axiom-impl/1.2.10/axiom-impl-1.2.10.jar:/Users/srihari.kalthireddy/.m2/repository/org/apache/ws/commons/axiom/axiom-api/1.2.10/axiom-api-1.2.10.jar:/Users/srihari.kalthireddy/.m2/repository/org/apache/geronimo/specs/geronimo-activation_1.1_spec/1.0.2/geronimo-activation_1.1_spec-1.0.2.jar:/Users/srihari.kalthireddy/.m2/repository/org/apache/geronimo/specs/geronimo-javamail_1.4_spec/1.6/geronimo-javamail_1.4_spec-1.6.jar:/Users/srihari.kalthireddy/.m2/repository/org/codehaus/woodstox/wstx-asl/3.2.6/wstx-asl-3.2.6.jar:/Users/srihari.kalthireddy/.m2/repository/jaxen/jaxen/1.1.1/jaxen-1.1.1.jar:/Users/srihari.kalthireddy/.m2/repository/xml-apis/xml-apis/1.4.01/xml-apis-1.4.01.jar:/Users/srihari.kalthireddy/.m2/repository/xerces/xercesImpl/2.12.2/xercesImpl-2.12.2.jar:/Users/srihari.kalthireddy/.m2/repository/javax/servlet/servlet-api/2.5/servlet-api-2.5.jar:/Users/srihari.kalthireddy/.m2/repository/javax/mail/mail/1.4/mail-1.4.jar:/Users/srihari.kalthireddy/.m2/repository/javax/activation/activation/1.1/activation-1.1.jar:/Users/srihari.kalthireddy/.m2/repository/org/apache/abdera/abdera-extensions-json/1.1.2/abdera-extensions-json-1.1.2.jar:/Users/srihari.kalthireddy/.m2/repository/org/apache/abdera/abdera-extensions-main/1.1.2/abdera-extensions-main-1.1.2.jar:/Users/srihari.kalthireddy/.m2/repository/org/apache/abdera/abdera-client/1.1.2/abdera-client-1.1.2.jar:/Users/srihari.kalthireddy/.m2/repository/commons-httpclient/commons-httpclient/3.1/commons-httpclient-3.1.jar:/Users/srihari.kalthireddy/.m2/repository/org/apache/abdera/abdera-extensions-html/1.1.2/abdera-extensions-html-1.1.2.jar:/Users/srihari.kalthireddy/.m2/repository/nu/validator/htmlparser/htmlparser/1.0.5/htmlparser-1.0.5.jar:/Users/srihari.kalthireddy/.m2/repository/org/springframework/spring-core/5.2.25.RELEASE/spring-core-5.2.25.RELEASE.jar:/Users/srihari.kalthireddy/.m2/repository/org/springframework/spring-jcl/5.2.25.RELEASE/spring-jcl-5.2.25.RELEASE.jar:/Users/srihari.kalthireddy/.m2/repository/org/springframework/spring-beans/5.2.25.RELEASE/spring-beans-5.2.25.RELEASE.jar:/Users/srihari.kalthireddy/.m2/repository/org/springframework/spring-context/5.2.25.RELEASE/spring-context-5.2.25.RELEASE.jar:/Users/srihari.kalthireddy/.m2/repository/org/springframework/spring-aop/5.2.25.RELEASE/spring-aop-5.2.25.RELEASE.jar:/Users/srihari.kalthireddy/.m2/repository/org/springframework/spring-expression/4.2.5.RELEASE/spring-expression-4.2.5.RELEASE.jar:/Users/srihari.kalthireddy/.m2/repository/org/springframework/spring-web/5.2.25.RELEASE/spring-web-5.2.25.RELEASE.jar:/Users/srihari.kalthireddy/.m2/repository/commons-lang/commons-lang/2.6/commons-lang-2.6.jar:/Users/srihari.kalthireddy/.m2/repository/com/google/code/gson/gson/2.8.9/gson-2.8.9.jar:/Users/srihari.kalthireddy/.m2/repository/ch/qos/logback/logback-classic/1.2.0/logback-classic-1.2.0.jar:/Users/srihari.kalthireddy/.m2/repository/ch/qos/logback/logback-core/1.2.9/logback-core-1.2.9.jar:/Users/srihari.kalthireddy/.m2/repository/me/moocar/logback-gelf/0.9.6/logback-gelf-0.9.6.jar:/Users/srihari.kalthireddy/.m2/repository/com/codahale/metrics/metrics-core/3.0.1/metrics-core-3.0.1.jar:/Users/srihari.kalthireddy/.m2/repository/com/codahale/metrics/metrics-graphite/3.0.1/metrics-graphite-3.0.1.jar:/Users/srihari.kalthireddy/.m2/repository/org/apache/tomcat/tomcat-jdbc/7.0.27/tomcat-jdbc-7.0.27.jar:/Users/srihari.kalthireddy/.m2/repository/org/apache/tomcat/tomcat-juli/7.0.27/tomcat-juli-7.0.27.jar:/Users/srihari.kalthireddy/.m2/repository/com/fasterxml/jackson/core/jackson-annotations/2.12.7/jackson-annotations-2.12.7.jar:/Users/srihari.kalthireddy/.m2/repository/com/fasterxml/jackson/core/jackson-databind/2.12.7.1/jackson-databind-2.12.7.1.jar:/Users/srihari.kalthireddy/.m2/repository/com/fasterxml/jackson/core/jackson-core/2.12.7/jackson-core-2.12.7.jar:/Users/srihari.kalthireddy/.m2/repository/org/hibernate/hibernate-core/4.1.3.Final/hibernate-core-4.1.3.Final.jar:/Users/srihari.kalthireddy/.m2/repository/antlr/antlr/2.7.7/antlr-2.7.7.jar:/Users/srihari.kalthireddy/.m2/repository/org/jboss/logging/jboss-logging/3.1.0.GA/jboss-logging-3.1.0.GA.jar:/Users/srihari.kalthireddy/.m2/repository/org/jboss/spec/javax/transaction/jboss-transaction-api_1.1_spec/1.0.0.Final/jboss-transaction-api_1.1_spec-1.0.0.Final.jar:/Users/srihari.kalthireddy/.m2/repository/dom4j/dom4j/1.6.1/dom4j-1.6.1.jar:/Users/srihari.kalthireddy/.m2/repository/org/hibernate/javax/persistence/hibernate-jpa-2.0-api/1.0.1.Final/hibernate-jpa-2.0-api-1.0.1.Final.jar:/Users/srihari.kalthireddy/.m2/repository/org/hibernate/common/hibernate-commons-annotations/4.0.1.Final/hibernate-commons-annotations-4.0.1.Final.jar:/Users/srihari.kalthireddy/.m2/repository/org/javassist/javassist/3.16.1-GA/javassist-3.16.1-GA.jar:/Users/srihari.kalthireddy/.m2/repository/com/h2database/h2/2.1.210/h2-2.1.210.jar:/Users/srihari.kalthireddy/.m2/repository/org/hibernate/hibernate-c3p0/4.1.3.Final/hibernate-c3p0-4.1.3.Final.jar:/Users/srihari.kalthireddy/.m2/repository/c3p0/c3p0/0.9.1/c3p0-0.9.1.jar:/Users/srihari.kalthireddy/.m2/repository/org/apache/abdera/abdera-core/1.1.2/abdera-core-1.1.2.jar:/Users/srihari.kalthireddy/.m2/repository/org/apache/abdera/abdera-i18n/1.1.2/abdera-i18n-1.1.2.jar:/Users/srihari.kalthireddy/.m2/repository/org/apache/geronimo/specs/geronimo-activation_1.0.2_spec/1.1/geronimo-activation_1.0.2_spec-1.1.jar:/Users/srihari.kalthireddy/.m2/repository/org/apache/geronimo/specs/geronimo-stax-api_1.0_spec/1.0.1/geronimo-stax-api_1.0_spec-1.0.1.jar:/Users/srihari.kalthireddy/.m2/repository/commons-codec/commons-codec/1.4/commons-codec-1.4.jar:/Users/srihari.kalthireddy/.m2/repository/commons-logging/commons-logging/1.0.4/commons-logging-1.0.4.jar:/Users/srihari.kalthireddy/.m2/repository/org/slf4j/slf4j-api/1.7.16/slf4j-api-1.7.16.jar:/Users/srihari.kalthireddy/.m2/repository/org/mockito/mockito-all/1.8.5/mockito-all-1.8.5.jar:/Users/srihari.kalthireddy/.m2/repository/junit/junit/4.13.1/junit-4.13.1.jar:/Users/srihari.kalthireddy/.m2/repository/org/hamcrest/hamcrest-core/1.3/hamcrest-core-1.3.jar:/Users/srihari.kalthireddy/.m2/repository/com/yammer/metrics/metrics-core/2.2.0/metrics-core-2.2.0.jar:, hibernate.bytecode.use_reflection_optimizer=false, java.vm.specification.version=1.8, sun.arch.data.model=64, java.home=/Users/srihari.kalthireddy/.sdkman/candidates/java/8.0.462-amzn/jre, sun.java.command=/Users/srihari.kalthireddy/projects/atom-hopper/adapters/hibernate/target/surefire/surefirebooter7093617471829027574.jar /Users/srihari.kalthireddy/projects/atom-hopper/adapters/hibernate/target/surefire/surefire7473032124132446789tmp /Users/srihari.kalthireddy/projects/atom-hopper/adapters/hibernate/target/surefire/surefire948785358173371727tmp, hibernate.dialect=org.hibernate.dialect.H2Dialect, java.specification.vendor=Oracle Corporation, user.language=en, awt.toolkit=sun.lwawt.macosx.LWCToolkit, java.vm.info=mixed mode, java.version=1.8.0_462, java.ext.dirs=/Users/srihari.kalthireddy/Library/Java/Extensions:/Users/srihari.kalthireddy/.sdkman/candidates/java/8.0.462-amzn/jre/lib/ext:/Library/Java/Extensions:/Network/Library/Java/Extensions:/System/Library/Java/Extensions:/usr/lib/java, sun.boot.class.path=/Users/srihari.kalthireddy/.sdkman/candidates/java/8.0.462-amzn/jre/lib/resources.jar:/Users/srihari.kalthireddy/.sdkman/candidates/java/8.0.462-amzn/jre/lib/rt.jar:/Users/srihari.kalthireddy/.sdkman/candidates/java/8.0.462-amzn/jre/lib/sunrsasign.jar:/Users/srihari.kalthireddy/.sdkman/candidates/java/8.0.462-amzn/jre/lib/jsse.jar:/Users/srihari.kalthireddy/.sdkman/candidates/java/8.0.462-amzn/jre/lib/jce.jar:/Users/srihari.kalthireddy/.sdkman/candidates/java/8.0.462-amzn/jre/lib/charsets.jar:/Users/srihari.kalthireddy/.sdkman/candidates/java/8.0.462-amzn/jre/lib/jfr.jar:/Users/srihari.kalthireddy/.sdkman/candidates/java/8.0.462-amzn/jre/classes, java.vendor=Amazon.com Inc., java.specification.maintenance.version=6, localRepository=/Users/srihari.kalthireddy/.m2/repository, file.separator=/, java.vendor.url.bug=https://github.com/corretto/corretto-8/issues/, hibernate.hbm2ddl.auto=update, sun.cpu.endian=little, sun.io.unicode.encoding=UnicodeBig, socksNonProxyHosts=local|*.local|169.254/16|*.169.254/16, ftp.nonProxyHosts=local|*.local|169.254/16|*.169.254/16, sun.cpu.isalist=}
2025-09-02 14:29:58.201 [main] DEBUG o.h.i.f.i.DefaultIdentifierGeneratorFactory - Setting dialect [org.hibernate.dialect.H2Dialect]
2025-09-02 14:29:58.201 [main] DEBUG o.h.i.f.i.DefaultIdentifierGeneratorFactory - Setting dialect [org.hibernate.dialect.H2Dialect]
2025-09-02 14:29:58.201 [main] DEBUG o.h.i.f.i.DefaultIdentifierGeneratorFactory - Setting dialect [org.hibernate.dialect.H2Dialect]
2025-09-02 14:29:58.202 [main] DEBUG o.h.p.entity.AbstractEntityPersister - Static SQL for entity: org.atomhopper.adapter.jpa.PersistedEntry
2025-09-02 14:29:58.202 [main] DEBUG o.h.p.entity.AbstractEntityPersister -  Version select: select EntryID from Entries where EntryID =?
2025-09-02 14:29:58.202 [main] DEBUG o.h.p.entity.AbstractEntityPersister -  Snapshot select: select persistede_.EntryID, persistede_.CreationDate as Creation2_29_, persistede_.DateLastUpdated as DateLast3_29_, persistede_.EntryBody as EntryBody29_, persistede_.Feed as Feed29_ from Entries persistede_ where persistede_.EntryID=?
2025-09-02 14:29:58.202 [main] DEBUG o.h.p.entity.AbstractEntityPersister -  Insert 0: insert into Entries (CreationDate, DateLastUpdated, EntryBody, Feed, EntryID) values (?, ?, ?, ?, ?)
2025-09-02 14:29:58.202 [main] DEBUG o.h.p.entity.AbstractEntityPersister -  Update 0: update Entries set CreationDate=?, DateLastUpdated=?, EntryBody=?, Feed=? where EntryID=?
2025-09-02 14:29:58.202 [main] DEBUG o.h.p.entity.AbstractEntityPersister -  Delete 0: delete from Entries where EntryID=?
2025-09-02 14:29:58.202 [main] DEBUG o.h.p.entity.AbstractEntityPersister - Static SQL for entity: org.atomhopper.adapter.jpa.PersistedCategory
2025-09-02 14:29:58.202 [main] DEBUG o.h.p.entity.AbstractEntityPersister -  Version select: select Term from Categories where Term =?
2025-09-02 14:29:58.202 [main] DEBUG o.h.p.entity.AbstractEntityPersister -  Snapshot select: select persistedc_.Term from Categories persistedc_ where persistedc_.Term=?
2025-09-02 14:29:58.202 [main] DEBUG o.h.p.entity.AbstractEntityPersister -  Insert 0: insert into Categories (Term) values (?)
2025-09-02 14:29:58.202 [main] DEBUG o.h.p.entity.AbstractEntityPersister -  Update 0: null
2025-09-02 14:29:58.202 [main] DEBUG o.h.p.entity.AbstractEntityPersister -  Delete 0: delete from Categories where Term=?
2025-09-02 14:29:58.202 [main] DEBUG o.h.p.entity.AbstractEntityPersister - Static SQL for entity: org.atomhopper.adapter.jpa.PersistedFeed
2025-09-02 14:29:58.202 [main] DEBUG o.h.p.entity.AbstractEntityPersister -  Version select: select Name from Feeds where Name =?
2025-09-02 14:29:58.202 [main] DEBUG o.h.p.entity.AbstractEntityPersister -  Snapshot select: select persistedf_.Name, persistedf_.FeedID as FeedID28_ from Feeds persistedf_ where persistedf_.Name=?
2025-09-02 14:29:58.202 [main] DEBUG o.h.p.entity.AbstractEntityPersister -  Insert 0: insert into Feeds (FeedID, Name) values (?, ?)
2025-09-02 14:29:58.202 [main] DEBUG o.h.p.entity.AbstractEntityPersister -  Update 0: update Feeds set FeedID=? where Name=?
2025-09-02 14:29:58.202 [main] DEBUG o.h.p.entity.AbstractEntityPersister -  Delete 0: delete from Feeds where Name=?
2025-09-02 14:29:58.202 [main] DEBUG o.h.p.c.AbstractCollectionPersister - Static SQL for collection: org.atomhopper.adapter.jpa.PersistedCategory.feedEntries
2025-09-02 14:29:58.202 [main] DEBUG o.h.p.c.AbstractCollectionPersister -  Row insert: insert into CategoryEntryReferences (category, entryId) values (?, ?)
2025-09-02 14:29:58.202 [main] DEBUG o.h.p.c.AbstractCollectionPersister -  Row update: update CategoryEntryReferences set entryId=? where category=? and entryId=?
2025-09-02 14:29:58.202 [main] DEBUG o.h.p.c.AbstractCollectionPersister -  Row delete: delete from CategoryEntryReferences where category=? and entryId=?
2025-09-02 14:29:58.202 [main] DEBUG o.h.p.c.AbstractCollectionPersister -  One-shot delete: delete from CategoryEntryReferences where category=?
2025-09-02 14:29:58.202 [main] DEBUG o.h.p.c.AbstractCollectionPersister - Static SQL for collection: org.atomhopper.adapter.jpa.PersistedEntry.categories
2025-09-02 14:29:58.202 [main] DEBUG o.h.p.c.AbstractCollectionPersister -  Row insert: insert into CategoryEntryReferences (entryId, category) values (?, ?)
2025-09-02 14:29:58.202 [main] DEBUG o.h.p.c.AbstractCollectionPersister -  Row update: update CategoryEntryReferences set category=? where entryId=? and category=?
2025-09-02 14:29:58.202 [main] DEBUG o.h.p.c.AbstractCollectionPersister -  Row delete: delete from CategoryEntryReferences where entryId=? and category=?
2025-09-02 14:29:58.202 [main] DEBUG o.h.p.c.AbstractCollectionPersister -  One-shot delete: delete from CategoryEntryReferences where entryId=?
2025-09-02 14:29:58.202 [main] DEBUG o.h.p.c.AbstractCollectionPersister - Static SQL for collection: org.atomhopper.adapter.jpa.PersistedFeed.entries
2025-09-02 14:29:58.202 [main] DEBUG o.h.p.c.AbstractCollectionPersister -  Row insert: update Entries set Feed=? where EntryID=?
2025-09-02 14:29:58.202 [main] DEBUG o.h.p.c.AbstractCollectionPersister -  Row delete: update Entries set Feed=null where Feed=? and EntryID=?
2025-09-02 14:29:58.202 [main] DEBUG o.h.p.c.AbstractCollectionPersister -  One-shot delete: update Entries set Feed=null where Feed=?
2025-09-02 14:29:58.203 [main] DEBUG org.hibernate.loader.Loader - Static select for entity org.atomhopper.adapter.jpa.PersistedEntry [NONE]: select persistede0_.EntryID as EntryID29_0_, persistede0_.CreationDate as Creation2_29_0_, persistede0_.DateLastUpdated as DateLast3_29_0_, persistede0_.EntryBody as EntryBody29_0_, persistede0_.Feed as Feed29_0_ from Entries persistede0_ where persistede0_.EntryID=?
2025-09-02 14:29:58.203 [main] DEBUG org.hibernate.loader.Loader - Static select for entity org.atomhopper.adapter.jpa.PersistedEntry [READ]: select persistede0_.EntryID as EntryID29_0_, persistede0_.CreationDate as Creation2_29_0_, persistede0_.DateLastUpdated as DateLast3_29_0_, persistede0_.EntryBody as EntryBody29_0_, persistede0_.Feed as Feed29_0_ from Entries persistede0_ where persistede0_.EntryID=?
2025-09-02 14:29:58.203 [main] DEBUG org.hibernate.loader.Loader - Static select for entity org.atomhopper.adapter.jpa.PersistedEntry [UPGRADE]: select persistede0_.EntryID as EntryID29_0_, persistede0_.CreationDate as Creation2_29_0_, persistede0_.DateLastUpdated as DateLast3_29_0_, persistede0_.EntryBody as EntryBody29_0_, persistede0_.Feed as Feed29_0_ from Entries persistede0_ where persistede0_.EntryID=? for update
2025-09-02 14:29:58.203 [main] DEBUG org.hibernate.loader.Loader - Static select for entity org.atomhopper.adapter.jpa.PersistedEntry [UPGRADE_NOWAIT]: select persistede0_.EntryID as EntryID29_0_, persistede0_.CreationDate as Creation2_29_0_, persistede0_.DateLastUpdated as DateLast3_29_0_, persistede0_.EntryBody as EntryBody29_0_, persistede0_.Feed as Feed29_0_ from Entries persistede0_ where persistede0_.EntryID=? for update
2025-09-02 14:29:58.203 [main] DEBUG org.hibernate.loader.Loader - Static select for entity org.atomhopper.adapter.jpa.PersistedEntry [FORCE]: select persistede0_.EntryID as EntryID29_0_, persistede0_.CreationDate as Creation2_29_0_, persistede0_.DateLastUpdated as DateLast3_29_0_, persistede0_.EntryBody as EntryBody29_0_, persistede0_.Feed as Feed29_0_ from Entries persistede0_ where persistede0_.EntryID=? for update
2025-09-02 14:29:58.203 [main] DEBUG org.hibernate.loader.Loader - Static select for entity org.atomhopper.adapter.jpa.PersistedEntry [PESSIMISTIC_READ]: select persistede0_.EntryID as EntryID29_0_, persistede0_.CreationDate as Creation2_29_0_, persistede0_.DateLastUpdated as DateLast3_29_0_, persistede0_.EntryBody as EntryBody29_0_, persistede0_.Feed as Feed29_0_ from Entries persistede0_ where persistede0_.EntryID=? for update
2025-09-02 14:29:58.203 [main] DEBUG org.hibernate.loader.Loader - Static select for entity org.atomhopper.adapter.jpa.PersistedEntry [PESSIMISTIC_WRITE]: select persistede0_.EntryID as EntryID29_0_, persistede0_.CreationDate as Creation2_29_0_, persistede0_.DateLastUpdated as DateLast3_29_0_, persistede0_.EntryBody as EntryBody29_0_, persistede0_.Feed as Feed29_0_ from Entries persistede0_ where persistede0_.EntryID=? for update
2025-09-02 14:29:58.203 [main] DEBUG org.hibernate.loader.Loader - Static select for entity org.atomhopper.adapter.jpa.PersistedEntry [PESSIMISTIC_FORCE_INCREMENT]: select persistede0_.EntryID as EntryID29_0_, persistede0_.CreationDate as Creation2_29_0_, persistede0_.DateLastUpdated as DateLast3_29_0_, persistede0_.EntryBody as EntryBody29_0_, persistede0_.Feed as Feed29_0_ from Entries persistede0_ where persistede0_.EntryID=? for update
2025-09-02 14:29:58.203 [main] DEBUG org.hibernate.loader.Loader - Static select for entity org.atomhopper.adapter.jpa.PersistedEntry [OPTIMISTIC]: select persistede0_.EntryID as EntryID29_0_, persistede0_.CreationDate as Creation2_29_0_, persistede0_.DateLastUpdated as DateLast3_29_0_, persistede0_.EntryBody as EntryBody29_0_, persistede0_.Feed as Feed29_0_ from Entries persistede0_ where persistede0_.EntryID=?
2025-09-02 14:29:58.203 [main] DEBUG org.hibernate.loader.Loader - Static select for entity org.atomhopper.adapter.jpa.PersistedEntry [OPTIMISTIC_FORCE_INCREMENT]: select persistede0_.EntryID as EntryID29_0_, persistede0_.CreationDate as Creation2_29_0_, persistede0_.DateLastUpdated as DateLast3_29_0_, persistede0_.EntryBody as EntryBody29_0_, persistede0_.Feed as Feed29_0_ from Entries persistede0_ where persistede0_.EntryID=?
2025-09-02 14:29:58.203 [main] DEBUG org.hibernate.loader.Loader - Static select for action ACTION_MERGE on entity org.atomhopper.adapter.jpa.PersistedEntry: select persistede0_.EntryID as EntryID29_1_, persistede0_.CreationDate as Creation2_29_1_, persistede0_.DateLastUpdated as DateLast3_29_1_, persistede0_.EntryBody as EntryBody29_1_, persistede0_.Feed as Feed29_1_, categories1_.entryId as entryId29_3_, persistedc2_.Term as category3_, persistedc2_.Term as Term30_0_ from Entries persistede0_ left outer join CategoryEntryReferences categories1_ on persistede0_.EntryID=categories1_.entryId left outer join Categories persistedc2_ on categories1_.category=persistedc2_.Term where persistede0_.EntryID=?
2025-09-02 14:29:58.203 [main] DEBUG org.hibernate.loader.Loader - Static select for action ACTION_REFRESH on entity org.atomhopper.adapter.jpa.PersistedEntry: select persistede0_.EntryID as EntryID29_1_, persistede0_.CreationDate as Creation2_29_1_, persistede0_.DateLastUpdated as DateLast3_29_1_, persistede0_.EntryBody as EntryBody29_1_, persistede0_.Feed as Feed29_1_, categories1_.entryId as entryId29_3_, persistedc2_.Term as category3_, persistedc2_.Term as Term30_0_ from Entries persistede0_ left outer join CategoryEntryReferences categories1_ on persistede0_.EntryID=categories1_.entryId left outer join Categories persistedc2_ on categories1_.category=persistedc2_.Term where persistede0_.EntryID=?
2025-09-02 14:29:58.203 [main] DEBUG org.hibernate.loader.Loader - Static select for entity org.atomhopper.adapter.jpa.PersistedCategory [NONE]: select persistedc0_.Term as Term30_0_ from Categories persistedc0_ where persistedc0_.Term=?
2025-09-02 14:29:58.203 [main] DEBUG org.hibernate.loader.Loader - Static select for entity org.atomhopper.adapter.jpa.PersistedCategory [READ]: select persistedc0_.Term as Term30_0_ from Categories persistedc0_ where persistedc0_.Term=?
2025-09-02 14:29:58.203 [main] DEBUG org.hibernate.loader.Loader - Static select for entity org.atomhopper.adapter.jpa.PersistedCategory [UPGRADE]: select persistedc0_.Term as Term30_0_ from Categories persistedc0_ where persistedc0_.Term=? for update
2025-09-02 14:29:58.203 [main] DEBUG org.hibernate.loader.Loader - Static select for entity org.atomhopper.adapter.jpa.PersistedCategory [UPGRADE_NOWAIT]: select persistedc0_.Term as Term30_0_ from Categories persistedc0_ where persistedc0_.Term=? for update
2025-09-02 14:29:58.203 [main] DEBUG org.hibernate.loader.Loader - Static select for entity org.atomhopper.adapter.jpa.PersistedCategory [FORCE]: select persistedc0_.Term as Term30_0_ from Categories persistedc0_ where persistedc0_.Term=? for update
2025-09-02 14:29:58.204 [main] DEBUG org.hibernate.loader.Loader - Static select for entity org.atomhopper.adapter.jpa.PersistedCategory [PESSIMISTIC_READ]: select persistedc0_.Term as Term30_0_ from Categories persistedc0_ where persistedc0_.Term=? for update
2025-09-02 14:29:58.204 [main] DEBUG org.hibernate.loader.Loader - Static select for entity org.atomhopper.adapter.jpa.PersistedCategory [PESSIMISTIC_WRITE]: select persistedc0_.Term as Term30_0_ from Categories persistedc0_ where persistedc0_.Term=? for update
2025-09-02 14:29:58.204 [main] DEBUG org.hibernate.loader.Loader - Static select for entity org.atomhopper.adapter.jpa.PersistedCategory [PESSIMISTIC_FORCE_INCREMENT]: select persistedc0_.Term as Term30_0_ from Categories persistedc0_ where persistedc0_.Term=? for update
2025-09-02 14:29:58.204 [main] DEBUG org.hibernate.loader.Loader - Static select for entity org.atomhopper.adapter.jpa.PersistedCategory [OPTIMISTIC]: select persistedc0_.Term as Term30_0_ from Categories persistedc0_ where persistedc0_.Term=?
2025-09-02 14:29:58.204 [main] DEBUG org.hibernate.loader.Loader - Static select for entity org.atomhopper.adapter.jpa.PersistedCategory [OPTIMISTIC_FORCE_INCREMENT]: select persistedc0_.Term as Term30_0_ from Categories persistedc0_ where persistedc0_.Term=?
2025-09-02 14:29:58.204 [main] DEBUG org.hibernate.loader.Loader - Static select for action ACTION_MERGE on entity org.atomhopper.adapter.jpa.PersistedCategory: select persistedc0_.Term as Term30_0_ from Categories persistedc0_ where persistedc0_.Term=?
2025-09-02 14:29:58.204 [main] DEBUG org.hibernate.loader.Loader - Static select for action ACTION_REFRESH on entity org.atomhopper.adapter.jpa.PersistedCategory: select persistedc0_.Term as Term30_0_ from Categories persistedc0_ where persistedc0_.Term=?
2025-09-02 14:29:58.204 [main] DEBUG org.hibernate.loader.Loader - Static select for entity org.atomhopper.adapter.jpa.PersistedFeed [NONE]: select persistedf0_.Name as Name28_0_, persistedf0_.FeedID as FeedID28_0_ from Feeds persistedf0_ where persistedf0_.Name=?
2025-09-02 14:29:58.204 [main] DEBUG org.hibernate.loader.Loader - Static select for entity org.atomhopper.adapter.jpa.PersistedFeed [READ]: select persistedf0_.Name as Name28_0_, persistedf0_.FeedID as FeedID28_0_ from Feeds persistedf0_ where persistedf0_.Name=?
2025-09-02 14:29:58.204 [main] DEBUG org.hibernate.loader.Loader - Static select for entity org.atomhopper.adapter.jpa.PersistedFeed [UPGRADE]: select persistedf0_.Name as Name28_0_, persistedf0_.FeedID as FeedID28_0_ from Feeds persistedf0_ where persistedf0_.Name=? for update
2025-09-02 14:29:58.204 [main] DEBUG org.hibernate.loader.Loader - Static select for entity org.atomhopper.adapter.jpa.PersistedFeed [UPGRADE_NOWAIT]: select persistedf0_.Name as Name28_0_, persistedf0_.FeedID as FeedID28_0_ from Feeds persistedf0_ where persistedf0_.Name=? for update
2025-09-02 14:29:58.204 [main] DEBUG org.hibernate.loader.Loader - Static select for entity org.atomhopper.adapter.jpa.PersistedFeed [FORCE]: select persistedf0_.Name as Name28_0_, persistedf0_.FeedID as FeedID28_0_ from Feeds persistedf0_ where persistedf0_.Name=? for update
2025-09-02 14:29:58.204 [main] DEBUG org.hibernate.loader.Loader - Static select for entity org.atomhopper.adapter.jpa.PersistedFeed [PESSIMISTIC_READ]: select persistedf0_.Name as Name28_0_, persistedf0_.FeedID as FeedID28_0_ from Feeds persistedf0_ where persistedf0_.Name=? for update
2025-09-02 14:29:58.204 [main] DEBUG org.hibernate.loader.Loader - Static select for entity org.atomhopper.adapter.jpa.PersistedFeed [PESSIMISTIC_WRITE]: select persistedf0_.Name as Name28_0_, persistedf0_.FeedID as FeedID28_0_ from Feeds persistedf0_ where persistedf0_.Name=? for update
2025-09-02 14:29:58.204 [main] DEBUG org.hibernate.loader.Loader - Static select for entity org.atomhopper.adapter.jpa.PersistedFeed [PESSIMISTIC_FORCE_INCREMENT]: select persistedf0_.Name as Name28_0_, persistedf0_.FeedID as FeedID28_0_ from Feeds persistedf0_ where persistedf0_.Name=? for update
2025-09-02 14:29:58.204 [main] DEBUG org.hibernate.loader.Loader - Static select for entity org.atomhopper.adapter.jpa.PersistedFeed [OPTIMISTIC]: select persistedf0_.Name as Name28_0_, persistedf0_.FeedID as FeedID28_0_ from Feeds persistedf0_ where persistedf0_.Name=?
2025-09-02 14:29:58.204 [main] DEBUG org.hibernate.loader.Loader - Static select for entity org.atomhopper.adapter.jpa.PersistedFeed [OPTIMISTIC_FORCE_INCREMENT]: select persistedf0_.Name as Name28_0_, persistedf0_.FeedID as FeedID28_0_ from Feeds persistedf0_ where persistedf0_.Name=?
2025-09-02 14:29:58.204 [main] DEBUG org.hibernate.loader.Loader - Static select for action ACTION_MERGE on entity org.atomhopper.adapter.jpa.PersistedFeed: select persistedf0_.Name as Name28_0_, persistedf0_.FeedID as FeedID28_0_ from Feeds persistedf0_ where persistedf0_.Name=?
2025-09-02 14:29:58.204 [main] DEBUG org.hibernate.loader.Loader - Static select for action ACTION_REFRESH on entity org.atomhopper.adapter.jpa.PersistedFeed: select persistedf0_.Name as Name28_0_, persistedf0_.FeedID as FeedID28_0_ from Feeds persistedf0_ where persistedf0_.Name=?
2025-09-02 14:29:58.204 [main] DEBUG o.h.l.c.BasicCollectionLoader - Static select for collection org.atomhopper.adapter.jpa.PersistedCategory.feedEntries: select feedentrie0_.category as category30_1_, feedentrie0_.entryId as entryId1_, persistede1_.EntryID as EntryID29_0_, persistede1_.CreationDate as Creation2_29_0_, persistede1_.DateLastUpdated as DateLast3_29_0_, persistede1_.EntryBody as EntryBody29_0_, persistede1_.Feed as Feed29_0_ from CategoryEntryReferences feedentrie0_ inner join Entries persistede1_ on feedentrie0_.entryId=persistede1_.EntryID where feedentrie0_.category=?
2025-09-02 14:29:58.204 [main] DEBUG o.h.l.c.BasicCollectionLoader - Static select for collection org.atomhopper.adapter.jpa.PersistedEntry.categories: select categories0_.entryId as entryId29_1_, categories0_.category as category1_, persistedc1_.Term as Term30_0_ from CategoryEntryReferences categories0_ inner join Categories persistedc1_ on categories0_.category=persistedc1_.Term where categories0_.entryId=?
2025-09-02 14:29:58.204 [main] DEBUG o.h.l.collection.OneToManyLoader - Static select for one-to-many org.atomhopper.adapter.jpa.PersistedFeed.entries: select entries0_.Feed as Feed28_1_, entries0_.EntryID as EntryID1_, entries0_.EntryID as EntryID29_0_, entries0_.CreationDate as Creation2_29_0_, entries0_.DateLastUpdated as DateLast3_29_0_, entries0_.EntryBody as EntryBody29_0_, entries0_.Feed as Feed29_0_ from Entries entries0_ where entries0_.Feed=?
2025-09-02 14:29:58.204 [main] DEBUG o.h.internal.SessionFactoryRegistry - Registering SessionFactory: 02e627d9-d969-421c-9b9f-b9827b9dea7e (<unnamed>)
2025-09-02 14:29:58.204 [main] DEBUG o.h.internal.SessionFactoryRegistry - Not binding SessionFactory to JNDI, no JNDI name configured
2025-09-02 14:29:58.204 [main] DEBUG o.h.internal.SessionFactoryImpl - Instantiated session factory
2025-09-02 14:29:58.204 [main] INFO  o.h.tool.hbm2ddl.SchemaUpdate - HHH000228: Running hbm2ddl schema update
2025-09-02 14:29:58.204 [main] INFO  o.h.tool.hbm2ddl.SchemaUpdate - HHH000102: Fetching database metadata
2025-09-02 14:29:58.204 [main] ERROR o.h.tool.hbm2ddl.SchemaUpdate - HHH000299: Could not complete schema update
java.lang.UnsupportedOperationException: The application must supply JDBC connections
	at org.hibernate.service.jdbc.connections.internal.UserSuppliedConnectionProviderImpl.getConnection(UserSuppliedConnectionProviderImpl.java:62)
	at org.hibernate.tool.hbm2ddl.SuppliedConnectionProviderConnectionHelper.prepare(SuppliedConnectionProviderConnectionHelper.java:51)
	at org.hibernate.tool.hbm2ddl.SchemaUpdate.execute(SchemaUpdate.java:194)
	at org.hibernate.tool.hbm2ddl.SchemaUpdate.execute(SchemaUpdate.java:178)
	at org.hibernate.internal.SessionFactoryImpl.<init>(SessionFactoryImpl.java:497)
	at org.hibernate.cfg.Configuration.buildSessionFactory(Configuration.java:1744)
	at org.hibernate.cfg.Configuration.buildSessionFactory(Configuration.java:1782)
	at org.atomhopper.hibernate.HibernateSessionManager.buildSessionFactory(HibernateSessionManager.java:29)
	at org.atomhopper.hibernate.HibernateSessionManager.<init>(HibernateSessionManager.java:16)
	at org.atomhopper.hibernate.HibernateFeedRepository.<init>(HibernateFeedRepository.java:36)
	at org.atomhopper.hibernate.HibernateFeedRepositoryTest$WhenPerformingSimpleAction.setup(HibernateFeedRepositoryTest.java:58)
	at sun.reflect.NativeMethodAccessorImpl.invoke0(Native Method)
	at sun.reflect.NativeMethodAccessorImpl.invoke(NativeMethodAccessorImpl.java:62)
	at sun.reflect.DelegatingMethodAccessorImpl.invoke(DelegatingMethodAccessorImpl.java:43)
	at java.lang.reflect.Method.invoke(Method.java:498)
	at org.junit.runners.model.FrameworkMethod$1.runReflectiveCall(FrameworkMethod.java:59)
	at org.junit.internal.runners.model.ReflectiveCallable.run(ReflectiveCallable.java:12)
	at org.junit.runners.model.FrameworkMethod.invokeExplosively(FrameworkMethod.java:56)
	at org.junit.internal.runners.statements.RunBefores.invokeMethod(RunBefores.java:33)
	at org.junit.internal.runners.statements.RunBefores.evaluate(RunBefores.java:24)
	at org.junit.runners.ParentRunner$3.evaluate(ParentRunner.java:306)
	at org.junit.runners.BlockJUnit4ClassRunner$1.evaluate(BlockJUnit4ClassRunner.java:100)
	at org.junit.runners.ParentRunner.runLeaf(ParentRunner.java:366)
	at org.junit.runners.BlockJUnit4ClassRunner.runChild(BlockJUnit4ClassRunner.java:103)
	at org.junit.runners.BlockJUnit4ClassRunner.runChild(BlockJUnit4ClassRunner.java:63)
	at org.junit.runners.ParentRunner$4.run(ParentRunner.java:331)
	at org.junit.runners.ParentRunner$1.schedule(ParentRunner.java:79)
	at org.junit.runners.ParentRunner.runChildren(ParentRunner.java:329)
	at org.junit.runners.ParentRunner.access$100(ParentRunner.java:66)
	at org.junit.runners.ParentRunner$2.evaluate(ParentRunner.java:293)
	at org.junit.runners.ParentRunner$3.evaluate(ParentRunner.java:306)
	at org.junit.runners.ParentRunner.run(ParentRunner.java:413)
	at org.junit.runners.Suite.runChild(Suite.java:128)
	at org.junit.runners.Suite.runChild(Suite.java:27)
	at org.junit.runners.ParentRunner$4.run(ParentRunner.java:331)
	at org.junit.runners.ParentRunner$1.schedule(ParentRunner.java:79)
	at org.junit.runners.ParentRunner.runChildren(ParentRunner.java:329)
	at org.junit.runners.ParentRunner.access$100(ParentRunner.java:66)
	at org.junit.runners.ParentRunner$2.evaluate(ParentRunner.java:293)
	at org.junit.runners.ParentRunner$3.evaluate(ParentRunner.java:306)
	at org.junit.runners.ParentRunner.run(ParentRunner.java:413)
	at org.apache.maven.surefire.junit4.JUnit4TestSet.execute(JUnit4TestSet.java:35)
	at org.apache.maven.surefire.junit4.JUnit4Provider.executeTestSet(JUnit4Provider.java:115)
	at org.apache.maven.surefire.junit4.JUnit4Provider.invoke(JUnit4Provider.java:97)
	at sun.reflect.NativeMethodAccessorImpl.invoke0(Native Method)
	at sun.reflect.NativeMethodAccessorImpl.invoke(NativeMethodAccessorImpl.java:62)
	at sun.reflect.DelegatingMethodAccessorImpl.invoke(DelegatingMethodAccessorImpl.java:43)
	at java.lang.reflect.Method.invoke(Method.java:498)
	at org.apache.maven.surefire.booter.ProviderFactory$ClassLoaderProxy.invoke(ProviderFactory.java:103)
	at com.sun.proxy.$Proxy0.invoke(Unknown Source)
	at org.apache.maven.surefire.booter.SurefireStarter.invokeProvider(SurefireStarter.java:150)
	at org.apache.maven.surefire.booter.SurefireStarter.runSuitesInProcess(SurefireStarter.java:91)
	at org.apache.maven.surefire.booter.ForkedBooter.main(ForkedBooter.java:69)
2025-09-02 14:29:58.205 [main] DEBUG o.h.internal.SessionFactoryImpl - Checking 0 named HQL queries
2025-09-02 14:29:58.205 [main] DEBUG o.h.internal.SessionFactoryImpl - Checking 0 named SQL queries
2025-09-02 14:29:58.205 [main] DEBUG o.h.s.internal.StatisticsInitiator - Statistics initialized [enabled=false]
2025-09-02 14:29:58.206 [main] DEBUG o.a.h.HibernateFeedRepository - ~!$: Simple Action Session begin: 1756803598206
2025-09-02 14:29:58.206 [main] DEBUG org.hibernate.internal.SessionImpl - Opened session at timestamp: 17568035982
2025-09-02 14:29:58.206 [main] DEBUG o.h.e.t.spi.AbstractTransactionImpl - begin
2025-09-02 14:29:58.206 [main] DEBUG o.h.e.j.i.LogicalConnectionImpl - Obtaining JDBC connection
2025-09-02 14:29:58.206 [main] DEBUG o.a.h.HibernateFeedRepository - ~!$: Closing session. Elapsed time: 0
2025-09-02 14:29:58.329 [main] DEBUG org.apache.axiom.om.util.StAXUtils - About to create XMLInputFactory implementation with classloader=sun.misc.Launcher$AppClassLoader@3d4eac69
2025-09-02 14:29:58.329 [main] DEBUG org.apache.axiom.om.util.StAXUtils - The classloader for javax.xml.stream.XMLInputFactory is: null
2025-09-02 14:29:58.334 [main] DEBUG o.a.a.u.s.d.StAXDialectDetector - StAX implementation at jar:file:/Users/srihari.kalthireddy/.m2/repository/org/codehaus/woodstox/wstx-asl/3.2.6/wstx-asl-3.2.6.jar!/ is:
  Title:         WoodSToX XML-processor
  Symbolic name: null
  Vendor:        woodstox.codehaus.org
  Version:       3.2.6
2025-09-02 14:29:58.335 [main] DEBUG o.a.a.u.s.d.StAXDialectDetector - Detected StAX dialect: Woodstox
2025-09-02 14:29:58.335 [main] DEBUG org.apache.axiom.om.util.StAXUtils - Created XMLInputFactory = class org.apache.axiom.util.stax.wrapper.ImmutableXMLInputFactory with classloader=sun.misc.Launcher$AppClassLoader@3d4eac69
2025-09-02 14:29:58.335 [main] DEBUG org.apache.axiom.om.util.StAXUtils - Configuration = ABDERA
2025-09-02 14:29:58.335 [main] DEBUG org.apache.axiom.om.util.StAXUtils - Size of XMLInputFactory map for this configuration = 1
2025-09-02 14:29:58.335 [main] DEBUG org.apache.axiom.om.util.StAXUtils - Configurations for which factories have been cached = [ABDERA]
